[INFO][2026-07-21 01:14:37][appmon-1761033662-main-4dfe916-dirty-4dfe916-M][2136] /usr/sbin/ntpd waiting for kill zombie process [ 2832 ]
[INFO][2026-07-21 01:14:37][appmon-1761033662-main-4dfe916-dirty-4dfe916-M][2136] /usr/sbin/ntpd cleaned zombie process [ 2832 ] — not signal-terminated
[INFO][2026-07-21 01:14:37][appmon-1761033662-main-4dfe916-dirty-4dfe916-M][2136] [ ntpserver : 2884 ][ /usr/sbin/ntpd ] re-spawned!
[INFO][2026-07-21 01:14:38][appmon-1761033662-main-4dfe916-dirty-4dfe916-M][2136] /usr/sbin/ntpd waiting for kill zombie process [ 2884 ]
[INFO][2026-07-21 01:14:38][appmon-1761033662-main-4dfe916-dirty-4dfe916-M][2136] /usr/sbin/ntpd cleaned zombie process [ 2884 ] — not signal-terminated
[INFO][2026-07-21 01:14:38][appmon-1761033662-main-4dfe916-dirty-4dfe916-M][2136] [ ntpserver : 2902 ][ /usr/sbin/ntpd ] re-spawned!
[INFO][2026-07-21 01:14:39][appmon-1761033662-main-4dfe916-dirty-4dfe916-M][2136] /usr/sbin/ntpd waiting for kill zombie process [ 2902 ]
[INFO][2026-07-21 01:14:39][appmon-1761033662-main-4dfe916-dirty-4dfe916-M][2136] /usr/sbin/ntpd cleaned zombie process [ 2902 ] — not signal-terminated
[INFO][2026-07-21 01:14:39][appmon-1761033662-main-4dfe916-dirty-4dfe916-M][2136] [ ntpserver : 2911 ][ /usr/sbin/ntpd ] re-spawned!
[INFO][2026-07-21 01:14:40][appmon-1761033662-main-4dfe916-dirty-4dfe916-M][2136] /usr/sbin/ntpd waiting for kill zombie process [ 2911 ]
[INFO][2026-07-21 01:14:40][appmon-1761033662-main-4dfe916-dirty-4dfe916-M][2136] /usr/sbin/ntpd cleaned zombie process [ 2911 ] — not signal-terminated
[INFO][2026-07-21 01:14:40][appmon-1761033662-main-4dfe916-dirty-4dfe916-M][2136] [ ntpserver : 2918 ][ /usr/sbin/ntpd ] re-spawned!
[INFO][2026-07-21 01:14:40][appmon-1761033662-main-4dfe916-dirty-4dfe916-M][2136] /usr/sbin/ntpd waiting for kill zombie process [ 2918 ]
[INFO][2026-07-21 01:14:40][appmon-1761033662-main-4dfe916-dirty-4dfe916-M][2136] /usr/sbin/ntpd cleaned zombie process [ 2918 ] — not signal-terminated
[INFO][2026-07-21 01:14:41][appmon-1761033662-main-4dfe916-dirty-4dfe916-M][2136] Network activity (eth0) SMDA: -1.00 mbps / -1.00 mbps / -1.00 mbps / -1.00 mbps T: -1.00 mbps
[INFO][2026-07-21 01:14:41][appmon-1761033662-main-4dfe916-dirty-4dfe916-M][2136] Network activity (eth1) SMDA: -1.00 mbps / -1.00 mbps / -1.00 mbps / -1.00 mbps T: -1.00 mbps
[INFO][2026-07-21 01:14:41][appmon-1761033662-main-4dfe916-dirty-4dfe916-M][2136] Disk activity (Total Disk) SMDA: 25.94 mbps / 23.10 mbps / 23.10 mbps / 23.10 mbps T: 23.10 mbps
[INFO][2026-07-21 01:14:41][appmon-1761033662-main-4dfe916-dirty-4dfe916-M][2136] CPU activity (CPU) SMA: -1.00 % / -1.00 % / -1.00 % / -1.00 % T: -1.00 %
[INFO][2026-07-21 01:14:41][appmon-1761033662-main-4dfe916-dirty-4dfe916-M][2136] [ ntpserver : 2928 ][ /usr/sbin/ntpd ] re-spawned!
[INFO][2026-07-21 01:14:41][appmon-1761033662-main-4dfe916-dirty-4dfe916-M][2136] /usr/sbin/ntpd waiting for kill zombie process [ 2928 ]
[INFO][2026-07-21 01:14:41][appmon-1761033662-main-4dfe916-dirty-4dfe916-M][2136] /usr/sbin/ntpd cleaned zombie process [ 2928 ] — not signal-terminated
[INFO][2026-07-21 01:14:42][appmon-1761033662-main-4dfe916-dirty-4dfe916-M][2136] [ ntpserver : 2944 ][ /usr/sbin/ntpd ] re-spawned!
[INFO][2026-07-21 01:14:42][appmon-1761033662-main-4dfe916-dirty-4dfe916-M][2136] /usr/sbin/ntpd waiting for kill zombie process [ 2944 ]
[INFO][2026-07-21 01:14:42][appmon-1761033662-main-4dfe916-dirty-4dfe916-M][2136] /usr/sbin/ntpd cleaned zombie process [ 2944 ] — not signal-terminated
[INFO][2026-07-21 01:14:43][appmon-1761033662-main-4dfe916-dirty-4dfe916-M][2136] [ ntpserver : 2954 ][ /usr/sbin/ntpd ] re-spawned!
[INFO][2026-07-21 01:14:43][appmon-1761033662-main-4dfe916-dirty-4dfe916-M][2136] /usr/sbin/ntpd waiting for kill zombie process [ 2954 ]
[INFO][2026-07-21 01:14:43][appmon-1761033662-main-4dfe916-dirty-4dfe916-M][2136] /usr/sbin/ntpd cleaned zombie process [ 2954 ] — not signal-terminated
[INFO][2026-07-21 01:14:44][appmon-1761033662-main-4dfe916-dirty-4dfe916-M][2136] [ ntpserver : 2964 ][ /usr/sbin/ntpd ] re-spawned!
[INFO][2026-07-21 01:14:44][appmon-1761033662-main-4dfe916-dirty-4dfe916-M][2136] /usr/sbin/ntpd waiting for kill zombie process [ 2964 ]
[INFO][2026-07-21 01:14:44][appmon-1761033662-main-4dfe916-dirty-4dfe916-M][2136] /usr/sbin/ntpd cleaned zombie process [ 2964 ] — not signal-terminated
[INFO][2026-07-21 01:14:45][appmon-1761033662-main-4dfe916-dirty-4dfe916-M][2136] [ ntpserver : 2974 ][ /usr/sbin/ntpd ] re-spawned!
[INFO][2026-07-21 01:14:45][appmon-1761033662-main-4dfe916-dirty-4dfe916-M][2136] /usr/sbin/ntpd waiting for kill zombie process [ 2974 ]
[INFO][2026-07-21 01:14:45][appmon-1761033662-main-4dfe916-dirty-4dfe916-M][2136] /usr/sbin/ntpd cleaned zombie process [ 2974 ] — not signal-terminated
[INFO][2026-07-21 01:14:45][appmon-1761033662-main-4dfe916-dirty-4dfe916-M][2136] [ ntpserver : 2984 ][ /usr/sbin/ntpd ] re-spawned!
[INFO][2026-07-21 01:14:46][appmon-1761033662-main-4dfe916-dirty-4dfe916-M][2136] /usr/sbin/ntpd waiting for kill zombie process [ 2984 ]
[INFO][2026-07-21 01:14:46][appmon-1761033662-main-4dfe916-dirty-4dfe916-M][2136] /usr/sbin/ntpd cleaned zombie process [ 2984 ] — not signal-terminated
[INFO][2026-07-21 01:14:46][appmon-1761033662-main-4dfe916-dirty-4dfe916-M][2136] [ ntpserver : 2994 ][ /usr/sbin/ntpd ] re-spawned!
[INFO][2026-07-21 01:14:47][appmon-1761033662-main-4dfe916-dirty-4dfe916-M][2136] /usr/sbin/ntpd waiting for kill zombie process [ 2994 ]
[INFO][2026-07-21 01:14:47][appmon-1761033662-main-4dfe916-dirty-4dfe916-M][2136] /usr/sbin/ntpd cleaned zombie process [ 2994 ] — not signal-terminated
[INFO][2026-07-21 01:14:47][appmon-1761033662-main-4dfe916-dirty-4dfe916-M][2136] [ ntpserver : 2997 ][ /usr/sbin/ntpd ] re-spawned!
[INFO][2026-07-21 01:14:48][appmon-1761033662-main-4dfe916-dirty-4dfe916-M][2136] /usr/sbin/ntpd waiting for kill zombie process [ 2997 ]
[INFO][2026-07-21 01:14:48][appmon-1761033662-main-4dfe916-dirty-4dfe916-M][2136] /usr/sbin/ntpd cleaned zombie process [ 2997 ] — not signal-terminated
[INFO][2026-07-21 01:14:48][appmon-1761033662-main-4dfe916-dirty-4dfe916-M][2136] [ ntpserver : 3029 ][ /usr/sbin/ntpd ] re-spawned!
[INFO][2026-07-21 01:14:49][appmon-1761033662-main-4dfe916-dirty-4dfe916-M][2136] /usr/sbin/ntpd waiting for kill zombie process [ 3029 ]
[INFO][2026-07-21 01:14:49][appmon-1761033662-main-4dfe916-dirty-4dfe916-M][2136] /usr/sbin/ntpd cleaned zombie process [ 3029 ] — not signal-terminated
[INFO][2026-07-21 01:14:49][appmon-1761033662-main-4dfe916-dirty-4dfe916-M][2136] [ ntpserver : 3039 ][ /usr/sbin/ntpd ] re-spawned!
[INFO][2026-07-21 01:14:49][appmon-1761033662-main-4dfe916-dirty-4dfe916-M][2136] /usr/sbin/ntpd waiting for kill zombie process [ 3039 ]
[INFO][2026-07-21 01:14:49][appmon-1761033662-main-4dfe916-dirty-4dfe916-M][2136] /usr/sbin/ntpd cleaned zombie process [ 3039 ] — not signal-terminated
[INFO][2026-07-21 01:14:50][appmon-1761033662-main-4dfe916-dirty-4dfe916-M][2136] [ ntpserver : 3049 ][ /usr/sbin/ntpd ] re-spawned!
[INFO][2026-07-21 01:14:50][appmon-1761033662-main-4dfe916-dirty-4dfe916-M][2136] /usr/sbin/ntpd waiting for kill zombie process [ 3049 ]
[INFO][2026-07-21 01:14:50][appmon-1761033662-main-4dfe916-dirty-4dfe916-M][2136] /usr/sbin/ntpd cleaned zombie process [ 3049 ] — not signal-terminated
[INFO][2026-07-21 01:14:51][appmon-1761033662-main-4dfe916-dirty-4dfe916-M][2136] [ ntpserver : 3059 ][ /usr/sbin/ntpd ] re-spawned!
[INFO][2026-07-21 01:14:51][appmon-1761033662-main-4dfe916-dirty-4dfe916-M][2136] Network activity (eth0) SMDA: -1.00 mbps / -1.00 mbps / -1.00 mbps / -1.00 mbps T: -1.00 mbps
[INFO][2026-07-21 01:14:51][appmon-1761033662-main-4dfe916-dirty-4dfe916-M][2136] Network activity (eth1) SMDA: -1.00 mbps / -1.00 mbps / -1.00 mbps / -1.00 mbps T: -1.00 mbps
[INFO][2026-07-21 01:14:51][appmon-1761033662-main-4dfe916-dirty-4dfe916-M][2136] Disk activity (Total Disk) SMDA: 21.29 mbps / 26.88 mbps / 26.88 mbps / 26.88 mbps T: 26.88 mbps
[INFO][2026-07-21 01:14:51][appmon-1761033662-main-4dfe916-dirty-4dfe916-M][2136] CPU activity (CPU) SMA: -1.00 % / -1.00 % / -1.00 % / -1.00 % T: -1.00 %
[INFO][2026-07-21 01:14:51][appmon-1761033662-main-4dfe916-dirty-4dfe916-M][2136] /usr/sbin/ntpd waiting for kill zombie process [ 3059 ]
[INFO][2026-07-21 01:14:51][appmon-1761033662-main-4dfe916-dirty-4dfe916-M][2136] /usr/sbin/ntpd cleaned zombie process [ 3059 ] — not signal-terminated
[INFO][2026-07-21 01:14:52][appmon-1761033662-main-4dfe916-dirty-4dfe916-M][2136] [ ntpserver : 3069 ][ /usr/sbin/ntpd ] re-spawned!
[INFO][2026-07-21 01:14:52][appmon-1761033662-main-4dfe916-dirty-4dfe916-M][2136] /usr/sbin/ntpd waiting for kill zombie process [ 3069 ]
[INFO][2026-07-21 01:14:52][appmon-1761033662-main-4dfe916-dirty-4dfe916-M][2136] /usr/sbin/ntpd cleaned zombie process [ 3069 ] — not signal-terminated
[INFO][2026-07-21 01:14:53][appmon-1761033662-main-4dfe916-dirty-4dfe916-M][2136] [ ntpserver : 3079 ][ /usr/sbin/ntpd ] re-spawned!
[INFO][2026-07-21 01:14:53][appmon-1761033662-main-4dfe916-dirty-4dfe916-M][2136] /usr/sbin/ntpd waiting for kill zombie process [ 3079 ]
[INFO][2026-07-21 01:14:53][appmon-1761033662-main-4dfe916-dirty-4dfe916-M][2136] /usr/sbin/ntpd cleaned zombie process [ 3079 ] — not signal-terminated
[INFO][2026-07-21 01:14:54][appmon-1761033662-main-4dfe916-dirty-4dfe916-M][2136] [ ntpserver : 3089 ][ /usr/sbin/ntpd ] re-spawned!
[INFO][2026-07-21 01:14:54][appmon-1761033662-main-4dfe916-dirty-4dfe916-M][2136] /usr/sbin/ntpd waiting for kill zombie process [ 3089 ]
[INFO][2026-07-21 01:14:54][appmon-1761033662-main-4dfe916-dirty-4dfe916-M][2136] /usr/sbin/ntpd cleaned zombie process [ 3089 ] — not signal-terminated
[INFO][2026-07-21 01:14:54][appmon-1761033662-main-4dfe916-dirty-4dfe916-M][2136] [ ntpserver : 3099 ][ /usr/sbin/ntpd ] re-spawned!
[INFO][2026-07-21 01:14:55][appmon-1761033662-main-4dfe916-dirty-4dfe916-M][2136] /usr/sbin/ntpd waiting for kill zombie process [ 3099 ]
[INFO][2026-07-21 01:14:55][appmon-1761033662-main-4dfe916-dirty-4dfe916-M][2136] /usr/sbin/ntpd cleaned zombie process [ 3099 ] — not signal-terminated
[INFO][2026-07-21 01:14:55][appmon-1761033662-main-4dfe916-dirty-4dfe916-M][2136] [ ntpserver : 3102 ][ /usr/sbin/ntpd ] re-spawned!
[INFO][2026-07-21 01:14:56][appmon-1761033662-main-4dfe916-dirty-4dfe916-M][2136] /usr/sbin/ntpd waiting for kill zombie process [ 3102 ]
[INFO][2026-07-21 01:14:56][appmon-1761033662-main-4dfe916-dirty-4dfe916-M][2136] /usr/sbin/ntpd cleaned zombie process [ 3102 ] — not signal-terminated
[INFO][2026-07-21 01:14:56][appmon-1761033662-main-4dfe916-dirty-4dfe916-M][2136] [ ntpserver : 3112 ][ /usr/sbin/ntpd ] re-spawned!
[INFO][2026-07-21 01:14:57][appmon-1761033662-main-4dfe916-dirty-4dfe916-M][2136] /usr/sbin/ntpd waiting for kill zombie process [ 3112 ]
[INFO][2026-07-21 01:14:57][appmon-1761033662-main-4dfe916-dirty-4dfe916-M][2136] /usr/sbin/ntpd cleaned zombie process [ 3112 ] — not signal-terminated
[INFO][2026-07-21 01:14:57][appmon-1761033662-main-4dfe916-dirty-4dfe916-M][2136] [ ntpserver : 3122 ][ /usr/sbin/ntpd ] re-spawned!
[INFO][2026-07-21 01:14:58][appmon-1761033662-main-4dfe916-dirty-4dfe916-M][2136] /usr/sbin/ntpd waiting for kill zombie process [ 3122 ]
[INFO][2026-07-21 01:14:58][appmon-1761033662-main-4dfe916-dirty-4dfe916-M][2136] /usr/sbin/ntpd cleaned zombie process [ 3122 ] — not signal-terminated
[INFO][2026-07-21 01:14:58][appmon-1761033662-main-4dfe916-dirty-4dfe916-M][2136] [ ntpserver : 3132 ][ /usr/sbin/ntpd ] re-spawned!
[INFO][2026-07-21 01:14:58][appmon-1761033662-main-4dfe916-dirty-4dfe916-M][2136] /usr/sbin/ntpd waiting for kill zombie process [ 3132 ]
[INFO][2026-07-21 01:14:58][appmon-1761033662-main-4dfe916-dirty-4dfe916-M][2136] /usr/sbin/ntpd cleaned zombie process [ 3132 ] — not signal-terminated
[INFO][2026-07-21 01:14:59][appmon-1761033662-main-4dfe916-dirty-4dfe916-M][2136] [ ntpserver : 3142 ][ /usr/sbin/ntpd ] re-spawned!
[INFO][2026-07-21 01:14:59][appmon-1761033662-main-4dfe916-dirty-4dfe916-M][2136] /usr/sbin/ntpd waiting for kill zombie process [ 3142 ]
[INFO][2026-07-21 01:14:59][appmon-1761033662-main-4dfe916-dirty-4dfe916-M][2136] /usr/sbin/ntpd cleaned zombie process [ 3142 ] — not signal-terminated
[INFO][2026-07-21 01:15:00][appmon-1761033662-main-4dfe916-dirty-4dfe916-M][2136] [ ntpserver : 3152 ][ /usr/sbin/ntpd ] re-spawned!
[INFO][2026-07-21 01:15:00][appmon-1761033662-main-4dfe916-dirty-4dfe916-M][2136] /usr/sbin/ntpd waiting for kill zombie process [ 3152 ]
[INFO][2026-07-21 01:15:00][appmon-1761033662-main-4dfe916-dirty-4dfe916-M][2136] /usr/sbin/ntpd cleaned zombie process [ 3152 ] — not signal-terminated
[INFO][2026-07-21 01:15:01][appmon-1761033662-main-4dfe916-dirty-4dfe916-M][2136] [ ntpserver : 3162 ][ /usr/sbin/ntpd ] re-spawned!
[INFO][2026-07-21 01:15:01][appmon-1761033662-main-4dfe916-dirty-4dfe916-M][2136] Network activity (eth0) SMDA: -1.00 mbps / -1.00 mbps / -1.00 mbps / -1.00 mbps T: -1.00 mbps
[INFO][2026-07-21 01:15:01][appmon-1761033662-main-4dfe916-dirty-4dfe916-M][2136] Network activity (eth1) SMDA: -1.00 mbps / -1.00 mbps / -1.00 mbps / -1.00 mbps T: -1.00 mbps
[INFO][2026-07-21 01:15:01][appmon-1761033662-main-4dfe916-dirty-4dfe916-M][2136] Disk activity (Total Disk) SMDA: 20.64 mbps / 25.61 mbps / 24.79 mbps / 24.79 mbps T: 24.79 mbps
[INFO][2026-07-21 01:15:01][appmon-1761033662-main-4dfe916-dirty-4dfe916-M][2136] CPU activity (CPU) SMA: -1.00 % / -1.00 % / -1.00 % / -1.00 % T: -1.00 %
[INFO][2026-07-21 01:15:01][appmon-1761033662-main-4dfe916-dirty-4dfe916-M][2136] /usr/sbin/ntpd waiting for kill zombie process [ 3162 ]
[INFO][2026-07-21 01:15:01][appmon-1761033662-main-4dfe916-dirty-4dfe916-M][2136] /usr/sbin/ntpd cleaned zombie process [ 3162 ] — not signal-terminated
[INFO][2026-07-21 01:15:02][appmon-1761033662-main-4dfe916-dirty-4dfe916-M][2136] [ ntpserver : 3181 ][ /usr/sbin/ntpd ] re-spawned!
[INFO][2026-07-21 01:15:02][appmon-1761033662-main-4dfe916-dirty-4dfe916-M][2136] /usr/sbin/ntpd waiting for kill zombie process [ 3181 ]
[INFO][2026-07-21 01:15:02][appmon-1761033662-main-4dfe916-dirty-4dfe916-M][2136] /usr/sbin/ntpd cleaned zombie process [ 3181 ] — not signal-terminated
[INFO][2026-07-21 01:15:03][appmon-1761033662-main-4dfe916-dirty-4dfe916-M][2136] [ ntpserver : 3190 ][ /usr/sbin/ntpd ] re-spawned!
[INFO][2026-07-21 01:15:03][appmon-1761033662-main-4dfe916-dirty-4dfe916-M][2136] /usr/sbin/ntpd waiting for kill zombie process [ 3190 ]
[INFO][2026-07-21 01:15:03][appmon-1761033662-main-4dfe916-dirty-4dfe916-M][2136] /usr/sbin/ntpd cleaned zombie process [ 3190 ] — not signal-terminated
[INFO][2026-07-21 01:15:03][appmon-1761033662-main-4dfe916-dirty-4dfe916-M][2136] [ ntpserver : 3194 ][ /usr/sbin/ntpd ] re-spawned!
[INFO][2026-07-21 01:15:04][appmon-1761033662-main-4dfe916-dirty-4dfe916-M][2136] /usr/sbin/ntpd waiting for kill zombie process [ 3194 ]
[INFO][2026-07-21 01:15:04][appmon-1761033662-main-4dfe916-dirty-4dfe916-M][2136] /usr/sbin/ntpd cleaned zombie process [ 3194 ] — not signal-terminated
[INFO][2026-07-21 01:15:04][appmon-1761033662-main-4dfe916-dirty-4dfe916-M][2136] [ ntpserver : 3204 ][ /usr/sbin/ntpd ] re-spawned!
[INFO][2026-07-21 01:15:05][appmon-1761033662-main-4dfe916-dirty-4dfe916-M][2136] /usr/sbin/ntpd waiting for kill zombie process [ 3204 ]
[INFO][2026-07-21 01:15:05][appmon-1761033662-main-4dfe916-dirty-4dfe916-M][2136] /usr/sbin/ntpd cleaned zombie process [ 3204 ] — not signal-terminated
[INFO][2026-07-21 01:15:05][appmon-1761033662-main-4dfe916-dirty-4dfe916-M][2136] [ ntpserver : 3214 ][ /usr/sbin/ntpd ] re-spawned!
[INFO][2026-07-21 01:15:06][appmon-1761033662-main-4dfe916-dirty-4dfe916-M][2136] /usr/sbin/ntpd waiting for kill zombie process [ 3214 ]
[INFO][2026-07-21 01:15:06][appmon-1761033662-main-4dfe916-dirty-4dfe916-M][2136] /usr/sbin/ntpd cleaned zombie process [ 3214 ] — not signal-terminated
[INFO][2026-07-21 01:15:06][appmon-1761033662-main-4dfe916-dirty-4dfe916-M][2136] [ ntpserver : 3224 ][ /usr/sbin/ntpd ] re-spawned!
[INFO][2026-07-21 01:15:07][appmon-1761033662-main-4dfe916-dirty-4dfe916-M][2136] /usr/sbin/ntpd waiting for kill zombie process [ 3224 ]
[INFO][2026-07-21 01:15:07][appmon-1761033662-main-4dfe916-dirty-4dfe916-M][2136] /usr/sbin/ntpd cleaned zombie process [ 3224 ] — not signal-terminated
[INFO][2026-07-21 01:15:07][appmon-1761033662-main-4dfe916-dirty-4dfe916-M][2136] [ ntpserver : 3234 ][ /usr/sbin/ntpd ] re-spawned!
[INFO][2026-07-21 01:15:07][appmon-1761033662-main-4dfe916-dirty-4dfe916-M][2136] /usr/sbin/ntpd waiting for kill zombie process [ 3234 ]
[INFO][2026-07-21 01:15:07][appmon-1761033662-main-4dfe916-dirty-4dfe916-M][2136] /usr/sbin/ntpd cleaned zombie process [ 3234 ] — not signal-terminated
[INFO][2026-07-21 01:15:08][appmon-1761033662-main-4dfe916-dirty-4dfe916-M][2136] [ ntpserver : 3244 ][ /usr/sbin/ntpd ] re-spawned!
[INFO][2026-07-21 01:15:08][appmon-1761033662-main-4dfe916-dirty-4dfe916-M][2136] /usr/sbin/ntpd waiting for kill zombie process [ 3244 ]
[INFO][2026-07-21 01:15:08][appmon-1761033662-main-4dfe916-dirty-4dfe916-M][2136] /usr/sbin/ntpd cleaned zombie process [ 3244 ] — not signal-terminated
[INFO][2026-07-21 01:15:09][appmon-1761033662-main-4dfe916-dirty-4dfe916-M][2136] [ ntpserver : 3254 ][ /usr/sbin/ntpd ] re-spawned!
[INFO][2026-07-21 01:15:09][appmon-1761033662-main-4dfe916-dirty-4dfe916-M][2136] /usr/sbin/ntpd waiting for kill zombie process [ 3254 ]
[INFO][2026-07-21 01:15:09][appmon-1761033662-main-4dfe916-dirty-4dfe916-M][2136] /usr/sbin/ntpd cleaned zombie process [ 3254 ] — not signal-terminated
[INFO][2026-07-21 01:15:10][appmon-1761033662-main-4dfe916-dirty-4dfe916-M][2136] [ ntpserver : 3264 ][ /usr/sbin/ntpd ] re-spawned!
[INFO][2026-07-21 01:15:10][appmon-1761033662-main-4dfe916-dirty-4dfe916-M][2136] /usr/sbin/ntpd waiting for kill zombie process [ 3264 ]
[INFO][2026-07-21 01:15:10][appmon-1761033662-main-4dfe916-dirty-4dfe916-M][2136] /usr/sbin/ntpd cleaned zombie process [ 3264 ] — not signal-terminated
[INFO][2026-07-21 01:15:11][appmon-1761033662-main-4dfe916-dirty-4dfe916-M][2136] [ ntpserver : 3267 ][ /usr/sbin/ntpd ] re-spawned!
[INFO][2026-07-21 01:15:11][appmon-1761033662-main-4dfe916-dirty-4dfe916-M][2136] Network activity (eth0) SMDA: -1.00 mbps / -1.00 mbps / -1.00 mbps / -1.00 mbps T: -1.00 mbps
[INFO][2026-07-21 01:15:11][appmon-1761033662-main-4dfe916-dirty-4dfe916-M][2136] Network activity (eth1) SMDA: -1.00 mbps / -1.00 mbps / -1.00 mbps / -1.00 mbps T: -1.00 mbps
[INFO][2026-07-21 01:15:11][appmon-1761033662-main-4dfe916-dirty-4dfe916-M][2136] Disk activity (Total Disk) SMDA: 20.66 mbps / 21.41 mbps / 24.12 mbps / 24.12 mbps T: 24.12 mbps
[INFO][2026-07-21 01:15:11][appmon-1761033662-main-4dfe916-dirty-4dfe916-M][2136] CPU activity (CPU) SMA: -1.00 % / -1.00 % / -1.00 % / -1.00 % T: -1.00 %
[INFO][2026-07-21 01:15:11][appmon-1761033662-main-4dfe916-dirty-4dfe916-M][2136] /usr/sbin/ntpd waiting for kill zombie process [ 3267 ]
[INFO][2026-07-21 01:15:11][appmon-1761033662-main-4dfe916-dirty-4dfe916-M][2136] /usr/sbin/ntpd cleaned zombie process [ 3267 ] — not signal-terminated
[INFO][2026-07-21 01:15:12][appmon-1761033662-main-4dfe916-dirty-4dfe916-M][2136] [ ntpserver : 3277 ][ /usr/sbin/ntpd ] re-spawned!
[INFO][2026-07-21 01:15:12][appmon-1761033662-main-4dfe916-dirty-4dfe916-M][2136] /usr/sbin/ntpd waiting for kill zombie process [ 3277 ]
[INFO][2026-07-21 01:15:12][appmon-1761033662-main-4dfe916-dirty-4dfe916-M][2136] /usr/sbin/ntpd cleaned zombie process [ 3277 ] — not signal-terminated
[INFO][2026-07-21 01:15:12][appmon-1761033662-main-4dfe916-dirty-4dfe916-M][2136] [ ntpserver : 3287 ][ /usr/sbin/ntpd ] re-spawned!
[INFO][2026-07-21 01:15:13][appmon-1761033662-main-4dfe916-dirty-4dfe916-M][2136] /usr/sbin/ntpd waiting for kill zombie process [ 3287 ]
[INFO][2026-07-21 01:15:13][appmon-1761033662-main-4dfe916-dirty-4dfe916-M][2136] /usr/sbin/ntpd cleaned zombie process [ 3287 ] — not signal-terminated
[INFO][2026-07-21 01:15:13][appmon-1761033662-main-4dfe916-dirty-4dfe916-M][2136] [ ntpserver : 3297 ][ /usr/sbin/ntpd ] re-spawned!
[INFO][2026-07-21 01:15:14][appmon-1761033662-main-4dfe916-dirty-4dfe916-M][2136] /usr/sbin/ntpd waiting for kill zombie process [ 3297 ]
[INFO][2026-07-21 01:15:14][appmon-1761033662-main-4dfe916-dirty-4dfe916-M][2136] /usr/sbin/ntpd cleaned zombie process [ 3297 ] — not signal-terminated
[INFO][2026-07-21 01:15:14][appmon-1761033662-main-4dfe916-dirty-4dfe916-M][2136] [ ntpserver : 3307 ][ /usr/sbin/ntpd ] re-spawned!
[INFO][2026-07-21 01:15:15][appmon-1761033662-main-4dfe916-dirty-4dfe916-M][2136] /usr/sbin/ntpd waiting for kill zombie process [ 3307 ]
[INFO][2026-07-21 01:15:15][appmon-1761033662-main-4dfe916-dirty-4dfe916-M][2136] /usr/sbin/ntpd cleaned zombie process [ 3307 ] — not signal-terminated
[INFO][2026-07-21 01:15:15][appmon-1761033662-main-4dfe916-dirty-4dfe916-M][2136] [ ntpserver : 3317 ][ /usr/sbin/ntpd ] re-spawned!
[INFO][2026-07-21 01:15:16][appmon-1761033662-main-4dfe916-dirty-4dfe916-M][2136] /usr/sbin/ntpd waiting for kill zombie process [ 3317 ]
[INFO][2026-07-21 01:15:16][appmon-1761033662-main-4dfe916-dirty-4dfe916-M][2136] /usr/sbin/ntpd cleaned zombie process [ 3317 ] — not signal-terminated
[INFO][2026-07-21 01:15:16][appmon-1761033662-main-4dfe916-dirty-4dfe916-M][2136] [ ntpserver : 3327 ][ /usr/sbin/ntpd ] re-spawned!
[INFO][2026-07-21 01:15:16][appmon-1761033662-main-4dfe916-dirty-4dfe916-M][2136] /usr/sbin/ntpd waiting for kill zombie process [ 3327 ]
[INFO][2026-07-21 01:15:16][appmon-1761033662-main-4dfe916-dirty-4dfe916-M][2136] /usr/sbin/ntpd cleaned zombie process [ 3327 ] — not signal-terminated
[INFO][2026-07-21 01:15:17][appmon-1761033662-main-4dfe916-dirty-4dfe916-M][2136] [ ntpserver : 3337 ][ /usr/sbin/ntpd ] re-spawned!
[INFO][2026-07-21 01:15:17][appmon-1761033662-main-4dfe916-dirty-4dfe916-M][2136] /usr/sbin/ntpd waiting for kill zombie process [ 3337 ]
[INFO][2026-07-21 01:15:17][appmon-1761033662-main-4dfe916-dirty-4dfe916-M][2136] /usr/sbin/ntpd cleaned zombie process [ 3337 ] — not signal-terminated
[INFO][2026-07-21 01:15:18][appmon-1761033662-main-4dfe916-dirty-4dfe916-M][2136] [ ntpserver : 3369 ][ /usr/sbin/ntpd ] re-spawned!
[INFO][2026-07-21 01:15:18][appmon-1761033662-main-4dfe916-dirty-4dfe916-M][2136] /usr/sbin/ntpd waiting for kill zombie process [ 3369 ]
[INFO][2026-07-21 01:15:18][appmon-1761033662-main-4dfe916-dirty-4dfe916-M][2136] /usr/sbin/ntpd cleaned zombie process [ 3369 ] — not signal-terminated
[INFO][2026-07-21 01:15:19][appmon-1761033662-main-4dfe916-dirty-4dfe916-M][2136] [ ntpserver : 3372 ][ /usr/sbin/ntpd ] re-spawned!
[INFO][2026-07-21 01:15:19][appmon-1761033662-main-4dfe916-dirty-4dfe916-M][2136] /usr/sbin/ntpd waiting for kill zombie process [ 3372 ]
[INFO][2026-07-21 01:15:19][appmon-1761033662-main-4dfe916-dirty-4dfe916-M][2136] /usr/sbin/ntpd cleaned zombie process [ 3372 ] — not signal-terminated
[INFO][2026-07-21 01:15:20][appmon-1761033662-main-4dfe916-dirty-4dfe916-M][2136] [ ntpserver : 3382 ][ /usr/sbin/ntpd ] re-spawned!
[INFO][2026-07-21 01:15:20][appmon-1761033662-main-4dfe916-dirty-4dfe916-M][2136] /usr/sbin/ntpd waiting for kill zombie process [ 3382 ]
[INFO][2026-07-21 01:15:20][appmon-1761033662-main-4dfe916-dirty-4dfe916-M][2136] /usr/sbin/ntpd cleaned zombie process [ 3382 ] — not signal-terminated
[INFO][2026-07-21 01:15:21][appmon-1761033662-main-4dfe916-dirty-4dfe916-M][2136] [ ntpserver : 3392 ][ /usr/sbin/ntpd ] re-spawned!
[INFO][2026-07-21 01:15:21][appmon-1761033662-main-4dfe916-dirty-4dfe916-M][2136] Network activity (eth0) SMDA: -1.00 mbps / -1.00 mbps / -1.00 mbps / -1.00 mbps T: -1.00 mbps
[INFO][2026-07-21 01:15:21][appmon-1761033662-main-4dfe916-dirty-4dfe916-M][2136] Network activity (eth1) SMDA: -1.00 mbps / -1.00 mbps / -1.00 mbps / -1.00 mbps T: -1.00 mbps
[INFO][2026-07-21 01:15:21][appmon-1761033662-main-4dfe916-dirty-4dfe916-M][2136] Disk activity (Total Disk) SMDA: 20.49 mbps / 21.33 mbps / 23.39 mbps / 23.39 mbps T: 23.39 mbps
[INFO][2026-07-21 01:15:21][appmon-1761033662-main-4dfe916-dirty-4dfe916-M][2136] CPU activity (CPU) SMA: -1.00 % / -1.00 % / -1.00 % / -1.00 % T: -1.00 %
[INFO][2026-07-21 01:15:21][appmon-1761033662-main-4dfe916-dirty-4dfe916-M][2136] /usr/sbin/ntpd waiting for kill zombie process [ 3392 ]
[INFO][2026-07-21 01:15:21][appmon-1761033662-main-4dfe916-dirty-4dfe916-M][2136] /usr/sbin/ntpd cleaned zombie process [ 3392 ] — not signal-terminated
[INFO][2026-07-21 01:15:22][appmon-1761033662-main-4dfe916-dirty-4dfe916-M][2136] [ ntpserver : 3402 ][ /usr/sbin/ntpd ] re-spawned!
[INFO][2026-07-21 01:15:22][appmon-1761033662-main-4dfe916-dirty-4dfe916-M][2136] /usr/sbin/ntpd waiting for kill zombie process [ 3402 ]
[INFO][2026-07-21 01:15:22][appmon-1761033662-main-4dfe916-dirty-4dfe916-M][2136] /usr/sbin/ntpd cleaned zombie process [ 3402 ] — not signal-terminated
[INFO][2026-07-21 01:15:22][appmon-1761033662-main-4dfe916-dirty-4dfe916-M][2136] [ ntpserver : 3412 ][ /usr/sbin/ntpd ] re-spawned!
[INFO][2026-07-21 01:15:23][appmon-1761033662-main-4dfe916-dirty-4dfe916-M][2136] /usr/sbin/ntpd waiting for kill zombie process [ 3412 ]
[INFO][2026-07-21 01:15:23][appmon-1761033662-main-4dfe916-dirty-4dfe916-M][2136] /usr/sbin/ntpd cleaned zombie process [ 3412 ] — not signal-terminated
[INFO][2026-07-21 01:15:23][appmon-1761033662-main-4dfe916-dirty-4dfe916-M][2136] [ ntpserver : 3422 ][ /usr/sbin/ntpd ] re-spawned!
[INFO][2026-07-21 01:15:24][appmon-1761033662-main-4dfe916-dirty-4dfe916-M][2136] /usr/sbin/ntpd waiting for kill zombie process [ 3422 ]
[INFO][2026-07-21 01:15:24][appmon-1761033662-main-4dfe916-dirty-4dfe916-M][2136] /usr/sbin/ntpd cleaned zombie process [ 3422 ] — not signal-terminated
[INFO][2026-07-21 01:15:24][appmon-1761033662-main-4dfe916-dirty-4dfe916-M][2136] [ ntpserver : 3432 ][ /usr/sbin/ntpd ] re-spawned!
[INFO][2026-07-21 01:15:25][appmon-1761033662-main-4dfe916-dirty-4dfe916-M][2136] /usr/sbin/ntpd waiting for kill zombie process [ 3432 ]
[INFO][2026-07-21 01:15:25][appmon-1761033662-main-4dfe916-dirty-4dfe916-M][2136] /usr/sbin/ntpd cleaned zombie process [ 3432 ] — not signal-terminated
[INFO][2026-07-21 01:15:25][appmon-1761033662-main-4dfe916-dirty-4dfe916-M][2136] [ ntpserver : 3442 ][ /usr/sbin/ntpd ] re-spawned!
[INFO][2026-07-21 01:15:26][appmon-1761033662-main-4dfe916-dirty-4dfe916-M][2136] /usr/sbin/ntpd waiting for kill zombie process [ 3442 ]
[INFO][2026-07-21 01:15:26][appmon-1761033662-main-4dfe916-dirty-4dfe916-M][2136] /usr/sbin/ntpd cleaned zombie process [ 3442 ] — not signal-terminated
[INFO][2026-07-21 01:15:26][appmon-1761033662-main-4dfe916-dirty-4dfe916-M][2136] [ ntpserver : 3452 ][ /usr/sbin/ntpd ] re-spawned!
[INFO][2026-07-21 01:15:26][appmon-1761033662-main-4dfe916-dirty-4dfe916-M][2136] /usr/sbin/ntpd waiting for kill zombie process [ 3452 ]
[INFO][2026-07-21 01:15:26][appmon-1761033662-main-4dfe916-dirty-4dfe916-M][2136] /usr/sbin/ntpd cleaned zombie process [ 3452 ] — not signal-terminated
[INFO][2026-07-21 01:15:27][appmon-1761033662-main-4dfe916-dirty-4dfe916-M][2136] [ ntpserver : 3455 ][ /usr/sbin/ntpd ] re-spawned!
[INFO][2026-07-21 01:15:27][appmon-1761033662-main-4dfe916-dirty-4dfe916-M][2136] /usr/sbin/ntpd waiting for kill zombie process [ 3455 ]
[INFO][2026-07-21 01:15:27][appmon-1761033662-main-4dfe916-dirty-4dfe916-M][2136] /usr/sbin/ntpd cleaned zombie process [ 3455 ] — not signal-terminated
[INFO][2026-07-21 01:15:28][appmon-1761033662-main-4dfe916-dirty-4dfe916-M][2136] [ ntpserver : 3465 ][ /usr/sbin/ntpd ] re-spawned!
[INFO][2026-07-21 01:15:28][appmon-1761033662-main-4dfe916-dirty-4dfe916-M][2136] /usr/sbin/ntpd waiting for kill zombie process [ 3465 ]
[INFO][2026-07-21 01:15:28][appmon-1761033662-main-4dfe916-dirty-4dfe916-M][2136] /usr/sbin/ntpd cleaned zombie process [ 3465 ] — not signal-terminated
[INFO][2026-07-21 01:15:29][appmon-1761033662-main-4dfe916-dirty-4dfe916-M][2136] [ ntpserver : 3475 ][ /usr/sbin/ntpd ] re-spawned!
[INFO][2026-07-21 01:15:29][appmon-1761033662-main-4dfe916-dirty-4dfe916-M][2136] /usr/sbin/ntpd waiting for kill zombie process [ 3475 ]
[INFO][2026-07-21 01:15:29][appmon-1761033662-main-4dfe916-dirty-4dfe916-M][2136] /usr/sbin/ntpd cleaned zombie process [ 3475 ] — not signal-terminated
[INFO][2026-07-21 01:15:30][appmon-1761033662-main-4dfe916-dirty-4dfe916-M][2136] [ ntpserver : 3485 ][ /usr/sbin/ntpd ] re-spawned!
[INFO][2026-07-21 01:15:30][appmon-1761033662-main-4dfe916-dirty-4dfe916-M][2136] /usr/sbin/ntpd waiting for kill zombie process [ 3485 ]
[INFO][2026-07-21 01:15:30][appmon-1761033662-main-4dfe916-dirty-4dfe916-M][2136] /usr/sbin/ntpd cleaned zombie process [ 3485 ] — not signal-terminated
[INFO][2026-07-21 01:15:31][appmon-1761033662-main-4dfe916-dirty-4dfe916-M][2136] [ ntpserver : 3495 ][ /usr/sbin/ntpd ] re-spawned!
[INFO][2026-07-21 01:15:31][appmon-1761033662-main-4dfe916-dirty-4dfe916-M][2136] Network activity (eth0) SMDA: -1.00 mbps / -1.00 mbps / -1.00 mbps / -1.00 mbps T: -1.00 mbps
[INFO][2026-07-21 01:15:31][appmon-1761033662-main-4dfe916-dirty-4dfe916-M][2136] Network activity (eth1) SMDA: -1.00 mbps / -1.00 mbps / -1.00 mbps / -1.00 mbps T: -1.00 mbps
[INFO][2026-07-21 01:15:31][appmon-1761033662-main-4dfe916-dirty-4dfe916-M][2136] Disk activity (Total Disk) SMDA: 21.40 mbps / 23.28 mbps / 23.84 mbps / 23.84 mbps T: 23.84 mbps
[INFO][2026-07-21 01:15:31][appmon-1761033662-main-4dfe916-dirty-4dfe916-M][2136] CPU activity (CPU) SMA: -1.00 % / -1.00 % / -1.00 % / -1.00 % T: -1.00 %
[INFO][2026-07-21 01:15:31][appmon-1761033662-main-4dfe916-dirty-4dfe916-M][2136] /usr/sbin/ntpd waiting for kill zombie process [ 3495 ]
[INFO][2026-07-21 01:15:31][appmon-1761033662-main-4dfe916-dirty-4dfe916-M][2136] /usr/sbin/ntpd cleaned zombie process [ 3495 ] — not signal-terminated
[INFO][2026-07-21 01:15:31][appmon-1761033662-main-4dfe916-dirty-4dfe916-M][2136] [ ntpserver : 3505 ][ /usr/sbin/ntpd ] re-spawned!
[INFO][2026-07-21 01:15:32][appmon-1761033662-main-4dfe916-dirty-4dfe916-M][2136] /usr/sbin/ntpd waiting for kill zombie process [ 3505 ]
[INFO][2026-07-21 01:15:32][appmon-1761033662-main-4dfe916-dirty-4dfe916-M][2136] /usr/sbin/ntpd cleaned zombie process [ 3505 ] — not signal-terminated
[INFO][2026-07-21 01:15:32][appmon-1761033662-main-4dfe916-dirty-4dfe916-M][2136] [ ntpserver : 3515 ][ /usr/sbin/ntpd ] re-spawned!
[INFO][2026-07-21 01:15:33][appmon-1761033662-main-4dfe916-dirty-4dfe916-M][2136] /usr/sbin/ntpd waiting for kill zombie process [ 3515 ]
[INFO][2026-07-21 01:15:33][appmon-1761033662-main-4dfe916-dirty-4dfe916-M][2136] /usr/sbin/ntpd cleaned zombie process [ 3515 ] — not signal-terminated
[INFO][2026-07-21 01:15:33][appmon-1761033662-main-4dfe916-dirty-4dfe916-M][2136] [ ntpserver : 3525 ][ /usr/sbin/ntpd ] re-spawned!
[INFO][2026-07-21 01:15:34][appmon-1761033662-main-4dfe916-dirty-4dfe916-M][2136] /usr/sbin/ntpd waiting for kill zombie process [ 3525 ]
[INFO][2026-07-21 01:15:34][appmon-1761033662-main-4dfe916-dirty-4dfe916-M][2136] /usr/sbin/ntpd cleaned zombie process [ 3525 ] — not signal-terminated
[INFO][2026-07-21 01:15:34][appmon-1761033662-main-4dfe916-dirty-4dfe916-M][2136] [ ntpserver : 3528 ][ /usr/sbin/ntpd ] re-spawned!
[INFO][2026-07-21 01:15:35][appmon-1761033662-main-4dfe916-dirty-4dfe916-M][2136] /usr/sbin/ntpd waiting for kill zombie process [ 3528 ]
[INFO][2026-07-21 01:15:35][appmon-1761033662-main-4dfe916-dirty-4dfe916-M][2136] /usr/sbin/ntpd cleaned zombie process [ 3528 ] — not signal-terminated
[INFO][2026-07-21 01:15:35][appmon-1761033662-main-4dfe916-dirty-4dfe916-M][2136] [ ntpserver : 3538 ][ /usr/sbin/ntpd ] re-spawned!
[INFO][2026-07-21 01:15:35][appmon-1761033662-main-4dfe916-dirty-4dfe916-M][2136] /usr/sbin/ntpd waiting for kill zombie process [ 3538 ]
[INFO][2026-07-21 01:15:35][appmon-1761033662-main-4dfe916-dirty-4dfe916-M][2136] /usr/sbin/ntpd cleaned zombie process [ 3538 ] — not signal-terminated
[INFO][2026-07-21 01:15:36][appmon-1761033662-main-4dfe916-dirty-4dfe916-M][2136] [ ntpserver : 3548 ][ /usr/sbin/ntpd ] re-spawned!
[INFO][2026-07-21 01:15:36][appmon-1761033662-main-4dfe916-dirty-4dfe916-M][2136] /usr/sbin/ntpd waiting for kill zombie process [ 3548 ]
[INFO][2026-07-21 01:15:36][appmon-1761033662-main-4dfe916-dirty-4dfe916-M][2136] /usr/sbin/ntpd cleaned zombie process [ 3548 ] — not signal-terminated
[INFO][2026-07-21 01:15:37][appmon-1761033662-main-4dfe916-dirty-4dfe916-M][2136] [ ntpserver : 3558 ][ /usr/sbin/ntpd ] re-spawned!
[INFO][2026-07-21 01:15:37][appmon-1761033662-main-4dfe916-dirty-4dfe916-M][2136] /usr/sbin/ntpd waiting for kill zombie process [ 3558 ]
[INFO][2026-07-21 01:15:37][appmon-1761033662-main-4dfe916-dirty-4dfe916-M][2136] /usr/sbin/ntpd cleaned zombie process [ 3558 ] — not signal-terminated
[INFO][2026-07-21 01:15:38][appmon-1761033662-main-4dfe916-dirty-4dfe916-M][2136] [ ntpserver : 3568 ][ /usr/sbin/ntpd ] re-spawned!
[INFO][2026-07-21 01:15:38][appmon-1761033662-main-4dfe916-dirty-4dfe916-M][2136] /usr/sbin/ntpd waiting for kill zombie process [ 3568 ]
[INFO][2026-07-21 01:15:38][appmon-1761033662-main-4dfe916-dirty-4dfe916-M][2136] /usr/sbin/ntpd cleaned zombie process [ 3568 ] — not signal-terminated
[INFO][2026-07-21 01:15:39][appmon-1761033662-main-4dfe916-dirty-4dfe916-M][2136] [ ntpserver : 3578 ][ /usr/sbin/ntpd ] re-spawned!
[INFO][2026-07-21 01:15:39][appmon-1761033662-main-4dfe916-dirty-4dfe916-M][2136] /usr/sbin/ntpd waiting for kill zombie process [ 3578 ]
[INFO][2026-07-21 01:15:39][appmon-1761033662-main-4dfe916-dirty-4dfe916-M][2136] /usr/sbin/ntpd cleaned zombie process [ 3578 ] — not signal-terminated
[INFO][2026-07-21 01:15:40][appmon-1761033662-main-4dfe916-dirty-4dfe916-M][2136] [ ntpserver : 3588 ][ /usr/sbin/ntpd ] re-spawned!
[INFO][2026-07-21 01:15:40][appmon-1761033662-main-4dfe916-dirty-4dfe916-M][2136] /usr/sbin/ntpd waiting for kill zombie process [ 3588 ]
[INFO][2026-07-21 01:15:40][appmon-1761033662-main-4dfe916-dirty-4dfe916-M][2136] /usr/sbin/ntpd cleaned zombie process [ 3588 ] — not signal-terminated
[INFO][2026-07-21 01:15:40][appmon-1761033662-main-4dfe916-dirty-4dfe916-M][2136] [ ntpserver : 3598 ][ /usr/sbin/ntpd ] re-spawned!
[INFO][2026-07-21 01:15:41][appmon-1761033662-main-4dfe916-dirty-4dfe916-M][2136] /usr/sbin/ntpd waiting for kill zombie process [ 3598 ]
[INFO][2026-07-21 01:15:41][appmon-1761033662-main-4dfe916-dirty-4dfe916-M][2136] /usr/sbin/ntpd cleaned zombie process [ 3598 ] — not signal-terminated
[INFO][2026-07-21 01:15:41][appmon-1761033662-main-4dfe916-dirty-4dfe916-M][2136] Network activity (eth0) SMDA: -1.00 mbps / -1.00 mbps / -1.00 mbps / -1.00 mbps T: -1.00 mbps
[INFO][2026-07-21 01:15:41][appmon-1761033662-main-4dfe916-dirty-4dfe916-M][2136] Network activity (eth1) SMDA: -1.00 mbps / -1.00 mbps / -1.00 mbps / -1.00 mbps T: -1.00 mbps
[INFO][2026-07-21 01:15:41][appmon-1761033662-main-4dfe916-dirty-4dfe916-M][2136] Disk activity (Total Disk) SMDA: 20.99 mbps / 23.38 mbps / 23.44 mbps / 23.39 mbps T: 23.39 mbps
[INFO][2026-07-21 01:15:41][appmon-1761033662-main-4dfe916-dirty-4dfe916-M][2136] CPU activity (CPU) SMA: -1.00 % / -1.00 % / -1.00 % / -1.00 % T: -1.00 %
[INFO][2026-07-21 01:15:41][appmon-1761033662-main-4dfe916-dirty-4dfe916-M][2136] [ ntpserver : 3687 ][ /usr/sbin/ntpd ] re-spawned!
[INFO][2026-07-21 01:15:42][appmon-1761033662-main-4dfe916-dirty-4dfe916-M][2136] /usr/sbin/ntpd waiting for kill zombie process [ 3687 ]
[INFO][2026-07-21 01:15:42][appmon-1761033662-main-4dfe916-dirty-4dfe916-M][2136] /usr/sbin/ntpd cleaned zombie process [ 3687 ] — not signal-terminated
[INFO][2026-07-21 01:15:42][appmon-1761033662-main-4dfe916-dirty-4dfe916-M][2136] [ ntpserver : 3769 ][ /usr/sbin/ntpd ] re-spawned!
[INFO][2026-07-21 01:15:43][appmon-1761033662-main-4dfe916-dirty-4dfe916-M][2136] /usr/sbin/ntpd waiting for kill zombie process [ 3769 ]
[INFO][2026-07-21 01:15:43][appmon-1761033662-main-4dfe916-dirty-4dfe916-M][2136] /usr/sbin/ntpd cleaned zombie process [ 3769 ] — not signal-terminated
[INFO][2026-07-21 01:15:43][appmon-1761033662-main-4dfe916-dirty-4dfe916-M][2136] [ ntpserver : 3779 ][ /usr/sbin/ntpd ] re-spawned!
[INFO][2026-07-21 01:15:44][appmon-1761033662-main-4dfe916-dirty-4dfe916-M][2136] /usr/sbin/ntpd waiting for kill zombie process [ 3779 ]
[INFO][2026-07-21 01:15:44][appmon-1761033662-main-4dfe916-dirty-4dfe916-M][2136] /usr/sbin/ntpd cleaned zombie process [ 3779 ] — not signal-terminated
[INFO][2026-07-21 01:15:44][appmon-1761033662-main-4dfe916-dirty-4dfe916-M][2136] [ ntpserver : 3812 ][ /usr/sbin/ntpd ] re-spawned!
[INFO][2026-07-21 01:15:44][appmon-1761033662-main-4dfe916-dirty-4dfe916-M][2136] /usr/sbin/ntpd waiting for kill zombie process [ 3812 ]
[INFO][2026-07-21 01:15:44][appmon-1761033662-main-4dfe916-dirty-4dfe916-M][2136] /usr/sbin/ntpd cleaned zombie process [ 3812 ] — not signal-terminated
[INFO][2026-07-21 01:15:45][appmon-1761033662-main-4dfe916-dirty-4dfe916-M][2136] [ ntpserver : 3839 ][ /usr/sbin/ntpd ] re-spawned!
[INFO][2026-07-21 01:15:45][appmon-1761033662-main-4dfe916-dirty-4dfe916-M][2136] /usr/sbin/ntpd waiting for kill zombie process [ 3839 ]
[INFO][2026-07-21 01:15:45][appmon-1761033662-main-4dfe916-dirty-4dfe916-M][2136] /usr/sbin/ntpd cleaned zombie process [ 3839 ] — not signal-terminated
[INFO][2026-07-21 01:15:46][appmon-1761033662-main-4dfe916-dirty-4dfe916-M][2136] [ ntpserver : 3849 ][ /usr/sbin/ntpd ] re-spawned!
[INFO][2026-07-21 01:15:46][appmon-1761033662-main-4dfe916-dirty-4dfe916-M][2136] /usr/sbin/ntpd waiting for kill zombie process [ 3849 ]
[INFO][2026-07-21 01:15:46][appmon-1761033662-main-4dfe916-dirty-4dfe916-M][2136] /usr/sbin/ntpd cleaned zombie process [ 3849 ] — not signal-terminated
[INFO][2026-07-21 01:15:47][appmon-1761033662-main-4dfe916-dirty-4dfe916-M][2136] [ ntpserver : 3859 ][ /usr/sbin/ntpd ] re-spawned!
[INFO][2026-07-21 01:15:47][appmon-1761033662-main-4dfe916-dirty-4dfe916-M][2136] /usr/sbin/ntpd waiting for kill zombie process [ 3859 ]
[INFO][2026-07-21 01:15:47][appmon-1761033662-main-4dfe916-dirty-4dfe916-M][2136] /usr/sbin/ntpd cleaned zombie process [ 3859 ] — not signal-terminated
[INFO][2026-07-21 01:15:48][appmon-1761033662-main-4dfe916-dirty-4dfe916-M][2136] [ ntpserver : 3881 ][ /usr/sbin/ntpd ] re-spawned!
[INFO][2026-07-21 01:15:48][appmon-1761033662-main-4dfe916-dirty-4dfe916-M][2136] /usr/sbin/ntpd waiting for kill zombie process [ 3881 ]
[INFO][2026-07-21 01:15:48][appmon-1761033662-main-4dfe916-dirty-4dfe916-M][2136] /usr/sbin/ntpd cleaned zombie process [ 3881 ] — not signal-terminated
[INFO][2026-07-21 01:15:49][appmon-1761033662-main-4dfe916-dirty-4dfe916-M][2136] [ ntpserver : 3900 ][ /usr/sbin/ntpd ] re-spawned!
[INFO][2026-07-21 01:15:49][appmon-1761033662-main-4dfe916-dirty-4dfe916-M][2136] /usr/sbin/ntpd waiting for kill zombie process [ 3900 ]
[INFO][2026-07-21 01:15:49][appmon-1761033662-main-4dfe916-dirty-4dfe916-M][2136] /usr/sbin/ntpd cleaned zombie process [ 3900 ] — not signal-terminated
[INFO][2026-07-21 01:15:49][appmon-1761033662-main-4dfe916-dirty-4dfe916-M][2136] [ ntpserver : 3910 ][ /usr/sbin/ntpd ] re-spawned!
[INFO][2026-07-21 01:15:50][appmon-1761033662-main-4dfe916-dirty-4dfe916-M][2136] /usr/sbin/ntpd waiting for kill zombie process [ 3910 ]
[INFO][2026-07-21 01:15:50][appmon-1761033662-main-4dfe916-dirty-4dfe916-M][2136] /usr/sbin/ntpd cleaned zombie process [ 3910 ] — not signal-terminated
[INFO][2026-07-21 01:15:50][appmon-1761033662-main-4dfe916-dirty-4dfe916-M][2136] [ ntpserver : 3913 ][ /usr/sbin/ntpd ] re-spawned!
[INFO][2026-07-21 01:15:51][appmon-1761033662-main-4dfe916-dirty-4dfe916-M][2136] /usr/sbin/ntpd waiting for kill zombie process [ 3913 ]
[INFO][2026-07-21 01:15:51][appmon-1761033662-main-4dfe916-dirty-4dfe916-M][2136] /usr/sbin/ntpd cleaned zombie process [ 3913 ] — not signal-terminated
[INFO][2026-07-21 01:15:51][appmon-1761033662-main-4dfe916-dirty-4dfe916-M][2136] Network activity (eth0) SMDA: -1.00 mbps / -1.00 mbps / -1.00 mbps / -1.00 mbps T: -1.00 mbps
[INFO][2026-07-21 01:15:51][appmon-1761033662-main-4dfe916-dirty-4dfe916-M][2136] Network activity (eth1) SMDA: -1.00 mbps / -1.00 mbps / -1.00 mbps / -1.00 mbps T: -1.00 mbps
[INFO][2026-07-21 01:15:51][appmon-1761033662-main-4dfe916-dirty-4dfe916-M][2136] Disk activity (Total Disk) SMDA: 21.07 mbps / 21.61 mbps / 22.10 mbps / 23.28 mbps T: 23.28 mbps
[INFO][2026-07-21 01:15:51][appmon-1761033662-main-4dfe916-dirty-4dfe916-M][2136] CPU activity (CPU) SMA: -1.00 % / -1.00 % / -1.00 % / -1.00 % T: -1.00 %
[INFO][2026-07-21 01:15:51][appmon-1761033662-main-4dfe916-dirty-4dfe916-M][2136] [ ntpserver : 3924 ][ /usr/sbin/ntpd ] re-spawned!
[INFO][2026-07-21 01:15:52][appmon-1761033662-main-4dfe916-dirty-4dfe916-M][2136] /usr/sbin/ntpd waiting for kill zombie process [ 3924 ]
[INFO][2026-07-21 01:15:52][appmon-1761033662-main-4dfe916-dirty-4dfe916-M][2136] /usr/sbin/ntpd cleaned zombie process [ 3924 ] — not signal-terminated
[INFO][2026-07-21 01:15:52][appmon-1761033662-main-4dfe916-dirty-4dfe916-M][2136] [ ntpserver : 3934 ][ /usr/sbin/ntpd ] re-spawned!
[INFO][2026-07-21 01:15:53][appmon-1761033662-main-4dfe916-dirty-4dfe916-M][2136] /usr/sbin/ntpd waiting for kill zombie process [ 3934 ]
[INFO][2026-07-21 01:15:53][appmon-1761033662-main-4dfe916-dirty-4dfe916-M][2136] /usr/sbin/ntpd cleaned zombie process [ 3934 ] — not signal-terminated
[INFO][2026-07-21 01:15:53][appmon-1761033662-main-4dfe916-dirty-4dfe916-M][2136] [ ntpserver : 3944 ][ /usr/sbin/ntpd ] re-spawned!
[INFO][2026-07-21 01:15:53][appmon-1761033662-main-4dfe916-dirty-4dfe916-M][2136] /usr/sbin/ntpd waiting for kill zombie process [ 3944 ]
[INFO][2026-07-21 01:15:53][appmon-1761033662-main-4dfe916-dirty-4dfe916-M][2136] /usr/sbin/ntpd cleaned zombie process [ 3944 ] — not signal-terminated
[INFO][2026-07-21 01:15:54][appmon-1761033662-main-4dfe916-dirty-4dfe916-M][2136] [ ntpserver : 3954 ][ /usr/sbin/ntpd ] re-spawned!
[INFO][2026-07-21 01:15:54][appmon-1761033662-main-4dfe916-dirty-4dfe916-M][2136] /usr/sbin/ntpd waiting for kill zombie process [ 3954 ]
[INFO][2026-07-21 01:15:54][appmon-1761033662-main-4dfe916-dirty-4dfe916-M][2136] /usr/sbin/ntpd cleaned zombie process [ 3954 ] — not signal-terminated
[INFO][2026-07-21 01:15:55][appmon-1761033662-main-4dfe916-dirty-4dfe916-M][2136] [ ntpserver : 3964 ][ /usr/sbin/ntpd ] re-spawned!
[INFO][2026-07-21 01:15:55][appmon-1761033662-main-4dfe916-dirty-4dfe916-M][2136] /usr/sbin/ntpd waiting for kill zombie process [ 3964 ]
[INFO][2026-07-21 01:15:55][appmon-1761033662-main-4dfe916-dirty-4dfe916-M][2136] /usr/sbin/ntpd cleaned zombie process [ 3964 ] — not signal-terminated
[INFO][2026-07-21 01:15:56][appmon-1761033662-main-4dfe916-dirty-4dfe916-M][2136] [ ntpserver : 3974 ][ /usr/sbin/ntpd ] re-spawned!
[INFO][2026-07-21 01:15:56][appmon-1761033662-main-4dfe916-dirty-4dfe916-M][2136] /usr/sbin/ntpd waiting for kill zombie process [ 3974 ]
[INFO][2026-07-21 01:15:56][appmon-1761033662-main-4dfe916-dirty-4dfe916-M][2136] /usr/sbin/ntpd cleaned zombie process [ 3974 ] — not signal-terminated
[INFO][2026-07-21 01:15:57][appmon-1761033662-main-4dfe916-dirty-4dfe916-M][2136] [ ntpserver : 3984 ][ /usr/sbin/ntpd ] re-spawned!
[INFO][2026-07-21 01:15:57][appmon-1761033662-main-4dfe916-dirty-4dfe916-M][2136] /usr/sbin/ntpd waiting for kill zombie process [ 3984 ]
[INFO][2026-07-21 01:15:57][appmon-1761033662-main-4dfe916-dirty-4dfe916-M][2136] /usr/sbin/ntpd cleaned zombie process [ 3984 ] — not signal-terminated
[INFO][2026-07-21 09:15:53][appmon-1761033662-main-4dfe916-dirty-4dfe916-M][2136] [ ntpserver : 3987 ][ /usr/sbin/ntpd ] re-spawned!
[INFO][2026-07-21 09:15:54][appmon-1761033662-main-4dfe916-dirty-4dfe916-M][2136] /usr/sbin/ntpd waiting for kill zombie process [ 3987 ]
[INFO][2026-07-21 09:15:54][appmon-1761033662-main-4dfe916-dirty-4dfe916-M][2136] /usr/sbin/ntpd cleaned zombie process [ 3987 ] — not signal-terminated
[INFO][2026-07-21 09:15:54][appmon-1761033662-main-4dfe916-dirty-4dfe916-M][2136] [ ntpserver : 3997 ][ /usr/sbin/ntpd ] re-spawned!
[INFO][2026-07-21 09:15:55][appmon-1761033662-main-4dfe916-dirty-4dfe916-M][2136] /usr/sbin/ntpd waiting for kill zombie process [ 3997 ]
[INFO][2026-07-21 09:15:55][appmon-1761033662-main-4dfe916-dirty-4dfe916-M][2136] /usr/sbin/ntpd cleaned zombie process [ 3997 ] — not signal-terminated
[INFO][2026-07-21 09:15:55][appmon-1761033662-main-4dfe916-dirty-4dfe916-M][2136] [ ntpserver : 4007 ][ /usr/sbin/ntpd ] re-spawned!
[INFO][2026-07-21 09:15:56][appmon-1761033662-main-4dfe916-dirty-4dfe916-M][2136] /usr/sbin/ntpd waiting for kill zombie process [ 4007 ]
[INFO][2026-07-21 09:15:56][appmon-1761033662-main-4dfe916-dirty-4dfe916-M][2136] /usr/sbin/ntpd cleaned zombie process [ 4007 ] — not signal-terminated
[INFO][2026-07-21 09:15:56][appmon-1761033662-main-4dfe916-dirty-4dfe916-M][2136] [ ntpserver : 4017 ][ /usr/sbin/ntpd ] re-spawned!
[INFO][2026-07-21 09:15:57][appmon-1761033662-main-4dfe916-dirty-4dfe916-M][2136] /usr/sbin/ntpd waiting for kill zombie process [ 4017 ]
[INFO][2026-07-21 09:15:57][appmon-1761033662-main-4dfe916-dirty-4dfe916-M][2136] /usr/sbin/ntpd cleaned zombie process [ 4017 ] — not signal-terminated
[INFO][2026-07-21 09:15:57][appmon-1761033662-main-4dfe916-dirty-4dfe916-M][2136] Network activity (eth0) SMDA: -1.00 mbps / -1.00 mbps / 0.00 mbps / 0.00 mbps T: 0.00 mbps
[INFO][2026-07-21 09:15:57][appmon-1761033662-main-4dfe916-dirty-4dfe916-M][2136] Network activity (eth1) SMDA: -1.00 mbps / -1.00 mbps / 0.01 mbps / 0.01 mbps T: 0.01 mbps
[INFO][2026-07-21 09:15:57][appmon-1761033662-main-4dfe916-dirty-4dfe916-M][2136] Disk activity (Total Disk) SMDA: 20.80 mbps / 21.75 mbps / 22.15 mbps / 23.02 mbps T: 23.02 mbps
[INFO][2026-07-21 09:15:57][appmon-1761033662-main-4dfe916-dirty-4dfe916-M][2136] CPU activity (CPU) SMA: -1.00 % / -1.00 % / 6.95 % / 6.95 % T: 6.95 %
[INFO][2026-07-21 09:15:57][appmon-1761033662-main-4dfe916-dirty-4dfe916-M][2136] [ ntpserver : 4027 ][ /usr/sbin/ntpd ] re-spawned!
[INFO][2026-07-21 09:15:57][appmon-1761033662-main-4dfe916-dirty-4dfe916-M][2136] /usr/sbin/ntpd waiting for kill zombie process [ 4027 ]
[INFO][2026-07-21 09:15:57][appmon-1761033662-main-4dfe916-dirty-4dfe916-M][2136] /usr/sbin/ntpd cleaned zombie process [ 4027 ] — not signal-terminated
[INFO][2026-07-21 09:15:58][appmon-1761033662-main-4dfe916-dirty-4dfe916-M][2136] [ ntpserver : 4046 ][ /usr/sbin/ntpd ] re-spawned!
[INFO][2026-07-21 09:15:58][appmon-1761033662-main-4dfe916-dirty-4dfe916-M][2136] /usr/sbin/ntpd waiting for kill zombie process [ 4046 ]
[INFO][2026-07-21 09:15:58][appmon-1761033662-main-4dfe916-dirty-4dfe916-M][2136] /usr/sbin/ntpd cleaned zombie process [ 4046 ] — not signal-terminated
[INFO][2026-07-21 09:15:59][appmon-1761033662-main-4dfe916-dirty-4dfe916-M][2136] [ ntpserver : 4056 ][ /usr/sbin/ntpd ] re-spawned!
[INFO][2026-07-21 09:15:59][appmon-1761033662-main-4dfe916-dirty-4dfe916-M][2136] /usr/sbin/ntpd waiting for kill zombie process [ 4056 ]
[INFO][2026-07-21 09:15:59][appmon-1761033662-main-4dfe916-dirty-4dfe916-M][2136] /usr/sbin/ntpd cleaned zombie process [ 4056 ] — not signal-terminated
[INFO][2026-07-21 09:16:00][appmon-1761033662-main-4dfe916-dirty-4dfe916-M][2136] [ ntpserver : 4066 ][ /usr/sbin/ntpd ] re-spawned!
[INFO][2026-07-21 09:16:00][appmon-1761033662-main-4dfe916-dirty-4dfe916-M][2136] /usr/sbin/ntpd waiting for kill zombie process [ 4066 ]
[INFO][2026-07-21 09:16:00][appmon-1761033662-main-4dfe916-dirty-4dfe916-M][2136] /usr/sbin/ntpd cleaned zombie process [ 4066 ] — not signal-terminated
[INFO][2026-07-21 09:16:01][appmon-1761033662-main-4dfe916-dirty-4dfe916-M][2136] [ ntpserver : 4076 ][ /usr/sbin/ntpd ] re-spawned!
[INFO][2026-07-21 09:16:01][appmon-1761033662-main-4dfe916-dirty-4dfe916-M][2136] /usr/sbin/ntpd waiting for kill zombie process [ 4076 ]
[INFO][2026-07-21 09:16:01][appmon-1761033662-main-4dfe916-dirty-4dfe916-M][2136] /usr/sbin/ntpd cleaned zombie process [ 4076 ] — not signal-terminated
[INFO][2026-07-21 09:16:02][appmon-1761033662-main-4dfe916-dirty-4dfe916-M][2136] [ ntpserver : 4079 ][ /usr/sbin/ntpd ] re-spawned!
[INFO][2026-07-21 09:16:02][appmon-1761033662-main-4dfe916-dirty-4dfe916-M][2136] /usr/sbin/ntpd waiting for kill zombie process [ 4079 ]
[INFO][2026-07-21 09:16:02][appmon-1761033662-main-4dfe916-dirty-4dfe916-M][2136] /usr/sbin/ntpd cleaned zombie process [ 4079 ] — not signal-terminated
[INFO][2026-07-21 09:16:02][appmon-1761033662-main-4dfe916-dirty-4dfe916-M][2136] [ ntpserver : 4089 ][ /usr/sbin/ntpd ] re-spawned!
[INFO][2026-07-21 09:16:03][appmon-1761033662-main-4dfe916-dirty-4dfe916-M][2136] /usr/sbin/ntpd waiting for kill zombie process [ 4089 ]
[INFO][2026-07-21 09:16:03][appmon-1761033662-main-4dfe916-dirty-4dfe916-M][2136] /usr/sbin/ntpd cleaned zombie process [ 4089 ] — not signal-terminated
[INFO][2026-07-21 09:16:03][appmon-1761033662-main-4dfe916-dirty-4dfe916-M][2136] [ ntpserver : 4099 ][ /usr/sbin/ntpd ] re-spawned!
[INFO][2026-07-21 09:16:04][appmon-1761033662-main-4dfe916-dirty-4dfe916-M][2136] /usr/sbin/ntpd waiting for kill zombie process [ 4099 ]
[INFO][2026-07-21 09:16:04][appmon-1761033662-main-4dfe916-dirty-4dfe916-M][2136] /usr/sbin/ntpd cleaned zombie process [ 4099 ] — not signal-terminated
[INFO][2026-07-21 09:16:04][appmon-1761033662-main-4dfe916-dirty-4dfe916-M][2136] [ ntpserver : 4109 ][ /usr/sbin/ntpd ] re-spawned!
[INFO][2026-07-21 09:16:05][appmon-1761033662-main-4dfe916-dirty-4dfe916-M][2136] /usr/sbin/ntpd waiting for kill zombie process [ 4109 ]
[INFO][2026-07-21 09:16:05][appmon-1761033662-main-4dfe916-dirty-4dfe916-M][2136] /usr/sbin/ntpd cleaned zombie process [ 4109 ] — not signal-terminated
[INFO][2026-07-21 09:16:05][appmon-1761033662-main-4dfe916-dirty-4dfe916-M][2136] [ ntpserver : 4119 ][ /usr/sbin/ntpd ] re-spawned!
[INFO][2026-07-21 09:16:06][appmon-1761033662-main-4dfe916-dirty-4dfe916-M][2136] /usr/sbin/ntpd waiting for kill zombie process [ 4119 ]
[INFO][2026-07-21 09:16:06][appmon-1761033662-main-4dfe916-dirty-4dfe916-M][2136] /usr/sbin/ntpd cleaned zombie process [ 4119 ] — not signal-terminated
[INFO][2026-07-21 09:16:06][appmon-1761033662-main-4dfe916-dirty-4dfe916-M][2136] [ ntpserver : 4129 ][ /usr/sbin/ntpd ] re-spawned!
[INFO][2026-07-21 09:16:06][appmon-1761033662-main-4dfe916-dirty-4dfe916-M][2136] /usr/sbin/ntpd waiting for kill zombie process [ 4129 ]
[INFO][2026-07-21 09:16:06][appmon-1761033662-main-4dfe916-dirty-4dfe916-M][2136] /usr/sbin/ntpd cleaned zombie process [ 4129 ] — not signal-terminated
[INFO][2026-07-21 09:16:07][appmon-1761033662-main-4dfe916-dirty-4dfe916-M][2136] Network activity (eth0) SMDA: 0.00 mbps / 0.00 mbps / 0.00 mbps / 0.00 mbps T: 0.00 mbps
[INFO][2026-07-21 09:16:07][appmon-1761033662-main-4dfe916-dirty-4dfe916-M][2136] Network activity (eth1) SMDA: 0.02 mbps / 0.01 mbps / 0.01 mbps / 0.01 mbps T: 0.01 mbps
[INFO][2026-07-21 09:16:07][appmon-1761033662-main-4dfe916-dirty-4dfe916-M][2136] Disk activity (Total Disk) SMDA: 23.10 mbps / 23.10 mbps / 23.10 mbps / 23.10 mbps T: 0.08 mbps
[INFO][2026-07-21 09:16:07][appmon-1761033662-main-4dfe916-dirty-4dfe916-M][2136] CPU activity (CPU) SMA: 2.51 % / 2.01 % / 3.68 % / 3.68 % T: 3.68 %
[INFO][2026-07-21 09:16:07][appmon-1761033662-main-4dfe916-dirty-4dfe916-M][2136] [ ntpserver : 4139 ][ /usr/sbin/ntpd ] re-spawned!
[INFO][2026-07-21 09:16:07][appmon-1761033662-main-4dfe916-dirty-4dfe916-M][2136] /usr/sbin/ntpd waiting for kill zombie process [ 4139 ]
[INFO][2026-07-21 09:16:07][appmon-1761033662-main-4dfe916-dirty-4dfe916-M][2136] /usr/sbin/ntpd cleaned zombie process [ 4139 ] — not signal-terminated
[INFO][2026-07-21 09:16:08][appmon-1761033662-main-4dfe916-dirty-4dfe916-M][2136] [ ntpserver : 4149 ][ /usr/sbin/ntpd ] re-spawned!
[INFO][2026-07-21 09:16:08][appmon-1761033662-main-4dfe916-dirty-4dfe916-M][2136] /usr/sbin/ntpd waiting for kill zombie process [ 4149 ]
[INFO][2026-07-21 09:16:08][appmon-1761033662-main-4dfe916-dirty-4dfe916-M][2136] /usr/sbin/ntpd cleaned zombie process [ 4149 ] — not signal-terminated
[INFO][2026-07-21 09:16:09][appmon-1761033662-main-4dfe916-dirty-4dfe916-M][2136] [ ntpserver : 4159 ][ /usr/sbin/ntpd ] re-spawned!
[INFO][2026-07-21 09:16:09][appmon-1761033662-main-4dfe916-dirty-4dfe916-M][2136] /usr/sbin/ntpd waiting for kill zombie process [ 4159 ]
[INFO][2026-07-21 09:16:09][appmon-1761033662-main-4dfe916-dirty-4dfe916-M][2136] /usr/sbin/ntpd cleaned zombie process [ 4159 ] — not signal-terminated
[INFO][2026-07-21 09:16:10][appmon-1761033662-main-4dfe916-dirty-4dfe916-M][2136] [ ntpserver : 4162 ][ /usr/sbin/ntpd ] re-spawned!
[INFO][2026-07-21 09:16:10][appmon-1761033662-main-4dfe916-dirty-4dfe916-M][2136] /usr/sbin/ntpd waiting for kill zombie process [ 4162 ]
[INFO][2026-07-21 09:16:10][appmon-1761033662-main-4dfe916-dirty-4dfe916-M][2136] /usr/sbin/ntpd cleaned zombie process [ 4162 ] — not signal-terminated
[INFO][2026-07-21 09:16:11][appmon-1761033662-main-4dfe916-dirty-4dfe916-M][2136] [ ntpserver : 4172 ][ /usr/sbin/ntpd ] re-spawned!
[INFO][2026-07-21 09:16:11][appmon-1761033662-main-4dfe916-dirty-4dfe916-M][2136] /usr/sbin/ntpd waiting for kill zombie process [ 4172 ]
[INFO][2026-07-21 09:16:11][appmon-1761033662-main-4dfe916-dirty-4dfe916-M][2136] /usr/sbin/ntpd cleaned zombie process [ 4172 ] — not signal-terminated
[INFO][2026-07-21 09:16:11][appmon-1761033662-main-4dfe916-dirty-4dfe916-M][2136] [ ntpserver : 4182 ][ /usr/sbin/ntpd ] re-spawned!
[INFO][2026-07-21 09:16:12][appmon-1761033662-main-4dfe916-dirty-4dfe916-M][2136] /usr/sbin/ntpd waiting for kill zombie process [ 4182 ]
[INFO][2026-07-21 09:16:12][appmon-1761033662-main-4dfe916-dirty-4dfe916-M][2136] /usr/sbin/ntpd cleaned zombie process [ 4182 ] — not signal-terminated
[INFO][2026-07-21 09:16:12][appmon-1761033662-main-4dfe916-dirty-4dfe916-M][2136] [ ntpserver : 4192 ][ /usr/sbin/ntpd ] re-spawned!
[INFO][2026-07-21 09:16:13][appmon-1761033662-main-4dfe916-dirty-4dfe916-M][2136] /usr/sbin/ntpd waiting for kill zombie process [ 4192 ]
[INFO][2026-07-21 09:16:13][appmon-1761033662-main-4dfe916-dirty-4dfe916-M][2136] /usr/sbin/ntpd cleaned zombie process [ 4192 ] — not signal-terminated
[INFO][2026-07-21 09:16:13][appmon-1761033662-main-4dfe916-dirty-4dfe916-M][2136] [ ntpserver : 4202 ][ /usr/sbin/ntpd ] re-spawned!
[INFO][2026-07-21 09:16:14][appmon-1761033662-main-4dfe916-dirty-4dfe916-M][2136] /usr/sbin/ntpd waiting for kill zombie process [ 4202 ]
[INFO][2026-07-21 09:16:14][appmon-1761033662-main-4dfe916-dirty-4dfe916-M][2136] /usr/sbin/ntpd cleaned zombie process [ 4202 ] — not signal-terminated
[INFO][2026-07-21 09:16:14][appmon-1761033662-main-4dfe916-dirty-4dfe916-M][2136] [ ntpserver : 4233 ][ /usr/sbin/ntpd ] re-spawned!
[INFO][2026-07-21 09:16:15][appmon-1761033662-main-4dfe916-dirty-4dfe916-M][2136] /usr/sbin/ntpd waiting for kill zombie process [ 4233 ]
[INFO][2026-07-21 09:16:15][appmon-1761033662-main-4dfe916-dirty-4dfe916-M][2136] /usr/sbin/ntpd cleaned zombie process [ 4233 ] — not signal-terminated
[INFO][2026-07-21 09:16:15][appmon-1761033662-main-4dfe916-dirty-4dfe916-M][2136] [ ntpserver : 4243 ][ /usr/sbin/ntpd ] re-spawned!
[INFO][2026-07-21 09:16:15][appmon-1761033662-main-4dfe916-dirty-4dfe916-M][2136] /usr/sbin/ntpd waiting for kill zombie process [ 4243 ]
[INFO][2026-07-21 09:16:15][appmon-1761033662-main-4dfe916-dirty-4dfe916-M][2136] /usr/sbin/ntpd cleaned zombie process [ 4243 ] — not signal-terminated
[INFO][2026-07-21 09:16:16][appmon-1761033662-main-4dfe916-dirty-4dfe916-M][2136] [ ntpserver : 4253 ][ /usr/sbin/ntpd ] re-spawned!
[INFO][2026-07-21 09:16:16][appmon-1761033662-main-4dfe916-dirty-4dfe916-M][2136] /usr/sbin/ntpd waiting for kill zombie process [ 4253 ]
[INFO][2026-07-21 09:16:16][appmon-1761033662-main-4dfe916-dirty-4dfe916-M][2136] /usr/sbin/ntpd cleaned zombie process [ 4253 ] — not signal-terminated
[INFO][2026-07-21 09:16:17][appmon-1761033662-main-4dfe916-dirty-4dfe916-M][2136] Network activity (eth0) SMDA: 0.00 mbps / 0.00 mbps / 0.00 mbps / 0.00 mbps T: 0.00 mbps
[INFO][2026-07-21 09:16:17][appmon-1761033662-main-4dfe916-dirty-4dfe916-M][2136] Network activity (eth1) SMDA: 0.01 mbps / 0.01 mbps / 0.01 mbps / 0.01 mbps T: 0.01 mbps
[INFO][2026-07-21 09:16:17][appmon-1761033662-main-4dfe916-dirty-4dfe916-M][2136] Disk activity (Total Disk) SMDA: 20.42 mbps / 21.66 mbps / 21.66 mbps / 21.66 mbps T: 0.09 mbps
[INFO][2026-07-21 09:16:17][appmon-1761033662-main-4dfe916-dirty-4dfe916-M][2136] CPU activity (CPU) SMA: 1.67 % / 1.96 % / 1.95 % / 2.96 % T: 2.96 %
[INFO][2026-07-21 09:16:17][appmon-1761033662-main-4dfe916-dirty-4dfe916-M][2136] [ ntpserver : 4256 ][ /usr/sbin/ntpd ] re-spawned!
[INFO][2026-07-21 09:16:17][appmon-1761033662-main-4dfe916-dirty-4dfe916-M][2136] /usr/sbin/ntpd waiting for kill zombie process [ 4256 ]
[INFO][2026-07-21 09:16:17][appmon-1761033662-main-4dfe916-dirty-4dfe916-M][2136] /usr/sbin/ntpd cleaned zombie process [ 4256 ] — not signal-terminated
[INFO][2026-07-21 09:16:18][appmon-1761033662-main-4dfe916-dirty-4dfe916-M][2136] [ ntpserver : 4266 ][ /usr/sbin/ntpd ] re-spawned!
[INFO][2026-07-21 09:16:18][appmon-1761033662-main-4dfe916-dirty-4dfe916-M][2136] /usr/sbin/ntpd waiting for kill zombie process [ 4266 ]
[INFO][2026-07-21 09:16:18][appmon-1761033662-main-4dfe916-dirty-4dfe916-M][2136] /usr/sbin/ntpd cleaned zombie process [ 4266 ] — not signal-terminated
[INFO][2026-07-21 09:16:19][appmon-1761033662-main-4dfe916-dirty-4dfe916-M][2136] [ ntpserver : 4276 ][ /usr/sbin/ntpd ] re-spawned!
[INFO][2026-07-21 09:16:19][appmon-1761033662-main-4dfe916-dirty-4dfe916-M][2136] /usr/sbin/ntpd waiting for kill zombie process [ 4276 ]
[INFO][2026-07-21 09:16:19][appmon-1761033662-main-4dfe916-dirty-4dfe916-M][2136] /usr/sbin/ntpd cleaned zombie process [ 4276 ] — not signal-terminated
[INFO][2026-07-21 09:16:20][appmon-1761033662-main-4dfe916-dirty-4dfe916-M][2136] [ ntpserver : 4286 ][ /usr/sbin/ntpd ] re-spawned!
[INFO][2026-07-21 09:16:20][appmon-1761033662-main-4dfe916-dirty-4dfe916-M][2136] /usr/sbin/ntpd waiting for kill zombie process [ 4286 ]
[INFO][2026-07-21 09:16:20][appmon-1761033662-main-4dfe916-dirty-4dfe916-M][2136] /usr/sbin/ntpd cleaned zombie process [ 4286 ] — not signal-terminated
[INFO][2026-07-21 09:16:20][appmon-1761033662-main-4dfe916-dirty-4dfe916-M][2136] [ ntpserver : 4296 ][ /usr/sbin/ntpd ] re-spawned!
[INFO][2026-07-21 09:16:21][appmon-1761033662-main-4dfe916-dirty-4dfe916-M][2136] /usr/sbin/ntpd waiting for kill zombie process [ 4296 ]
[INFO][2026-07-21 09:16:21][appmon-1761033662-main-4dfe916-dirty-4dfe916-M][2136] /usr/sbin/ntpd cleaned zombie process [ 4296 ] — not signal-terminated
[INFO][2026-07-21 09:16:21][appmon-1761033662-main-4dfe916-dirty-4dfe916-M][2136] [ ntpserver : 4306 ][ /usr/sbin/ntpd ] re-spawned!
[INFO][2026-07-21 09:16:22][appmon-1761033662-main-4dfe916-dirty-4dfe916-M][2136] /usr/sbin/ntpd waiting for kill zombie process [ 4306 ]
[INFO][2026-07-21 09:16:22][appmon-1761033662-main-4dfe916-dirty-4dfe916-M][2136] /usr/sbin/ntpd cleaned zombie process [ 4306 ] — not signal-terminated
[INFO][2026-07-21 09:16:22][appmon-1761033662-main-4dfe916-dirty-4dfe916-M][2136] [ ntpserver : 4316 ][ /usr/sbin/ntpd ] re-spawned!
[INFO][2026-07-21 09:16:23][appmon-1761033662-main-4dfe916-dirty-4dfe916-M][2136] /usr/sbin/ntpd waiting for kill zombie process [ 4316 ]
[INFO][2026-07-21 09:16:23][appmon-1761033662-main-4dfe916-dirty-4dfe916-M][2136] /usr/sbin/ntpd cleaned zombie process [ 4316 ] — not signal-terminated
[INFO][2026-07-21 09:16:23][appmon-1761033662-main-4dfe916-dirty-4dfe916-M][2136] [ ntpserver : 4326 ][ /usr/sbin/ntpd ] re-spawned!
[INFO][2026-07-21 09:16:24][appmon-1761033662-main-4dfe916-dirty-4dfe916-M][2136] /usr/sbin/ntpd waiting for kill zombie process [ 4326 ]
[INFO][2026-07-21 09:16:24][appmon-1761033662-main-4dfe916-dirty-4dfe916-M][2136] /usr/sbin/ntpd cleaned zombie process [ 4326 ] — not signal-terminated
[INFO][2026-07-21 09:16:24][appmon-1761033662-main-4dfe916-dirty-4dfe916-M][2136] [ ntpserver : 4336 ][ /usr/sbin/ntpd ] re-spawned!
[INFO][2026-07-21 09:16:24][appmon-1761033662-main-4dfe916-dirty-4dfe916-M][2136] /usr/sbin/ntpd waiting for kill zombie process [ 4336 ]
[INFO][2026-07-21 09:16:24][appmon-1761033662-main-4dfe916-dirty-4dfe916-M][2136] /usr/sbin/ntpd cleaned zombie process [ 4336 ] — not signal-terminated
[INFO][2026-07-21 09:16:25][appmon-1761033662-main-4dfe916-dirty-4dfe916-M][2136] [ ntpserver : 4339 ][ /usr/sbin/ntpd ] re-spawned!
[INFO][2026-07-21 09:16:25][appmon-1761033662-main-4dfe916-dirty-4dfe916-M][2136] /usr/sbin/ntpd waiting for kill zombie process [ 4339 ]
[INFO][2026-07-21 09:16:25][appmon-1761033662-main-4dfe916-dirty-4dfe916-M][2136] /usr/sbin/ntpd cleaned zombie process [ 4339 ] — not signal-terminated
[INFO][2026-07-21 09:16:26][appmon-1761033662-main-4dfe916-dirty-4dfe916-M][2136] [ ntpserver : 4349 ][ /usr/sbin/ntpd ] re-spawned!
[INFO][2026-07-21 09:16:26][appmon-1761033662-main-4dfe916-dirty-4dfe916-M][2136] /usr/sbin/ntpd waiting for kill zombie process [ 4349 ]
[INFO][2026-07-21 09:16:26][appmon-1761033662-main-4dfe916-dirty-4dfe916-M][2136] /usr/sbin/ntpd cleaned zombie process [ 4349 ] — not signal-terminated
[INFO][2026-07-21 09:16:27][appmon-1761033662-main-4dfe916-dirty-4dfe916-M][2136] Network activity (eth0) SMDA: 0.00 mbps / 0.00 mbps / 0.00 mbps / 0.00 mbps T: 0.00 mbps
[INFO][2026-07-21 09:16:27][appmon-1761033662-main-4dfe916-dirty-4dfe916-M][2136] Network activity (eth1) SMDA: 0.00 mbps / 0.01 mbps / 0.01 mbps / 0.01 mbps T: 0.01 mbps
[INFO][2026-07-21 09:16:27][appmon-1761033662-main-4dfe916-dirty-4dfe916-M][2136] Disk activity (Total Disk) SMDA: 19.72 mbps / 20.54 mbps / 21.07 mbps / 21.07 mbps T: 0.09 mbps
[INFO][2026-07-21 09:16:27][appmon-1761033662-main-4dfe916-dirty-4dfe916-M][2136] CPU activity (CPU) SMA: 1.05 % / 1.74 % / 1.72 % / 2.52 % T: 2.52 %
[INFO][2026-07-21 09:16:27][appmon-1761033662-main-4dfe916-dirty-4dfe916-M][2136] [ ntpserver : 4359 ][ /usr/sbin/ntpd ] re-spawned!
[INFO][2026-07-21 09:16:27][appmon-1761033662-main-4dfe916-dirty-4dfe916-M][2136] /usr/sbin/ntpd waiting for kill zombie process [ 4359 ]
[INFO][2026-07-21 09:16:27][appmon-1761033662-main-4dfe916-dirty-4dfe916-M][2136] /usr/sbin/ntpd cleaned zombie process [ 4359 ] — not signal-terminated
[INFO][2026-07-21 09:16:28][appmon-1761033662-main-4dfe916-dirty-4dfe916-M][2136] [ ntpserver : 4369 ][ /usr/sbin/ntpd ] re-spawned!
[INFO][2026-07-21 09:16:28][appmon-1761033662-main-4dfe916-dirty-4dfe916-M][2136] /usr/sbin/ntpd waiting for kill zombie process [ 4369 ]
[INFO][2026-07-21 09:16:28][appmon-1761033662-main-4dfe916-dirty-4dfe916-M][2136] /usr/sbin/ntpd cleaned zombie process [ 4369 ] — not signal-terminated
[INFO][2026-07-21 09:16:29][appmon-1761033662-main-4dfe916-dirty-4dfe916-M][2136] [ ntpserver : 4379 ][ /usr/sbin/ntpd ] re-spawned!
[INFO][2026-07-21 09:16:29][appmon-1761033662-main-4dfe916-dirty-4dfe916-M][2136] /usr/sbin/ntpd waiting for kill zombie process [ 4379 ]
[INFO][2026-07-21 09:16:29][appmon-1761033662-main-4dfe916-dirty-4dfe916-M][2136] /usr/sbin/ntpd cleaned zombie process [ 4379 ] — not signal-terminated
[INFO][2026-07-21 09:16:29][appmon-1761033662-main-4dfe916-dirty-4dfe916-M][2136] [ ntpserver : 4389 ][ /usr/sbin/ntpd ] re-spawned!
[INFO][2026-07-21 09:16:30][appmon-1761033662-main-4dfe916-dirty-4dfe916-M][2136] /usr/sbin/ntpd waiting for kill zombie process [ 4389 ]
[INFO][2026-07-21 09:16:30][appmon-1761033662-main-4dfe916-dirty-4dfe916-M][2136] /usr/sbin/ntpd cleaned zombie process [ 4389 ] — not signal-terminated
[INFO][2026-07-21 09:16:30][appmon-1761033662-main-4dfe916-dirty-4dfe916-M][2136] [ ntpserver : 4399 ][ /usr/sbin/ntpd ] re-spawned!
[INFO][2026-07-21 09:16:31][appmon-1761033662-main-4dfe916-dirty-4dfe916-M][2136] /usr/sbin/ntpd waiting for kill zombie process [ 4399 ]
[INFO][2026-07-21 09:16:31][appmon-1761033662-main-4dfe916-dirty-4dfe916-M][2136] /usr/sbin/ntpd cleaned zombie process [ 4399 ] — not signal-terminated
[INFO][2026-07-21 09:16:31][appmon-1761033662-main-4dfe916-dirty-4dfe916-M][2136] [ ntpserver : 4409 ][ /usr/sbin/ntpd ] re-spawned!
[INFO][2026-07-21 09:16:32][appmon-1761033662-main-4dfe916-dirty-4dfe916-M][2136] /usr/sbin/ntpd waiting for kill zombie process [ 4409 ]
[INFO][2026-07-21 09:16:32][appmon-1761033662-main-4dfe916-dirty-4dfe916-M][2136] /usr/sbin/ntpd cleaned zombie process [ 4409 ] — not signal-terminated
[INFO][2026-07-21 09:16:32][appmon-1761033662-main-4dfe916-dirty-4dfe916-M][2136] [ ntpserver : 4419 ][ /usr/sbin/ntpd ] re-spawned!
[INFO][2026-07-21 09:16:33][appmon-1761033662-main-4dfe916-dirty-4dfe916-M][2136] /usr/sbin/ntpd waiting for kill zombie process [ 4419 ]
[INFO][2026-07-21 09:16:33][appmon-1761033662-main-4dfe916-dirty-4dfe916-M][2136] /usr/sbin/ntpd cleaned zombie process [ 4419 ] — not signal-terminated
[INFO][2026-07-21 09:16:33][appmon-1761033662-main-4dfe916-dirty-4dfe916-M][2136] [ ntpserver : 4422 ][ /usr/sbin/ntpd ] re-spawned!
[INFO][2026-07-21 09:16:34][appmon-1761033662-main-4dfe916-dirty-4dfe916-M][2136] /usr/sbin/ntpd waiting for kill zombie process [ 4422 ]
[INFO][2026-07-21 09:16:34][appmon-1761033662-main-4dfe916-dirty-4dfe916-M][2136] /usr/sbin/ntpd cleaned zombie process [ 4422 ] — not signal-terminated
[INFO][2026-07-21 09:16:34][appmon-1761033662-main-4dfe916-dirty-4dfe916-M][2136] [ ntpserver : 4432 ][ /usr/sbin/ntpd ] re-spawned!
[INFO][2026-07-21 09:16:34][appmon-1761033662-main-4dfe916-dirty-4dfe916-M][2136] /usr/sbin/ntpd waiting for kill zombie process [ 4432 ]
[INFO][2026-07-21 09:16:34][appmon-1761033662-main-4dfe916-dirty-4dfe916-M][2136] /usr/sbin/ntpd cleaned zombie process [ 4432 ] — not signal-terminated
[INFO][2026-07-21 09:16:35][appmon-1761033662-main-4dfe916-dirty-4dfe916-M][2136] [ ntpserver : 4442 ][ /usr/sbin/ntpd ] re-spawned!
[INFO][2026-07-21 09:16:35][appmon-1761033662-main-4dfe916-dirty-4dfe916-M][2136] /usr/sbin/ntpd waiting for kill zombie process [ 4442 ]
[INFO][2026-07-21 09:16:35][appmon-1761033662-main-4dfe916-dirty-4dfe916-M][2136] /usr/sbin/ntpd cleaned zombie process [ 4442 ] — not signal-terminated
[INFO][2026-07-21 09:16:36][appmon-1761033662-main-4dfe916-dirty-4dfe916-M][2136] [ ntpserver : 4452 ][ /usr/sbin/ntpd ] re-spawned!
[INFO][2026-07-21 09:16:36][appmon-1761033662-main-4dfe916-dirty-4dfe916-M][2136] /usr/sbin/ntpd waiting for kill zombie process [ 4452 ]
[INFO][2026-07-21 09:16:36][appmon-1761033662-main-4dfe916-dirty-4dfe916-M][2136] /usr/sbin/ntpd cleaned zombie process [ 4452 ] — not signal-terminated
[INFO][2026-07-21 09:16:37][appmon-1761033662-main-4dfe916-dirty-4dfe916-M][2136] [ ntpserver : 4462 ][ /usr/sbin/ntpd ] re-spawned!
[INFO][2026-07-21 09:16:37][appmon-1761033662-main-4dfe916-dirty-4dfe916-M][2136] Network activity (eth0) SMDA: 0.00 mbps / 0.00 mbps / 0.00 mbps / 0.00 mbps T: 0.00 mbps
[INFO][2026-07-21 09:16:37][appmon-1761033662-main-4dfe916-dirty-4dfe916-M][2136] Network activity (eth1) SMDA: 0.01 mbps / 0.01 mbps / 0.01 mbps / 0.01 mbps T: 0.01 mbps
[INFO][2026-07-21 09:16:37][appmon-1761033662-main-4dfe916-dirty-4dfe916-M][2136] Disk activity (Total Disk) SMDA: 23.85 mbps / 21.40 mbps / 21.51 mbps / 21.51 mbps T: 0.10 mbps
[INFO][2026-07-21 09:16:37][appmon-1761033662-main-4dfe916-dirty-4dfe916-M][2136] CPU activity (CPU) SMA: 1.46 % / 1.72 % / 1.88 % / 2.47 % T: 2.47 %
[INFO][2026-07-21 09:16:37][appmon-1761033662-main-4dfe916-dirty-4dfe916-M][2136] /usr/sbin/ntpd waiting for kill zombie process [ 4462 ]
[INFO][2026-07-21 09:16:37][appmon-1761033662-main-4dfe916-dirty-4dfe916-M][2136] /usr/sbin/ntpd cleaned zombie process [ 4462 ] — not signal-terminated
[INFO][2026-07-21 09:16:38][appmon-1761033662-main-4dfe916-dirty-4dfe916-M][2136] [ ntpserver : 4472 ][ /usr/sbin/ntpd ] re-spawned!
[INFO][2026-07-21 09:16:38][appmon-1761033662-main-4dfe916-dirty-4dfe916-M][2136] /usr/sbin/ntpd waiting for kill zombie process [ 4472 ]
[INFO][2026-07-21 09:16:38][appmon-1761033662-main-4dfe916-dirty-4dfe916-M][2136] /usr/sbin/ntpd cleaned zombie process [ 4472 ] — not signal-terminated
[INFO][2026-07-21 09:16:39][appmon-1761033662-main-4dfe916-dirty-4dfe916-M][2136] [ ntpserver : 4482 ][ /usr/sbin/ntpd ] re-spawned!
[INFO][2026-07-21 09:16:39][appmon-1761033662-main-4dfe916-dirty-4dfe916-M][2136] /usr/sbin/ntpd waiting for kill zombie process [ 4482 ]
[INFO][2026-07-21 09:16:39][appmon-1761033662-main-4dfe916-dirty-4dfe916-M][2136] /usr/sbin/ntpd cleaned zombie process [ 4482 ] — not signal-terminated
[INFO][2026-07-21 09:16:39][appmon-1761033662-main-4dfe916-dirty-4dfe916-M][2136] [ ntpserver : 4492 ][ /usr/sbin/ntpd ] re-spawned!
[INFO][2026-07-21 09:16:40][appmon-1761033662-main-4dfe916-dirty-4dfe916-M][2136] /usr/sbin/ntpd waiting for kill zombie process [ 4492 ]
[INFO][2026-07-21 09:16:40][appmon-1761033662-main-4dfe916-dirty-4dfe916-M][2136] /usr/sbin/ntpd cleaned zombie process [ 4492 ] — not signal-terminated
[INFO][2026-07-21 09:16:40][appmon-1761033662-main-4dfe916-dirty-4dfe916-M][2136] [ ntpserver : 4495 ][ /usr/sbin/ntpd ] re-spawned!
[INFO][2026-07-21 09:16:41][appmon-1761033662-main-4dfe916-dirty-4dfe916-M][2136] /usr/sbin/ntpd waiting for kill zombie process [ 4495 ]
[INFO][2026-07-21 09:16:41][appmon-1761033662-main-4dfe916-dirty-4dfe916-M][2136] /usr/sbin/ntpd cleaned zombie process [ 4495 ] — not signal-terminated
[INFO][2026-07-21 09:16:41][appmon-1761033662-main-4dfe916-dirty-4dfe916-M][2136] [ ntpserver : 4505 ][ /usr/sbin/ntpd ] re-spawned!
[INFO][2026-07-21 09:16:42][appmon-1761033662-main-4dfe916-dirty-4dfe916-M][2136] /usr/sbin/ntpd waiting for kill zombie process [ 4505 ]
[INFO][2026-07-21 09:16:42][appmon-1761033662-main-4dfe916-dirty-4dfe916-M][2136] /usr/sbin/ntpd cleaned zombie process [ 4505 ] — not signal-terminated
[INFO][2026-07-21 09:16:42][appmon-1761033662-main-4dfe916-dirty-4dfe916-M][2136] [ ntpserver : 4515 ][ /usr/sbin/ntpd ] re-spawned!
[INFO][2026-07-21 09:16:43][appmon-1761033662-main-4dfe916-dirty-4dfe916-M][2136] /usr/sbin/ntpd waiting for kill zombie process [ 4515 ]
[INFO][2026-07-21 09:16:43][appmon-1761033662-main-4dfe916-dirty-4dfe916-M][2136] /usr/sbin/ntpd cleaned zombie process [ 4515 ] — not signal-terminated
[INFO][2026-07-21 09:16:43][appmon-1761033662-main-4dfe916-dirty-4dfe916-M][2136] [ ntpserver : 4525 ][ /usr/sbin/ntpd ] re-spawned!
[INFO][2026-07-21 09:16:43][appmon-1761033662-main-4dfe916-dirty-4dfe916-M][2136] /usr/sbin/ntpd waiting for kill zombie process [ 4525 ]
[INFO][2026-07-21 09:16:43][appmon-1761033662-main-4dfe916-dirty-4dfe916-M][2136] /usr/sbin/ntpd cleaned zombie process [ 4525 ] — not signal-terminated
[INFO][2026-07-21 09:16:44][appmon-1761033662-main-4dfe916-dirty-4dfe916-M][2136] [ ntpserver : 4556 ][ /usr/sbin/ntpd ] re-spawned!
[INFO][2026-07-21 09:16:44][appmon-1761033662-main-4dfe916-dirty-4dfe916-M][2136] /usr/sbin/ntpd waiting for kill zombie process [ 4556 ]
[INFO][2026-07-21 09:16:44][appmon-1761033662-main-4dfe916-dirty-4dfe916-M][2136] /usr/sbin/ntpd cleaned zombie process [ 4556 ] — not signal-terminated
[INFO][2026-07-21 09:16:45][appmon-1761033662-main-4dfe916-dirty-4dfe916-M][2136] [ ntpserver : 4566 ][ /usr/sbin/ntpd ] re-spawned!
[INFO][2026-07-21 09:16:45][appmon-1761033662-main-4dfe916-dirty-4dfe916-M][2136] /usr/sbin/ntpd waiting for kill zombie process [ 4566 ]
[INFO][2026-07-21 09:16:45][appmon-1761033662-main-4dfe916-dirty-4dfe916-M][2136] /usr/sbin/ntpd cleaned zombie process [ 4566 ] — not signal-terminated
[INFO][2026-07-21 09:16:46][appmon-1761033662-main-4dfe916-dirty-4dfe916-M][2136] [ ntpserver : 4576 ][ /usr/sbin/ntpd ] re-spawned!
[INFO][2026-07-21 09:16:46][appmon-1761033662-main-4dfe916-dirty-4dfe916-M][2136] /usr/sbin/ntpd waiting for kill zombie process [ 4576 ]
[INFO][2026-07-21 09:16:46][appmon-1761033662-main-4dfe916-dirty-4dfe916-M][2136] /usr/sbin/ntpd cleaned zombie process [ 4576 ] — not signal-terminated
[INFO][2026-07-21 09:16:47][appmon-1761033662-main-4dfe916-dirty-4dfe916-M][2136] [ ntpserver : 4586 ][ /usr/sbin/ntpd ] re-spawned!
[INFO][2026-07-21 09:16:47][appmon-1761033662-main-4dfe916-dirty-4dfe916-M][2136] Network activity (eth0) SMDA: 0.00 mbps / 0.00 mbps / 0.00 mbps / 0.00 mbps T: 0.00 mbps
[INFO][2026-07-21 09:16:47][appmon-1761033662-main-4dfe916-dirty-4dfe916-M][2136] Network activity (eth1) SMDA: 0.00 mbps / 0.01 mbps / 0.01 mbps / 0.01 mbps T: 0.01 mbps
[INFO][2026-07-21 09:16:47][appmon-1761033662-main-4dfe916-dirty-4dfe916-M][2136] Disk activity (Total Disk) SMDA: 20.78 mbps / 21.56 mbps / 21.28 mbps / 21.28 mbps T: 0.11 mbps
[INFO][2026-07-21 09:16:47][appmon-1761033662-main-4dfe916-dirty-4dfe916-M][2136] CPU activity (CPU) SMA: 0.84 % / 1.74 % / 1.82 % / 2.30 % T: 2.30 %
[INFO][2026-07-21 09:16:47][appmon-1761033662-main-4dfe916-dirty-4dfe916-M][2136] /usr/sbin/ntpd waiting for kill zombie process [ 4586 ]
[INFO][2026-07-21 09:16:47][appmon-1761033662-main-4dfe916-dirty-4dfe916-M][2136] /usr/sbin/ntpd cleaned zombie process [ 4586 ] — not signal-terminated
[INFO][2026-07-21 09:16:48][appmon-1761033662-main-4dfe916-dirty-4dfe916-M][2136] [ ntpserver : 4596 ][ /usr/sbin/ntpd ] re-spawned!
[INFO][2026-07-21 09:16:48][appmon-1761033662-main-4dfe916-dirty-4dfe916-M][2136] /usr/sbin/ntpd waiting for kill zombie process [ 4596 ]
[INFO][2026-07-21 09:16:48][appmon-1761033662-main-4dfe916-dirty-4dfe916-M][2136] /usr/sbin/ntpd cleaned zombie process [ 4596 ] — not signal-terminated
[INFO][2026-07-21 09:16:48][appmon-1761033662-main-4dfe916-dirty-4dfe916-M][2136] [ ntpserver : 4599 ][ /usr/sbin/ntpd ] re-spawned!
[INFO][2026-07-21 09:16:49][appmon-1761033662-main-4dfe916-dirty-4dfe916-M][2136] /usr/sbin/ntpd waiting for kill zombie process [ 4599 ]
[INFO][2026-07-21 09:16:49][appmon-1761033662-main-4dfe916-dirty-4dfe916-M][2136] /usr/sbin/ntpd cleaned zombie process [ 4599 ] — not signal-terminated
[INFO][2026-07-21 09:16:49][appmon-1761033662-main-4dfe916-dirty-4dfe916-M][2136] [ ntpserver : 4609 ][ /usr/sbin/ntpd ] re-spawned!
[INFO][2026-07-21 09:16:50][appmon-1761033662-main-4dfe916-dirty-4dfe916-M][2136] /usr/sbin/ntpd waiting for kill zombie process [ 4609 ]
[INFO][2026-07-21 09:16:50][appmon-1761033662-main-4dfe916-dirty-4dfe916-M][2136] /usr/sbin/ntpd cleaned zombie process [ 4609 ] — not signal-terminated
[INFO][2026-07-21 09:16:50][appmon-1761033662-main-4dfe916-dirty-4dfe916-M][2136] [ ntpserver : 4619 ][ /usr/sbin/ntpd ] re-spawned!
[INFO][2026-07-21 09:16:51][appmon-1761033662-main-4dfe916-dirty-4dfe916-M][2136] /usr/sbin/ntpd waiting for kill zombie process [ 4619 ]
[INFO][2026-07-21 09:16:51][appmon-1761033662-main-4dfe916-dirty-4dfe916-M][2136] /usr/sbin/ntpd cleaned zombie process [ 4619 ] — not signal-terminated
[INFO][2026-07-21 09:16:51][appmon-1761033662-main-4dfe916-dirty-4dfe916-M][2136] [ ntpserver : 4629 ][ /usr/sbin/ntpd ] re-spawned!
[INFO][2026-07-21 09:16:52][appmon-1761033662-main-4dfe916-dirty-4dfe916-M][2136] /usr/sbin/ntpd waiting for kill zombie process [ 4629 ]
[INFO][2026-07-21 09:16:52][appmon-1761033662-main-4dfe916-dirty-4dfe916-M][2136] /usr/sbin/ntpd cleaned zombie process [ 4629 ] — not signal-terminated
[INFO][2026-07-21 09:16:52][appmon-1761033662-main-4dfe916-dirty-4dfe916-M][2136] [ ntpserver : 4639 ][ /usr/sbin/ntpd ] re-spawned!
[INFO][2026-07-21 09:16:52][appmon-1761033662-main-4dfe916-dirty-4dfe916-M][2136] /usr/sbin/ntpd waiting for kill zombie process [ 4639 ]
[INFO][2026-07-21 09:16:52][appmon-1761033662-main-4dfe916-dirty-4dfe916-M][2136] /usr/sbin/ntpd cleaned zombie process [ 4639 ] — not signal-terminated
[INFO][2026-07-21 09:16:53][appmon-1761033662-main-4dfe916-dirty-4dfe916-M][2136] [ ntpserver : 4649 ][ /usr/sbin/ntpd ] re-spawned!
[INFO][2026-07-21 09:16:53][appmon-1761033662-main-4dfe916-dirty-4dfe916-M][2136] /usr/sbin/ntpd waiting for kill zombie process [ 4649 ]
[INFO][2026-07-21 09:16:53][appmon-1761033662-main-4dfe916-dirty-4dfe916-M][2136] /usr/sbin/ntpd cleaned zombie process [ 4649 ] — not signal-terminated
[INFO][2026-07-21 09:16:54][appmon-1761033662-main-4dfe916-dirty-4dfe916-M][2136] [ ntpserver : 4659 ][ /usr/sbin/ntpd ] re-spawned!
[INFO][2026-07-21 09:16:54][appmon-1761033662-main-4dfe916-dirty-4dfe916-M][2136] /usr/sbin/ntpd waiting for kill zombie process [ 4659 ]
[INFO][2026-07-21 09:16:54][appmon-1761033662-main-4dfe916-dirty-4dfe916-M][2136] /usr/sbin/ntpd cleaned zombie process [ 4659 ] — not signal-terminated
[INFO][2026-07-21 09:16:55][appmon-1761033662-main-4dfe916-dirty-4dfe916-M][2136] [ ntpserver : 4669 ][ /usr/sbin/ntpd ] re-spawned!
[INFO][2026-07-21 09:16:55][appmon-1761033662-main-4dfe916-dirty-4dfe916-M][2136] /usr/sbin/ntpd waiting for kill zombie process [ 4669 ]
[INFO][2026-07-21 09:16:55][appmon-1761033662-main-4dfe916-dirty-4dfe916-M][2136] /usr/sbin/ntpd cleaned zombie process [ 4669 ] — not signal-terminated
[INFO][2026-07-21 09:16:56][appmon-1761033662-main-4dfe916-dirty-4dfe916-M][2136] [ ntpserver : 4679 ][ /usr/sbin/ntpd ] re-spawned!
[INFO][2026-07-21 09:16:56][appmon-1761033662-main-4dfe916-dirty-4dfe916-M][2136] /usr/sbin/ntpd waiting for kill zombie process [ 4679 ]
[INFO][2026-07-21 09:16:56][appmon-1761033662-main-4dfe916-dirty-4dfe916-M][2136] /usr/sbin/ntpd cleaned zombie process [ 4679 ] — not signal-terminated
[INFO][2026-07-21 09:16:57][appmon-1761033662-main-4dfe916-dirty-4dfe916-M][2136] [ ntpserver : 4682 ][ /usr/sbin/ntpd ] re-spawned!
[INFO][2026-07-21 09:16:57][appmon-1761033662-main-4dfe916-dirty-4dfe916-M][2136] Network activity (eth0) SMDA: 0.00 mbps / 0.00 mbps / 0.00 mbps / 0.00 mbps T: 0.00 mbps
[INFO][2026-07-21 09:16:57][appmon-1761033662-main-4dfe916-dirty-4dfe916-M][2136] Network activity (eth1) SMDA: 0.00 mbps / 0.00 mbps / 0.01 mbps / 0.01 mbps T: 0.01 mbps
[INFO][2026-07-21 09:16:57][appmon-1761033662-main-4dfe916-dirty-4dfe916-M][2136] Disk activity (Total Disk) SMDA: 23.84 mbps / 21.35 mbps / 21.45 mbps / 21.45 mbps T: 0.12 mbps
[INFO][2026-07-21 09:16:57][appmon-1761033662-main-4dfe916-dirty-4dfe916-M][2136] CPU activity (CPU) SMA: 1.46 % / 1.88 % / 1.77 % / 2.18 % T: 2.18 %
[INFO][2026-07-21 09:16:57][appmon-1761033662-main-4dfe916-dirty-4dfe916-M][2136] /usr/sbin/ntpd waiting for kill zombie process [ 4682 ]
[INFO][2026-07-21 09:16:57][appmon-1761033662-main-4dfe916-dirty-4dfe916-M][2136] /usr/sbin/ntpd cleaned zombie process [ 4682 ] — not signal-terminated
[INFO][2026-07-21 09:16:57][appmon-1761033662-main-4dfe916-dirty-4dfe916-M][2136] [ ntpserver : 4692 ][ /usr/sbin/ntpd ] re-spawned!
[INFO][2026-07-21 09:16:58][appmon-1761033662-main-4dfe916-dirty-4dfe916-M][2136] /usr/sbin/ntpd waiting for kill zombie process [ 4692 ]
[INFO][2026-07-21 09:16:58][appmon-1761033662-main-4dfe916-dirty-4dfe916-M][2136] /usr/sbin/ntpd cleaned zombie process [ 4692 ] — not signal-terminated
[INFO][2026-07-21 09:16:58][appmon-1761033662-main-4dfe916-dirty-4dfe916-M][2136] [ ntpserver : 4702 ][ /usr/sbin/ntpd ] re-spawned!
[INFO][2026-07-21 09:16:59][appmon-1761033662-main-4dfe916-dirty-4dfe916-M][2136] /usr/sbin/ntpd waiting for kill zombie process [ 4702 ]
[INFO][2026-07-21 09:16:59][appmon-1761033662-main-4dfe916-dirty-4dfe916-M][2136] /usr/sbin/ntpd cleaned zombie process [ 4702 ] — not signal-terminated
[INFO][2026-07-21 09:16:59][appmon-1761033662-main-4dfe916-dirty-4dfe916-M][2136] [ ntpserver : 4712 ][ /usr/sbin/ntpd ] re-spawned!
[INFO][2026-07-21 09:17:00][appmon-1761033662-main-4dfe916-dirty-4dfe916-M][2136] /usr/sbin/ntpd waiting for kill zombie process [ 4712 ]
[INFO][2026-07-21 09:17:00][appmon-1761033662-main-4dfe916-dirty-4dfe916-M][2136] /usr/sbin/ntpd cleaned zombie process [ 4712 ] — not signal-terminated
[INFO][2026-07-21 09:17:00][appmon-1761033662-main-4dfe916-dirty-4dfe916-M][2136] [ ntpserver : 4722 ][ /usr/sbin/ntpd ] re-spawned!
[INFO][2026-07-21 09:17:01][appmon-1761033662-main-4dfe916-dirty-4dfe916-M][2136] /usr/sbin/ntpd waiting for kill zombie process [ 4722 ]
[INFO][2026-07-21 09:17:01][appmon-1761033662-main-4dfe916-dirty-4dfe916-M][2136] /usr/sbin/ntpd cleaned zombie process [ 4722 ] — not signal-terminated
[INFO][2026-07-21 09:17:01][appmon-1761033662-main-4dfe916-dirty-4dfe916-M][2136] [ ntpserver : 4732 ][ /usr/sbin/ntpd ] re-spawned!
[INFO][2026-07-21 09:17:01][appmon-1761033662-main-4dfe916-dirty-4dfe916-M][2136] /usr/sbin/ntpd waiting for kill zombie process [ 4732 ]
[INFO][2026-07-21 09:17:01][appmon-1761033662-main-4dfe916-dirty-4dfe916-M][2136] /usr/sbin/ntpd cleaned zombie process [ 4732 ] — not signal-terminated
[INFO][2026-07-21 09:17:02][appmon-1761033662-main-4dfe916-dirty-4dfe916-M][2136] [ ntpserver : 4753 ][ /usr/sbin/ntpd ] re-spawned!
[INFO][2026-07-21 09:17:02][appmon-1761033662-main-4dfe916-dirty-4dfe916-M][2136] /usr/sbin/ntpd waiting for kill zombie process [ 4753 ]
[INFO][2026-07-21 09:17:02][appmon-1761033662-main-4dfe916-dirty-4dfe916-M][2136] /usr/sbin/ntpd cleaned zombie process [ 4753 ] — not signal-terminated
[INFO][2026-07-21 09:17:03][appmon-1761033662-main-4dfe916-dirty-4dfe916-M][2136] [ ntpserver : 4763 ][ /usr/sbin/ntpd ] re-spawned!
[INFO][2026-07-21 09:17:03][appmon-1761033662-main-4dfe916-dirty-4dfe916-M][2136] /usr/sbin/ntpd waiting for kill zombie process [ 4763 ]
[INFO][2026-07-21 09:17:03][appmon-1761033662-main-4dfe916-dirty-4dfe916-M][2136] /usr/sbin/ntpd cleaned zombie process [ 4763 ] — not signal-terminated
[INFO][2026-07-21 09:17:04][appmon-1761033662-main-4dfe916-dirty-4dfe916-M][2136] [ ntpserver : 4766 ][ /usr/sbin/ntpd ] re-spawned!
[INFO][2026-07-21 09:17:04][appmon-1761033662-main-4dfe916-dirty-4dfe916-M][2136] /usr/sbin/ntpd waiting for kill zombie process [ 4766 ]
[INFO][2026-07-21 09:17:04][appmon-1761033662-main-4dfe916-dirty-4dfe916-M][2136] /usr/sbin/ntpd cleaned zombie process [ 4766 ] — not signal-terminated
[INFO][2026-07-21 09:17:05][appmon-1761033662-main-4dfe916-dirty-4dfe916-M][2136] [ ntpserver : 4776 ][ /usr/sbin/ntpd ] re-spawned!
[INFO][2026-07-21 09:17:05][appmon-1761033662-main-4dfe916-dirty-4dfe916-M][2136] /usr/sbin/ntpd waiting for kill zombie process [ 4776 ]
[INFO][2026-07-21 09:17:05][appmon-1761033662-main-4dfe916-dirty-4dfe916-M][2136] /usr/sbin/ntpd cleaned zombie process [ 4776 ] — not signal-terminated
[INFO][2026-07-21 09:17:06][appmon-1761033662-main-4dfe916-dirty-4dfe916-M][2136] [ ntpserver : 4786 ][ /usr/sbin/ntpd ] re-spawned!
[INFO][2026-07-21 09:17:06][appmon-1761033662-main-4dfe916-dirty-4dfe916-M][2136] /usr/sbin/ntpd waiting for kill zombie process [ 4786 ]
[INFO][2026-07-21 09:17:06][appmon-1761033662-main-4dfe916-dirty-4dfe916-M][2136] /usr/sbin/ntpd cleaned zombie process [ 4786 ] — not signal-terminated
[INFO][2026-07-21 09:17:06][appmon-1761033662-main-4dfe916-dirty-4dfe916-M][2136] [ ntpserver : 4796 ][ /usr/sbin/ntpd ] re-spawned!
[INFO][2026-07-21 09:17:07][appmon-1761033662-main-4dfe916-dirty-4dfe916-M][2136] Network activity (eth0) SMDA: 0.00 mbps / 0.00 mbps / 0.00 mbps / 0.00 mbps T: 0.00 mbps
[INFO][2026-07-21 09:17:07][appmon-1761033662-main-4dfe916-dirty-4dfe916-M][2136] Network activity (eth1) SMDA: 0.01 mbps / 0.00 mbps / 0.01 mbps / 0.01 mbps T: 0.01 mbps
[INFO][2026-07-21 09:17:07][appmon-1761033662-main-4dfe916-dirty-4dfe916-M][2136] Disk activity (Total Disk) SMDA: 20.98 mbps / 21.40 mbps / 21.17 mbps / 21.32 mbps T: 0.12 mbps
[INFO][2026-07-21 09:17:07][appmon-1761033662-main-4dfe916-dirty-4dfe916-M][2136] CPU activity (CPU) SMA: 2.07 % / 1.73 % / 1.85 % / 2.12 % T: 2.12 %
[INFO][2026-07-21 09:17:07][appmon-1761033662-main-4dfe916-dirty-4dfe916-M][2136] /usr/sbin/ntpd waiting for kill zombie process [ 4796 ]
[INFO][2026-07-21 09:17:07][appmon-1761033662-main-4dfe916-dirty-4dfe916-M][2136] /usr/sbin/ntpd cleaned zombie process [ 4796 ] — not signal-terminated
[INFO][2026-07-21 09:17:07][appmon-1761033662-main-4dfe916-dirty-4dfe916-M][2136] [ ntpserver : 4806 ][ /usr/sbin/ntpd ] re-spawned!
[INFO][2026-07-21 09:17:08][appmon-1761033662-main-4dfe916-dirty-4dfe916-M][2136] /usr/sbin/ntpd waiting for kill zombie process [ 4806 ]
[INFO][2026-07-21 09:17:08][appmon-1761033662-main-4dfe916-dirty-4dfe916-M][2136] /usr/sbin/ntpd cleaned zombie process [ 4806 ] — not signal-terminated
[INFO][2026-07-21 09:17:08][appmon-1761033662-main-4dfe916-dirty-4dfe916-M][2136] [ ntpserver : 4816 ][ /usr/sbin/ntpd ] re-spawned!
[INFO][2026-07-21 09:17:09][appmon-1761033662-main-4dfe916-dirty-4dfe916-M][2136] /usr/sbin/ntpd waiting for kill zombie process [ 4816 ]
[INFO][2026-07-21 09:17:09][appmon-1761033662-main-4dfe916-dirty-4dfe916-M][2136] /usr/sbin/ntpd cleaned zombie process [ 4816 ] — not signal-terminated
[INFO][2026-07-21 09:17:09][appmon-1761033662-main-4dfe916-dirty-4dfe916-M][2136] [ ntpserver : 4826 ][ /usr/sbin/ntpd ] re-spawned!
[INFO][2026-07-21 09:17:10][appmon-1761033662-main-4dfe916-dirty-4dfe916-M][2136] /usr/sbin/ntpd waiting for kill zombie process [ 4826 ]
[INFO][2026-07-21 09:17:10][appmon-1761033662-main-4dfe916-dirty-4dfe916-M][2136] /usr/sbin/ntpd cleaned zombie process [ 4826 ] — not signal-terminated
[INFO][2026-07-21 09:17:10][appmon-1761033662-main-4dfe916-dirty-4dfe916-M][2136] [ ntpserver : 4836 ][ /usr/sbin/ntpd ] re-spawned!
[INFO][2026-07-21 09:17:10][appmon-1761033662-main-4dfe916-dirty-4dfe916-M][2136] /usr/sbin/ntpd waiting for kill zombie process [ 4836 ]
[INFO][2026-07-21 09:17:10][appmon-1761033662-main-4dfe916-dirty-4dfe916-M][2136] /usr/sbin/ntpd cleaned zombie process [ 4836 ] — not signal-terminated
[INFO][2026-07-21 09:17:11][appmon-1761033662-main-4dfe916-dirty-4dfe916-M][2136] [ ntpserver : 4846 ][ /usr/sbin/ntpd ] re-spawned!
[INFO][2026-07-21 09:17:11][appmon-1761033662-main-4dfe916-dirty-4dfe916-M][2136] /usr/sbin/ntpd waiting for kill zombie process [ 4846 ]
[INFO][2026-07-21 09:17:11][appmon-1761033662-main-4dfe916-dirty-4dfe916-M][2136] /usr/sbin/ntpd cleaned zombie process [ 4846 ] — not signal-terminated
[INFO][2026-07-21 09:17:12][appmon-1761033662-main-4dfe916-dirty-4dfe916-M][2136] [ ntpserver : 4849 ][ /usr/sbin/ntpd ] re-spawned!
[INFO][2026-07-21 09:17:12][appmon-1761033662-main-4dfe916-dirty-4dfe916-M][2136] /usr/sbin/ntpd waiting for kill zombie process [ 4849 ]
[INFO][2026-07-21 09:17:12][appmon-1761033662-main-4dfe916-dirty-4dfe916-M][2136] /usr/sbin/ntpd cleaned zombie process [ 4849 ] — not signal-terminated
[INFO][2026-07-21 09:17:13][appmon-1761033662-main-4dfe916-dirty-4dfe916-M][2136] [ ntpserver : 4859 ][ /usr/sbin/ntpd ] re-spawned!
[INFO][2026-07-21 09:17:13][appmon-1761033662-main-4dfe916-dirty-4dfe916-M][2136] /usr/sbin/ntpd waiting for kill zombie process [ 4859 ]
[INFO][2026-07-21 09:17:13][appmon-1761033662-main-4dfe916-dirty-4dfe916-M][2136] /usr/sbin/ntpd cleaned zombie process [ 4859 ] — not signal-terminated
[INFO][2026-07-21 09:17:14][appmon-1761033662-main-4dfe916-dirty-4dfe916-M][2136] [ ntpserver : 4890 ][ /usr/sbin/ntpd ] re-spawned!
[INFO][2026-07-21 09:17:14][appmon-1761033662-main-4dfe916-dirty-4dfe916-M][2136] /usr/sbin/ntpd waiting for kill zombie process [ 4890 ]
[INFO][2026-07-21 09:17:14][appmon-1761033662-main-4dfe916-dirty-4dfe916-M][2136] /usr/sbin/ntpd cleaned zombie process [ 4890 ] — not signal-terminated
[INFO][2026-07-21 09:17:15][appmon-1761033662-main-4dfe916-dirty-4dfe916-M][2136] [ ntpserver : 4900 ][ /usr/sbin/ntpd ] re-spawned!
[INFO][2026-07-21 09:17:15][appmon-1761033662-main-4dfe916-dirty-4dfe916-M][2136] /usr/sbin/ntpd waiting for kill zombie process [ 4900 ]
[INFO][2026-07-21 09:17:15][appmon-1761033662-main-4dfe916-dirty-4dfe916-M][2136] /usr/sbin/ntpd cleaned zombie process [ 4900 ] — not signal-terminated
[INFO][2026-07-21 09:17:15][appmon-1761033662-main-4dfe916-dirty-4dfe916-M][2136] [ ntpserver : 4910 ][ /usr/sbin/ntpd ] re-spawned!
[INFO][2026-07-21 09:17:16][appmon-1761033662-main-4dfe916-dirty-4dfe916-M][2136] /usr/sbin/ntpd waiting for kill zombie process [ 4910 ]
[INFO][2026-07-21 09:17:16][appmon-1761033662-main-4dfe916-dirty-4dfe916-M][2136] /usr/sbin/ntpd cleaned zombie process [ 4910 ] — not signal-terminated
[INFO][2026-07-21 09:17:16][appmon-1761033662-main-4dfe916-dirty-4dfe916-M][2136] [ ntpserver : 4920 ][ /usr/sbin/ntpd ] re-spawned!
[INFO][2026-07-21 09:17:17][appmon-1761033662-main-4dfe916-dirty-4dfe916-M][2136] Network activity (eth0) SMDA: 0.00 mbps / 0.00 mbps / 0.00 mbps / 0.00 mbps T: 0.00 mbps
[INFO][2026-07-21 09:17:17][appmon-1761033662-main-4dfe916-dirty-4dfe916-M][2136] Network activity (eth1) SMDA: 0.01 mbps / 0.01 mbps / 0.01 mbps / 0.01 mbps T: 0.01 mbps
[INFO][2026-07-21 09:17:17][appmon-1761033662-main-4dfe916-dirty-4dfe916-M][2136] Disk activity (Total Disk) SMDA: 20.69 mbps / 20.63 mbps / 21.13 mbps / 21.23 mbps T: 0.13 mbps
[INFO][2026-07-21 09:17:17][appmon-1761033662-main-4dfe916-dirty-4dfe916-M][2136] CPU activity (CPU) SMA: 4.43 % / 2.93 % / 2.01 % / 2.32 % T: 2.32 %
[INFO][2026-07-21 09:17:17][appmon-1761033662-main-4dfe916-dirty-4dfe916-M][2136] /usr/sbin/ntpd waiting for kill zombie process [ 4920 ]
[INFO][2026-07-21 09:17:17][appmon-1761033662-main-4dfe916-dirty-4dfe916-M][2136] /usr/sbin/ntpd cleaned zombie process [ 4920 ] — not signal-terminated
[INFO][2026-07-21 09:17:17][appmon-1761033662-main-4dfe916-dirty-4dfe916-M][2136] [ ntpserver : 4930 ][ /usr/sbin/ntpd ] re-spawned!
[INFO][2026-07-21 09:17:18][appmon-1761033662-main-4dfe916-dirty-4dfe916-M][2136] /usr/sbin/ntpd waiting for kill zombie process [ 4930 ]
[INFO][2026-07-21 09:17:18][appmon-1761033662-main-4dfe916-dirty-4dfe916-M][2136] /usr/sbin/ntpd cleaned zombie process [ 4930 ] — not signal-terminated
[INFO][2026-07-21 09:17:18][appmon-1761033662-main-4dfe916-dirty-4dfe916-M][2136] [ ntpserver : 4940 ][ /usr/sbin/ntpd ] re-spawned!
[INFO][2026-07-21 09:17:19][appmon-1761033662-main-4dfe916-dirty-4dfe916-M][2136] /usr/sbin/ntpd waiting for kill zombie process [ 4940 ]
[INFO][2026-07-21 09:17:19][appmon-1761033662-main-4dfe916-dirty-4dfe916-M][2136] /usr/sbin/ntpd cleaned zombie process [ 4940 ] — not signal-terminated
[INFO][2026-07-21 09:17:19][appmon-1761033662-main-4dfe916-dirty-4dfe916-M][2136] [ ntpserver : 4950 ][ /usr/sbin/ntpd ] re-spawned!
[INFO][2026-07-21 09:17:19][appmon-1761033662-main-4dfe916-dirty-4dfe916-M][2136] /usr/sbin/ntpd waiting for kill zombie process [ 4950 ]
[INFO][2026-07-21 09:17:19][appmon-1761033662-main-4dfe916-dirty-4dfe916-M][2136] /usr/sbin/ntpd cleaned zombie process [ 4950 ] — not signal-terminated
[INFO][2026-07-21 09:17:20][appmon-1761033662-main-4dfe916-dirty-4dfe916-M][2136] [ ntpserver : 4953 ][ /usr/sbin/ntpd ] re-spawned!
[INFO][2026-07-21 09:17:20][appmon-1761033662-main-4dfe916-dirty-4dfe916-M][2136] /usr/sbin/ntpd waiting for kill zombie process [ 4953 ]
[INFO][2026-07-21 09:17:20][appmon-1761033662-main-4dfe916-dirty-4dfe916-M][2136] /usr/sbin/ntpd cleaned zombie process [ 4953 ] — not signal-terminated
[INFO][2026-07-21 09:17:21][appmon-1761033662-main-4dfe916-dirty-4dfe916-M][2136] [ ntpserver : 4963 ][ /usr/sbin/ntpd ] re-spawned!
[INFO][2026-07-21 09:17:21][appmon-1761033662-main-4dfe916-dirty-4dfe916-M][2136] /usr/sbin/ntpd waiting for kill zombie process [ 4963 ]
[INFO][2026-07-21 09:17:21][appmon-1761033662-main-4dfe916-dirty-4dfe916-M][2136] /usr/sbin/ntpd cleaned zombie process [ 4963 ] — not signal-terminated
[INFO][2026-07-21 09:17:22][appmon-1761033662-main-4dfe916-dirty-4dfe916-M][2136] [ ntpserver : 4973 ][ /usr/sbin/ntpd ] re-spawned!
[INFO][2026-07-21 09:17:22][appmon-1761033662-main-4dfe916-dirty-4dfe916-M][2136] /usr/sbin/ntpd waiting for kill zombie process [ 4973 ]
[INFO][2026-07-21 09:17:22][appmon-1761033662-main-4dfe916-dirty-4dfe916-M][2136] /usr/sbin/ntpd cleaned zombie process [ 4973 ] — not signal-terminated
[INFO][2026-07-21 09:17:23][appmon-1761033662-main-4dfe916-dirty-4dfe916-M][2136] [ ntpserver : 4983 ][ /usr/sbin/ntpd ] re-spawned!
[INFO][2026-07-21 09:17:23][appmon-1761033662-main-4dfe916-dirty-4dfe916-M][2136] /usr/sbin/ntpd waiting for kill zombie process [ 4983 ]
[INFO][2026-07-21 09:17:23][appmon-1761033662-main-4dfe916-dirty-4dfe916-M][2136] /usr/sbin/ntpd cleaned zombie process [ 4983 ] — not signal-terminated
[INFO][2026-07-21 09:17:24][appmon-1761033662-main-4dfe916-dirty-4dfe916-M][2136] [ ntpserver : 4993 ][ /usr/sbin/ntpd ] re-spawned!
[INFO][2026-07-21 09:17:24][appmon-1761033662-main-4dfe916-dirty-4dfe916-M][2136] /usr/sbin/ntpd waiting for kill zombie process [ 4993 ]
[INFO][2026-07-21 09:17:24][appmon-1761033662-main-4dfe916-dirty-4dfe916-M][2136] /usr/sbin/ntpd cleaned zombie process [ 4993 ] — not signal-terminated
[INFO][2026-07-21 09:17:24][appmon-1761033662-main-4dfe916-dirty-4dfe916-M][2136] [ ntpserver : 5003 ][ /usr/sbin/ntpd ] re-spawned!
[INFO][2026-07-21 09:17:25][appmon-1761033662-main-4dfe916-dirty-4dfe916-M][2136] /usr/sbin/ntpd waiting for kill zombie process [ 5003 ]
[INFO][2026-07-21 09:17:25][appmon-1761033662-main-4dfe916-dirty-4dfe916-M][2136] /usr/sbin/ntpd cleaned zombie process [ 5003 ] — not signal-terminated
[INFO][2026-07-21 09:17:25][appmon-1761033662-main-4dfe916-dirty-4dfe916-M][2136] [ ntpserver : 5013 ][ /usr/sbin/ntpd ] re-spawned!
[INFO][2026-07-21 09:17:26][appmon-1761033662-main-4dfe916-dirty-4dfe916-M][2136] /usr/sbin/ntpd waiting for kill zombie process [ 5013 ]
[INFO][2026-07-21 09:17:26][appmon-1761033662-main-4dfe916-dirty-4dfe916-M][2136] /usr/sbin/ntpd cleaned zombie process [ 5013 ] — not signal-terminated
[INFO][2026-07-21 09:17:26][appmon-1761033662-main-4dfe916-dirty-4dfe916-M][2136] [ ntpserver : 5023 ][ /usr/sbin/ntpd ] re-spawned!
[INFO][2026-07-21 09:17:27][appmon-1761033662-main-4dfe916-dirty-4dfe916-M][2136] /usr/sbin/ntpd waiting for kill zombie process [ 5023 ]
[INFO][2026-07-21 09:17:27][appmon-1761033662-main-4dfe916-dirty-4dfe916-M][2136] /usr/sbin/ntpd cleaned zombie process [ 5023 ] — not signal-terminated
[INFO][2026-07-21 09:17:27][appmon-1761033662-main-4dfe916-dirty-4dfe916-M][2136] Network activity (eth0) SMDA: 0.00 mbps / 0.00 mbps / 0.00 mbps / 0.00 mbps T: 0.00 mbps
[INFO][2026-07-21 09:17:27][appmon-1761033662-main-4dfe916-dirty-4dfe916-M][2136] Network activity (eth1) SMDA: 0.00 mbps / 0.01 mbps / 0.01 mbps / 0.01 mbps T: 0.01 mbps
[INFO][2026-07-21 09:17:27][appmon-1761033662-main-4dfe916-dirty-4dfe916-M][2136] Disk activity (Total Disk) SMDA: 20.62 mbps / 20.55 mbps / 21.17 mbps / 21.14 mbps T: 0.14 mbps
[INFO][2026-07-21 09:17:27][appmon-1761033662-main-4dfe916-dirty-4dfe916-M][2136] CPU activity (CPU) SMA: 6.29 % / 4.47 % / 2.51 % / 2.58 % T: 2.58 %
[INFO][2026-07-21 09:17:27][appmon-1761033662-main-4dfe916-dirty-4dfe916-M][2136] [ ntpserver : 5026 ][ /usr/sbin/ntpd ] re-spawned!
[INFO][2026-07-21 09:17:28][appmon-1761033662-main-4dfe916-dirty-4dfe916-M][2136] /usr/sbin/ntpd waiting for kill zombie process [ 5026 ]
[INFO][2026-07-21 09:17:28][appmon-1761033662-main-4dfe916-dirty-4dfe916-M][2136] /usr/sbin/ntpd cleaned zombie process [ 5026 ] — not signal-terminated
[INFO][2026-07-21 09:17:28][appmon-1761033662-main-4dfe916-dirty-4dfe916-M][2136] [ ntpserver : 5036 ][ /usr/sbin/ntpd ] re-spawned!
[INFO][2026-07-21 09:17:29][appmon-1761033662-main-4dfe916-dirty-4dfe916-M][2136] /usr/sbin/ntpd waiting for kill zombie process [ 5036 ]
[INFO][2026-07-21 09:17:29][appmon-1761033662-main-4dfe916-dirty-4dfe916-M][2136] /usr/sbin/ntpd cleaned zombie process [ 5036 ] — not signal-terminated
[INFO][2026-07-21 09:17:29][appmon-1761033662-main-4dfe916-dirty-4dfe916-M][2136] [ ntpserver : 5046 ][ /usr/sbin/ntpd ] re-spawned!
[INFO][2026-07-21 09:17:29][appmon-1761033662-main-4dfe916-dirty-4dfe916-M][2136] /usr/sbin/ntpd waiting for kill zombie process [ 5046 ]
[INFO][2026-07-21 09:17:29][appmon-1761033662-main-4dfe916-dirty-4dfe916-M][2136] /usr/sbin/ntpd cleaned zombie process [ 5046 ] — not signal-terminated
[INFO][2026-07-21 09:17:30][appmon-1761033662-main-4dfe916-dirty-4dfe916-M][2136] [ ntpserver : 5056 ][ /usr/sbin/ntpd ] re-spawned!
[INFO][2026-07-21 09:17:30][appmon-1761033662-main-4dfe916-dirty-4dfe916-M][2136] /usr/sbin/ntpd waiting for kill zombie process [ 5056 ]
[INFO][2026-07-21 09:17:30][appmon-1761033662-main-4dfe916-dirty-4dfe916-M][2136] /usr/sbin/ntpd cleaned zombie process [ 5056 ] — not signal-terminated
[INFO][2026-07-21 09:17:31][appmon-1761033662-main-4dfe916-dirty-4dfe916-M][2136] [ ntpserver : 5066 ][ /usr/sbin/ntpd ] re-spawned!
[INFO][2026-07-21 09:17:31][appmon-1761033662-main-4dfe916-dirty-4dfe916-M][2136] /usr/sbin/ntpd waiting for kill zombie process [ 5066 ]
[INFO][2026-07-21 09:17:31][appmon-1761033662-main-4dfe916-dirty-4dfe916-M][2136] /usr/sbin/ntpd cleaned zombie process [ 5066 ] — not signal-terminated
[INFO][2026-07-21 09:17:32][appmon-1761033662-main-4dfe916-dirty-4dfe916-M][2136] [ ntpserver : 5076 ][ /usr/sbin/ntpd ] re-spawned!
[INFO][2026-07-21 09:17:32][appmon-1761033662-main-4dfe916-dirty-4dfe916-M][2136] /usr/sbin/ntpd waiting for kill zombie process [ 5076 ]
[INFO][2026-07-21 09:17:32][appmon-1761033662-main-4dfe916-dirty-4dfe916-M][2136] /usr/sbin/ntpd cleaned zombie process [ 5076 ] — not signal-terminated
[INFO][2026-07-21 09:17:33][appmon-1761033662-main-4dfe916-dirty-4dfe916-M][2136] [ ntpserver : 5086 ][ /usr/sbin/ntpd ] re-spawned!
[INFO][2026-07-21 09:17:33][appmon-1761033662-main-4dfe916-dirty-4dfe916-M][2136] /usr/sbin/ntpd waiting for kill zombie process [ 5086 ]
[INFO][2026-07-21 09:17:33][appmon-1761033662-main-4dfe916-dirty-4dfe916-M][2136] /usr/sbin/ntpd cleaned zombie process [ 5086 ] — not signal-terminated
[INFO][2026-07-21 09:17:34][appmon-1761033662-main-4dfe916-dirty-4dfe916-M][2136] [ ntpserver : 5096 ][ /usr/sbin/ntpd ] re-spawned!
[INFO][2026-07-21 09:17:34][appmon-1761033662-main-4dfe916-dirty-4dfe916-M][2136] /usr/sbin/ntpd waiting for kill zombie process [ 5096 ]
[INFO][2026-07-21 09:17:34][appmon-1761033662-main-4dfe916-dirty-4dfe916-M][2136] /usr/sbin/ntpd cleaned zombie process [ 5096 ] — not signal-terminated
[INFO][2026-07-21 09:17:34][appmon-1761033662-main-4dfe916-dirty-4dfe916-M][2136] [ ntpserver : 5106 ][ /usr/sbin/ntpd ] re-spawned!
[INFO][2026-07-21 09:17:35][appmon-1761033662-main-4dfe916-dirty-4dfe916-M][2136] /usr/sbin/ntpd waiting for kill zombie process [ 5106 ]
[INFO][2026-07-21 09:17:35][appmon-1761033662-main-4dfe916-dirty-4dfe916-M][2136] /usr/sbin/ntpd cleaned zombie process [ 5106 ] — not signal-terminated
[INFO][2026-07-21 09:17:35][appmon-1761033662-main-4dfe916-dirty-4dfe916-M][2136] [ ntpserver : 5109 ][ /usr/sbin/ntpd ] re-spawned!
[INFO][2026-07-21 09:17:36][appmon-1761033662-main-4dfe916-dirty-4dfe916-M][2136] /usr/sbin/ntpd waiting for kill zombie process [ 5109 ]
[INFO][2026-07-21 09:17:36][appmon-1761033662-main-4dfe916-dirty-4dfe916-M][2136] /usr/sbin/ntpd cleaned zombie process [ 5109 ] — not signal-terminated
[INFO][2026-07-21 09:17:36][appmon-1761033662-main-4dfe916-dirty-4dfe916-M][2136] [ ntpserver : 5119 ][ /usr/sbin/ntpd ] re-spawned!
[INFO][2026-07-21 09:17:37][appmon-1761033662-main-4dfe916-dirty-4dfe916-M][2136] /usr/sbin/ntpd waiting for kill zombie process [ 5119 ]
[INFO][2026-07-21 09:17:37][appmon-1761033662-main-4dfe916-dirty-4dfe916-M][2136] /usr/sbin/ntpd cleaned zombie process [ 5119 ] — not signal-terminated
[INFO][2026-07-21 09:17:37][appmon-1761033662-main-4dfe916-dirty-4dfe916-M][2136] Network activity (eth0) SMDA: 0.00 mbps / 0.00 mbps / 0.00 mbps / 0.00 mbps T: 0.00 mbps
[INFO][2026-07-21 09:17:37][appmon-1761033662-main-4dfe916-dirty-4dfe916-M][2136] Network activity (eth1) SMDA: 0.00 mbps / 0.00 mbps / 0.01 mbps / 0.01 mbps T: 0.01 mbps
[INFO][2026-07-21 09:17:37][appmon-1761033662-main-4dfe916-dirty-4dfe916-M][2136] Disk activity (Total Disk) SMDA: 20.48 mbps / 20.47 mbps / 20.82 mbps / 21.07 mbps T: 0.14 mbps
[INFO][2026-07-21 09:17:37][appmon-1761033662-main-4dfe916-dirty-4dfe916-M][2136] CPU activity (CPU) SMA: 2.30 % / 2.86 % / 2.59 % / 2.50 % T: 2.50 %
[INFO][2026-07-21 09:17:37][appmon-1761033662-main-4dfe916-dirty-4dfe916-M][2136] [ ntpserver : 5129 ][ /usr/sbin/ntpd ] re-spawned!
[INFO][2026-07-21 09:17:38][appmon-1761033662-main-4dfe916-dirty-4dfe916-M][2136] /usr/sbin/ntpd waiting for kill zombie process [ 5129 ]
[INFO][2026-07-21 09:17:38][appmon-1761033662-main-4dfe916-dirty-4dfe916-M][2136] /usr/sbin/ntpd cleaned zombie process [ 5129 ] — not signal-terminated
[INFO][2026-07-21 09:17:38][appmon-1761033662-main-4dfe916-dirty-4dfe916-M][2136] [ ntpserver : 5139 ][ /usr/sbin/ntpd ] re-spawned!
[INFO][2026-07-21 09:17:38][appmon-1761033662-main-4dfe916-dirty-4dfe916-M][2136] /usr/sbin/ntpd waiting for kill zombie process [ 5139 ]
[INFO][2026-07-21 09:17:38][appmon-1761033662-main-4dfe916-dirty-4dfe916-M][2136] /usr/sbin/ntpd cleaned zombie process [ 5139 ] — not signal-terminated
[INFO][2026-07-21 09:17:39][appmon-1761033662-main-4dfe916-dirty-4dfe916-M][2136] [ ntpserver : 5149 ][ /usr/sbin/ntpd ] re-spawned!
[INFO][2026-07-21 09:17:39][appmon-1761033662-main-4dfe916-dirty-4dfe916-M][2136] /usr/sbin/ntpd waiting for kill zombie process [ 5149 ]
[INFO][2026-07-21 09:17:39][appmon-1761033662-main-4dfe916-dirty-4dfe916-M][2136] /usr/sbin/ntpd cleaned zombie process [ 5149 ] — not signal-terminated
[INFO][2026-07-21 09:17:40][appmon-1761033662-main-4dfe916-dirty-4dfe916-M][2136] [ ntpserver : 5159 ][ /usr/sbin/ntpd ] re-spawned!
[INFO][2026-07-21 09:17:40][appmon-1761033662-main-4dfe916-dirty-4dfe916-M][2136] /usr/sbin/ntpd waiting for kill zombie process [ 5159 ]
[INFO][2026-07-21 09:17:40][appmon-1761033662-main-4dfe916-dirty-4dfe916-M][2136] /usr/sbin/ntpd cleaned zombie process [ 5159 ] — not signal-terminated
[INFO][2026-07-21 09:17:41][appmon-1761033662-main-4dfe916-dirty-4dfe916-M][2136] [ ntpserver : 5169 ][ /usr/sbin/ntpd ] re-spawned!
[INFO][2026-07-21 09:17:41][appmon-1761033662-main-4dfe916-dirty-4dfe916-M][2136] /usr/sbin/ntpd waiting for kill zombie process [ 5169 ]
[INFO][2026-07-21 09:17:41][appmon-1761033662-main-4dfe916-dirty-4dfe916-M][2136] /usr/sbin/ntpd cleaned zombie process [ 5169 ] — not signal-terminated
[INFO][2026-07-21 09:17:42][appmon-1761033662-main-4dfe916-dirty-4dfe916-M][2136] [ ntpserver : 5179 ][ /usr/sbin/ntpd ] re-spawned!
[INFO][2026-07-21 09:17:42][appmon-1761033662-main-4dfe916-dirty-4dfe916-M][2136] /usr/sbin/ntpd waiting for kill zombie process [ 5179 ]
[INFO][2026-07-21 09:17:42][appmon-1761033662-main-4dfe916-dirty-4dfe916-M][2136] /usr/sbin/ntpd cleaned zombie process [ 5179 ] — not signal-terminated
[INFO][2026-07-21 09:17:43][appmon-1761033662-main-4dfe916-dirty-4dfe916-M][2136] [ ntpserver : 5189 ][ /usr/sbin/ntpd ] re-spawned!
[INFO][2026-07-21 09:17:43][appmon-1761033662-main-4dfe916-dirty-4dfe916-M][2136] /usr/sbin/ntpd waiting for kill zombie process [ 5189 ]
[INFO][2026-07-21 09:17:43][appmon-1761033662-main-4dfe916-dirty-4dfe916-M][2136] /usr/sbin/ntpd cleaned zombie process [ 5189 ] — not signal-terminated
[INFO][2026-07-21 09:17:43][appmon-1761033662-main-4dfe916-dirty-4dfe916-M][2136] [ ntpserver : 5195 ][ /usr/sbin/ntpd ] re-spawned!
[INFO][2026-07-21 09:17:44][appmon-1761033662-main-4dfe916-dirty-4dfe916-M][2136] /usr/sbin/ntpd waiting for kill zombie process [ 5195 ]
[INFO][2026-07-21 09:17:44][appmon-1761033662-main-4dfe916-dirty-4dfe916-M][2136] /usr/sbin/ntpd cleaned zombie process [ 5195 ] — not signal-terminated
[INFO][2026-07-21 09:17:44][appmon-1761033662-main-4dfe916-dirty-4dfe916-M][2136] [ ntpserver : 5223 ][ /usr/sbin/ntpd ] re-spawned!
[INFO][2026-07-21 09:17:45][appmon-1761033662-main-4dfe916-dirty-4dfe916-M][2136] /usr/sbin/ntpd waiting for kill zombie process [ 5223 ]
[INFO][2026-07-21 09:17:45][appmon-1761033662-main-4dfe916-dirty-4dfe916-M][2136] /usr/sbin/ntpd cleaned zombie process [ 5223 ] — not signal-terminated
[INFO][2026-07-21 09:17:45][appmon-1761033662-main-4dfe916-dirty-4dfe916-M][2136] [ ntpserver : 5233 ][ /usr/sbin/ntpd ] re-spawned!
[INFO][2026-07-21 09:17:46][appmon-1761033662-main-4dfe916-dirty-4dfe916-M][2136] /usr/sbin/ntpd waiting for kill zombie process [ 5233 ]
[INFO][2026-07-21 09:17:46][appmon-1761033662-main-4dfe916-dirty-4dfe916-M][2136] /usr/sbin/ntpd cleaned zombie process [ 5233 ] — not signal-terminated
[INFO][2026-07-21 09:17:46][appmon-1761033662-main-4dfe916-dirty-4dfe916-M][2136] [ ntpserver : 5243 ][ /usr/sbin/ntpd ] re-spawned!
[INFO][2026-07-21 09:17:47][appmon-1761033662-main-4dfe916-dirty-4dfe916-M][2136] /usr/sbin/ntpd waiting for kill zombie process [ 5243 ]
[INFO][2026-07-21 09:17:47][appmon-1761033662-main-4dfe916-dirty-4dfe916-M][2136] /usr/sbin/ntpd cleaned zombie process [ 5243 ] — not signal-terminated
[INFO][2026-07-21 09:17:47][appmon-1761033662-main-4dfe916-dirty-4dfe916-M][2136] Network activity (eth0) SMDA: 0.00 mbps / 0.00 mbps / 0.00 mbps / 0.00 mbps T: 0.00 mbps
[INFO][2026-07-21 09:17:47][appmon-1761033662-main-4dfe916-dirty-4dfe916-M][2136] Network activity (eth1) SMDA: 0.01 mbps / 0.01 mbps / 0.01 mbps / 0.01 mbps T: 0.01 mbps
[INFO][2026-07-21 09:17:47][appmon-1761033662-main-4dfe916-dirty-4dfe916-M][2136] Disk activity (Total Disk) SMDA: 20.74 mbps / 20.49 mbps / 20.81 mbps / 21.01 mbps T: 0.15 mbps
[INFO][2026-07-21 09:17:47][appmon-1761033662-main-4dfe916-dirty-4dfe916-M][2136] CPU activity (CPU) SMA: 1.67 % / 1.39 % / 2.49 % / 2.40 % T: 2.40 %
[INFO][2026-07-21 09:17:47][appmon-1761033662-main-4dfe916-dirty-4dfe916-M][2136] [ ntpserver : 5253 ][ /usr/sbin/ntpd ] re-spawned!
[INFO][2026-07-21 09:17:47][appmon-1761033662-main-4dfe916-dirty-4dfe916-M][2136] /usr/sbin/ntpd waiting for kill zombie process [ 5253 ]
[INFO][2026-07-21 09:17:47][appmon-1761033662-main-4dfe916-dirty-4dfe916-M][2136] /usr/sbin/ntpd cleaned zombie process [ 5253 ] — not signal-terminated
[INFO][2026-07-21 09:17:48][appmon-1761033662-main-4dfe916-dirty-4dfe916-M][2136] [ ntpserver : 5263 ][ /usr/sbin/ntpd ] re-spawned!
[INFO][2026-07-21 09:17:48][appmon-1761033662-main-4dfe916-dirty-4dfe916-M][2136] /usr/sbin/ntpd waiting for kill zombie process [ 5263 ]
[INFO][2026-07-21 09:17:48][appmon-1761033662-main-4dfe916-dirty-4dfe916-M][2136] /usr/sbin/ntpd cleaned zombie process [ 5263 ] — not signal-terminated
[INFO][2026-07-21 09:17:49][appmon-1761033662-main-4dfe916-dirty-4dfe916-M][2136] [ ntpserver : 5273 ][ /usr/sbin/ntpd ] re-spawned!
[INFO][2026-07-21 09:17:49][appmon-1761033662-main-4dfe916-dirty-4dfe916-M][2136] /usr/sbin/ntpd waiting for kill zombie process [ 5273 ]
[INFO][2026-07-21 09:17:49][appmon-1761033662-main-4dfe916-dirty-4dfe916-M][2136] /usr/sbin/ntpd cleaned zombie process [ 5273 ] — not signal-terminated
[INFO][2026-07-21 09:17:50][appmon-1761033662-main-4dfe916-dirty-4dfe916-M][2136] [ ntpserver : 5283 ][ /usr/sbin/ntpd ] re-spawned!
[INFO][2026-07-21 09:17:50][appmon-1761033662-main-4dfe916-dirty-4dfe916-M][2136] /usr/sbin/ntpd waiting for kill zombie process [ 5283 ]
[INFO][2026-07-21 09:17:50][appmon-1761033662-main-4dfe916-dirty-4dfe916-M][2136] /usr/sbin/ntpd cleaned zombie process [ 5283 ] — not signal-terminated
[INFO][2026-07-21 09:17:51][appmon-1761033662-main-4dfe916-dirty-4dfe916-M][2136] [ ntpserver : 5286 ][ /usr/sbin/ntpd ] re-spawned!
[INFO][2026-07-21 09:17:51][appmon-1761033662-main-4dfe916-dirty-4dfe916-M][2136] /usr/sbin/ntpd waiting for kill zombie process [ 5286 ]
[INFO][2026-07-21 09:17:51][appmon-1761033662-main-4dfe916-dirty-4dfe916-M][2136] /usr/sbin/ntpd cleaned zombie process [ 5286 ] — not signal-terminated
[INFO][2026-07-21 09:17:52][appmon-1761033662-main-4dfe916-dirty-4dfe916-M][2136] [ ntpserver : 5296 ][ /usr/sbin/ntpd ] re-spawned!
[INFO][2026-07-21 09:17:52][appmon-1761033662-main-4dfe916-dirty-4dfe916-M][2136] /usr/sbin/ntpd waiting for kill zombie process [ 5296 ]
[INFO][2026-07-21 09:17:52][appmon-1761033662-main-4dfe916-dirty-4dfe916-M][2136] /usr/sbin/ntpd cleaned zombie process [ 5296 ] — not signal-terminated
[INFO][2026-07-21 09:17:52][appmon-1761033662-main-4dfe916-dirty-4dfe916-M][2136] [ ntpserver : 5306 ][ /usr/sbin/ntpd ] re-spawned!
[INFO][2026-07-21 09:17:53][appmon-1761033662-main-4dfe916-dirty-4dfe916-M][2136] /usr/sbin/ntpd waiting for kill zombie process [ 5306 ]
[INFO][2026-07-21 09:17:53][appmon-1761033662-main-4dfe916-dirty-4dfe916-M][2136] /usr/sbin/ntpd cleaned zombie process [ 5306 ] — not signal-terminated
[INFO][2026-07-21 09:17:53][appmon-1761033662-main-4dfe916-dirty-4dfe916-M][2136] [ ntpserver : 5316 ][ /usr/sbin/ntpd ] re-spawned!
[INFO][2026-07-21 09:17:54][appmon-1761033662-main-4dfe916-dirty-4dfe916-M][2136] /usr/sbin/ntpd waiting for kill zombie process [ 5316 ]
[INFO][2026-07-21 09:17:54][appmon-1761033662-main-4dfe916-dirty-4dfe916-M][2136] /usr/sbin/ntpd cleaned zombie process [ 5316 ] — not signal-terminated
[INFO][2026-07-21 09:17:54][appmon-1761033662-main-4dfe916-dirty-4dfe916-M][2136] [ ntpserver : 5326 ][ /usr/sbin/ntpd ] re-spawned!
[INFO][2026-07-21 09:17:55][appmon-1761033662-main-4dfe916-dirty-4dfe916-M][2136] /usr/sbin/ntpd waiting for kill zombie process [ 5326 ]
[INFO][2026-07-21 09:17:55][appmon-1761033662-main-4dfe916-dirty-4dfe916-M][2136] /usr/sbin/ntpd cleaned zombie process [ 5326 ] — not signal-terminated
[INFO][2026-07-21 09:17:55][appmon-1761033662-main-4dfe916-dirty-4dfe916-M][2136] [ ntpserver : 5336 ][ /usr/sbin/ntpd ] re-spawned!
[INFO][2026-07-21 09:17:56][appmon-1761033662-main-4dfe916-dirty-4dfe916-M][2136] /usr/sbin/ntpd waiting for kill zombie process [ 5336 ]
[INFO][2026-07-21 09:17:56][appmon-1761033662-main-4dfe916-dirty-4dfe916-M][2136] /usr/sbin/ntpd cleaned zombie process [ 5336 ] — not signal-terminated
[INFO][2026-07-21 09:17:56][appmon-1761033662-main-4dfe916-dirty-4dfe916-M][2136] [ ntpserver : 5346 ][ /usr/sbin/ntpd ] re-spawned!
[INFO][2026-07-21 09:17:56][appmon-1761033662-main-4dfe916-dirty-4dfe916-M][2136] /usr/sbin/ntpd waiting for kill zombie process [ 5346 ]
[INFO][2026-07-21 09:17:56][appmon-1761033662-main-4dfe916-dirty-4dfe916-M][2136] /usr/sbin/ntpd cleaned zombie process [ 5346 ] — not signal-terminated
[INFO][2026-07-21 09:17:57][appmon-1761033662-main-4dfe916-dirty-4dfe916-M][2136] Network activity (eth0) SMDA: 0.00 mbps / 0.00 mbps / 0.00 mbps / 0.00 mbps T: 0.00 mbps
[INFO][2026-07-21 09:17:57][appmon-1761033662-main-4dfe916-dirty-4dfe916-M][2136] Network activity (eth1) SMDA: 0.00 mbps / 0.01 mbps / 0.01 mbps / 0.01 mbps T: 0.01 mbps
[INFO][2026-07-21 09:17:57][appmon-1761033662-main-4dfe916-dirty-4dfe916-M][2136] Disk activity (Total Disk) SMDA: 20.57 mbps / 21.36 mbps / 20.82 mbps / 21.12 mbps T: 0.16 mbps
[INFO][2026-07-21 09:17:57][appmon-1761033662-main-4dfe916-dirty-4dfe916-M][2136] CPU activity (CPU) SMA: 1.26 % / 1.46 % / 2.59 % / 2.35 % T: 2.35 %
[INFO][2026-07-21 09:17:57][appmon-1761033662-main-4dfe916-dirty-4dfe916-M][2136] [ ntpserver : 5356 ][ /usr/sbin/ntpd ] re-spawned!
[INFO][2026-07-21 09:17:57][appmon-1761033662-main-4dfe916-dirty-4dfe916-M][2136] /usr/sbin/ntpd waiting for kill zombie process [ 5356 ]
[INFO][2026-07-21 09:17:57][appmon-1761033662-main-4dfe916-dirty-4dfe916-M][2136] /usr/sbin/ntpd cleaned zombie process [ 5356 ] — not signal-terminated
[INFO][2026-07-21 09:17:58][appmon-1761033662-main-4dfe916-dirty-4dfe916-M][2136] [ ntpserver : 5366 ][ /usr/sbin/ntpd ] re-spawned!
[INFO][2026-07-21 09:17:58][appmon-1761033662-main-4dfe916-dirty-4dfe916-M][2136] /usr/sbin/ntpd waiting for kill zombie process [ 5366 ]
[INFO][2026-07-21 09:17:58][appmon-1761033662-main-4dfe916-dirty-4dfe916-M][2136] /usr/sbin/ntpd cleaned zombie process [ 5366 ] — not signal-terminated
[INFO][2026-07-21 09:17:59][appmon-1761033662-main-4dfe916-dirty-4dfe916-M][2136] [ ntpserver : 5370 ][ /usr/sbin/ntpd ] re-spawned!
[INFO][2026-07-21 09:17:59][appmon-1761033662-main-4dfe916-dirty-4dfe916-M][2136] /usr/sbin/ntpd waiting for kill zombie process [ 5370 ]
[INFO][2026-07-21 09:17:59][appmon-1761033662-main-4dfe916-dirty-4dfe916-M][2136] /usr/sbin/ntpd cleaned zombie process [ 5370 ] — not signal-terminated
[INFO][2026-07-21 09:18:00][appmon-1761033662-main-4dfe916-dirty-4dfe916-M][2136] [ ntpserver : 5380 ][ /usr/sbin/ntpd ] re-spawned!
[INFO][2026-07-21 09:18:00][appmon-1761033662-main-4dfe916-dirty-4dfe916-M][2136] /usr/sbin/ntpd waiting for kill zombie process [ 5380 ]
[INFO][2026-07-21 09:18:00][appmon-1761033662-main-4dfe916-dirty-4dfe916-M][2136] /usr/sbin/ntpd cleaned zombie process [ 5380 ] — not signal-terminated
[INFO][2026-07-21 09:18:01][appmon-1761033662-main-4dfe916-dirty-4dfe916-M][2136] [ ntpserver : 5390 ][ /usr/sbin/ntpd ] re-spawned!
[INFO][2026-07-21 09:18:01][appmon-1761033662-main-4dfe916-dirty-4dfe916-M][2136] /usr/sbin/ntpd waiting for kill zombie process [ 5390 ]
[INFO][2026-07-21 09:18:01][appmon-1761033662-main-4dfe916-dirty-4dfe916-M][2136] /usr/sbin/ntpd cleaned zombie process [ 5390 ] — not signal-terminated
[INFO][2026-07-21 09:18:01][appmon-1761033662-main-4dfe916-dirty-4dfe916-M][2136] [ ntpserver : 5400 ][ /usr/sbin/ntpd ] re-spawned!
[INFO][2026-07-21 09:18:02][appmon-1761033662-main-4dfe916-dirty-4dfe916-M][2136] /usr/sbin/ntpd waiting for kill zombie process [ 5400 ]
[INFO][2026-07-21 09:18:02][appmon-1761033662-main-4dfe916-dirty-4dfe916-M][2136] /usr/sbin/ntpd cleaned zombie process [ 5400 ] — not signal-terminated
[INFO][2026-07-21 09:18:02][appmon-1761033662-main-4dfe916-dirty-4dfe916-M][2136] [ ntpserver : 5410 ][ /usr/sbin/ntpd ] re-spawned!
[INFO][2026-07-21 09:18:03][appmon-1761033662-main-4dfe916-dirty-4dfe916-M][2136] /usr/sbin/ntpd waiting for kill zombie process [ 5410 ]
[INFO][2026-07-21 09:18:03][appmon-1761033662-main-4dfe916-dirty-4dfe916-M][2136] /usr/sbin/ntpd cleaned zombie process [ 5410 ] — not signal-terminated
[INFO][2026-07-21 09:18:03][appmon-1761033662-main-4dfe916-dirty-4dfe916-M][2136] [ ntpserver : 5420 ][ /usr/sbin/ntpd ] re-spawned!
[INFO][2026-07-21 09:18:04][appmon-1761033662-main-4dfe916-dirty-4dfe916-M][2136] /usr/sbin/ntpd waiting for kill zombie process [ 5420 ]
[INFO][2026-07-21 09:18:04][appmon-1761033662-main-4dfe916-dirty-4dfe916-M][2136] /usr/sbin/ntpd cleaned zombie process [ 5420 ] — not signal-terminated
[INFO][2026-07-21 09:18:04][appmon-1761033662-main-4dfe916-dirty-4dfe916-M][2136] [ ntpserver : 5430 ][ /usr/sbin/ntpd ] re-spawned!
[INFO][2026-07-21 09:18:05][appmon-1761033662-main-4dfe916-dirty-4dfe916-M][2136] /usr/sbin/ntpd waiting for kill zombie process [ 5430 ]
[INFO][2026-07-21 09:18:05][appmon-1761033662-main-4dfe916-dirty-4dfe916-M][2136] /usr/sbin/ntpd cleaned zombie process [ 5430 ] — not signal-terminated
[INFO][2026-07-21 09:18:05][appmon-1761033662-main-4dfe916-dirty-4dfe916-M][2136] [ ntpserver : 5440 ][ /usr/sbin/ntpd ] re-spawned!
[INFO][2026-07-21 09:18:05][appmon-1761033662-main-4dfe916-dirty-4dfe916-M][2136] /usr/sbin/ntpd waiting for kill zombie process [ 5440 ]
[INFO][2026-07-21 09:18:05][appmon-1761033662-main-4dfe916-dirty-4dfe916-M][2136] /usr/sbin/ntpd cleaned zombie process [ 5440 ] — not signal-terminated
[INFO][2026-07-21 09:18:06][appmon-1761033662-main-4dfe916-dirty-4dfe916-M][2136] [ ntpserver : 5450 ][ /usr/sbin/ntpd ] re-spawned!
[INFO][2026-07-21 09:18:06][appmon-1761033662-main-4dfe916-dirty-4dfe916-M][2136] /usr/sbin/ntpd waiting for kill zombie process [ 5450 ]
[INFO][2026-07-21 09:18:06][appmon-1761033662-main-4dfe916-dirty-4dfe916-M][2136] /usr/sbin/ntpd cleaned zombie process [ 5450 ] — not signal-terminated
[INFO][2026-07-21 09:18:07][appmon-1761033662-main-4dfe916-dirty-4dfe916-M][2136] Network activity (eth0) SMDA: 0.00 mbps / 0.00 mbps / 0.00 mbps / 0.00 mbps T: 0.00 mbps
[INFO][2026-07-21 09:18:07][appmon-1761033662-main-4dfe916-dirty-4dfe916-M][2136] Network activity (eth1) SMDA: 0.00 mbps / 0.00 mbps / 0.01 mbps / 0.01 mbps T: 0.01 mbps
[INFO][2026-07-21 09:18:07][appmon-1761033662-main-4dfe916-dirty-4dfe916-M][2136] Disk activity (Total Disk) SMDA: 0.54 mbps / 14.65 mbps / 18.56 mbps / 20.00 mbps T: 0.16 mbps
[INFO][2026-07-21 09:18:07][appmon-1761033662-main-4dfe916-dirty-4dfe916-M][2136] CPU activity (CPU) SMA: 1.05 % / 1.39 % / 2.61 % / 2.27 % T: 2.27 %
[INFO][2026-07-21 09:18:07][appmon-1761033662-main-4dfe916-dirty-4dfe916-M][2136] [ ntpserver : 5453 ][ /usr/sbin/ntpd ] re-spawned!
[INFO][2026-07-21 09:18:07][appmon-1761033662-main-4dfe916-dirty-4dfe916-M][2136] /usr/sbin/ntpd waiting for kill zombie process [ 5453 ]
[INFO][2026-07-21 09:18:07][appmon-1761033662-main-4dfe916-dirty-4dfe916-M][2136] /usr/sbin/ntpd cleaned zombie process [ 5453 ] — not signal-terminated
[INFO][2026-07-21 09:18:08][appmon-1761033662-main-4dfe916-dirty-4dfe916-M][2136] [ ntpserver : 5463 ][ /usr/sbin/ntpd ] re-spawned!
[INFO][2026-07-21 09:18:08][appmon-1761033662-main-4dfe916-dirty-4dfe916-M][2136] /usr/sbin/ntpd waiting for kill zombie process [ 5463 ]
[INFO][2026-07-21 09:18:08][appmon-1761033662-main-4dfe916-dirty-4dfe916-M][2136] /usr/sbin/ntpd cleaned zombie process [ 5463 ] — not signal-terminated
[INFO][2026-07-21 09:18:09][appmon-1761033662-main-4dfe916-dirty-4dfe916-M][2136] [ ntpserver : 5474 ][ /usr/sbin/ntpd ] re-spawned!
[INFO][2026-07-21 09:18:09][appmon-1761033662-main-4dfe916-dirty-4dfe916-M][2136] /usr/sbin/ntpd waiting for kill zombie process [ 5474 ]
[INFO][2026-07-21 09:18:09][appmon-1761033662-main-4dfe916-dirty-4dfe916-M][2136] /usr/sbin/ntpd cleaned zombie process [ 5474 ] — not signal-terminated
[INFO][2026-07-21 09:18:10][appmon-1761033662-main-4dfe916-dirty-4dfe916-M][2136] [ ntpserver : 5484 ][ /usr/sbin/ntpd ] re-spawned!
[INFO][2026-07-21 09:18:10][appmon-1761033662-main-4dfe916-dirty-4dfe916-M][2136] /usr/sbin/ntpd waiting for kill zombie process [ 5484 ]
[INFO][2026-07-21 09:18:10][appmon-1761033662-main-4dfe916-dirty-4dfe916-M][2136] /usr/sbin/ntpd cleaned zombie process [ 5484 ] — not signal-terminated
[INFO][2026-07-21 09:18:10][appmon-1761033662-main-4dfe916-dirty-4dfe916-M][2136] [ ntpserver : 5495 ][ /usr/sbin/ntpd ] re-spawned!
[INFO][2026-07-21 09:18:11][appmon-1761033662-main-4dfe916-dirty-4dfe916-M][2136] /usr/sbin/ntpd waiting for kill zombie process [ 5495 ]
[INFO][2026-07-21 09:18:11][appmon-1761033662-main-4dfe916-dirty-4dfe916-M][2136] /usr/sbin/ntpd cleaned zombie process [ 5495 ] — not signal-terminated
[INFO][2026-07-21 09:18:11][appmon-1761033662-main-4dfe916-dirty-4dfe916-M][2136] [ ntpserver : 5505 ][ /usr/sbin/ntpd ] re-spawned!
[INFO][2026-07-21 09:18:12][appmon-1761033662-main-4dfe916-dirty-4dfe916-M][2136] /usr/sbin/ntpd waiting for kill zombie process [ 5505 ]
[INFO][2026-07-21 09:18:12][appmon-1761033662-main-4dfe916-dirty-4dfe916-M][2136] /usr/sbin/ntpd cleaned zombie process [ 5505 ] — not signal-terminated
[INFO][2026-07-21 09:18:12][appmon-1761033662-main-4dfe916-dirty-4dfe916-M][2136] [ ntpserver : 5515 ][ /usr/sbin/ntpd ] re-spawned!
[INFO][2026-07-21 09:18:13][appmon-1761033662-main-4dfe916-dirty-4dfe916-M][2136] /usr/sbin/ntpd waiting for kill zombie process [ 5515 ]
[INFO][2026-07-21 09:18:13][appmon-1761033662-main-4dfe916-dirty-4dfe916-M][2136] /usr/sbin/ntpd cleaned zombie process [ 5515 ] — not signal-terminated
[INFO][2026-07-21 09:18:13][appmon-1761033662-main-4dfe916-dirty-4dfe916-M][2136] [ ntpserver : 5525 ][ /usr/sbin/ntpd ] re-spawned!
[INFO][2026-07-21 09:18:14][appmon-1761033662-main-4dfe916-dirty-4dfe916-M][2136] /usr/sbin/ntpd waiting for kill zombie process [ 5525 ]
[INFO][2026-07-21 09:18:14][appmon-1761033662-main-4dfe916-dirty-4dfe916-M][2136] /usr/sbin/ntpd cleaned zombie process [ 5525 ] — not signal-terminated
[INFO][2026-07-21 09:18:14][appmon-1761033662-main-4dfe916-dirty-4dfe916-M][2136] [ ntpserver : 5549 ][ /usr/sbin/ntpd ] re-spawned!
[INFO][2026-07-21 09:18:14][appmon-1761033662-main-4dfe916-dirty-4dfe916-M][2136] /usr/sbin/ntpd waiting for kill zombie process [ 5549 ]
[INFO][2026-07-21 09:18:14][appmon-1761033662-main-4dfe916-dirty-4dfe916-M][2136] /usr/sbin/ntpd cleaned zombie process [ 5549 ] — not signal-terminated
[INFO][2026-07-21 09:18:15][appmon-1761033662-main-4dfe916-dirty-4dfe916-M][2136] [ ntpserver : 5559 ][ /usr/sbin/ntpd ] re-spawned!
[INFO][2026-07-21 09:18:15][appmon-1761033662-main-4dfe916-dirty-4dfe916-M][2136] /usr/sbin/ntpd waiting for kill zombie process [ 5559 ]
[INFO][2026-07-21 09:18:15][appmon-1761033662-main-4dfe916-dirty-4dfe916-M][2136] /usr/sbin/ntpd cleaned zombie process [ 5559 ] — not signal-terminated
[INFO][2026-07-21 09:18:16][appmon-1761033662-main-4dfe916-dirty-4dfe916-M][2136] [ ntpserver : 5569 ][ /usr/sbin/ntpd ] re-spawned!
[INFO][2026-07-21 09:18:16][appmon-1761033662-main-4dfe916-dirty-4dfe916-M][2136] /usr/sbin/ntpd waiting for kill zombie process [ 5569 ]
[INFO][2026-07-21 09:18:16][appmon-1761033662-main-4dfe916-dirty-4dfe916-M][2136] /usr/sbin/ntpd cleaned zombie process [ 5569 ] — not signal-terminated
[INFO][2026-07-21 09:18:17][appmon-1761033662-main-4dfe916-dirty-4dfe916-M][2136] Network activity (eth0) SMDA: 0.00 mbps / 0.00 mbps / 0.00 mbps / 0.00 mbps T: 0.00 mbps
[INFO][2026-07-21 09:18:17][appmon-1761033662-main-4dfe916-dirty-4dfe916-M][2136] Network activity (eth1) SMDA: 0.01 mbps / 0.01 mbps / 0.01 mbps / 0.01 mbps T: 0.01 mbps
[INFO][2026-07-21 09:18:17][appmon-1761033662-main-4dfe916-dirty-4dfe916-M][2136] Disk activity (Total Disk) SMDA: 0.43 mbps / 3.72 mbps / 15.18 mbps / 18.54 mbps T: 0.16 mbps
[INFO][2026-07-21 09:18:17][appmon-1761033662-main-4dfe916-dirty-4dfe916-M][2136] CPU activity (CPU) SMA: 0.00 % / 0.97 % / 1.88 % / 2.17 % T: 2.17 %
[INFO][2026-07-21 09:18:17][appmon-1761033662-main-4dfe916-dirty-4dfe916-M][2136] [ ntpserver : 5579 ][ /usr/sbin/ntpd ] re-spawned!
[INFO][2026-07-21 09:18:17][appmon-1761033662-main-4dfe916-dirty-4dfe916-M][2136] /usr/sbin/ntpd waiting for kill zombie process [ 5579 ]
[INFO][2026-07-21 09:18:17][appmon-1761033662-main-4dfe916-dirty-4dfe916-M][2136] /usr/sbin/ntpd cleaned zombie process [ 5579 ] — not signal-terminated
[INFO][2026-07-21 09:18:18][appmon-1761033662-main-4dfe916-dirty-4dfe916-M][2136] [ ntpserver : 5589 ][ /usr/sbin/ntpd ] re-spawned!
[INFO][2026-07-21 09:18:18][appmon-1761033662-main-4dfe916-dirty-4dfe916-M][2136] /usr/sbin/ntpd waiting for kill zombie process [ 5589 ]
[INFO][2026-07-21 09:18:18][appmon-1761033662-main-4dfe916-dirty-4dfe916-M][2136] /usr/sbin/ntpd cleaned zombie process [ 5589 ] — not signal-terminated
[INFO][2026-07-21 09:18:19][appmon-1761033662-main-4dfe916-dirty-4dfe916-M][2136] [ ntpserver : 5599 ][ /usr/sbin/ntpd ] re-spawned!
[INFO][2026-07-21 09:18:19][appmon-1761033662-main-4dfe916-dirty-4dfe916-M][2136] /usr/sbin/ntpd waiting for kill zombie process [ 5599 ]
[INFO][2026-07-21 09:18:19][appmon-1761033662-main-4dfe916-dirty-4dfe916-M][2136] /usr/sbin/ntpd cleaned zombie process [ 5599 ] — not signal-terminated
[INFO][2026-07-21 09:18:19][appmon-1761033662-main-4dfe916-dirty-4dfe916-M][2136] [ ntpserver : 5609 ][ /usr/sbin/ntpd ] re-spawned!
[INFO][2026-07-21 09:18:20][appmon-1761033662-main-4dfe916-dirty-4dfe916-M][2136] /usr/sbin/ntpd waiting for kill zombie process [ 5609 ]
[INFO][2026-07-21 09:18:20][appmon-1761033662-main-4dfe916-dirty-4dfe916-M][2136] /usr/sbin/ntpd cleaned zombie process [ 5609 ] — not signal-terminated
[INFO][2026-07-21 09:18:20][appmon-1761033662-main-4dfe916-dirty-4dfe916-M][2136] [ ntpserver : 5619 ][ /usr/sbin/ntpd ] re-spawned!
[INFO][2026-07-21 09:18:21][appmon-1761033662-main-4dfe916-dirty-4dfe916-M][2136] /usr/sbin/ntpd waiting for kill zombie process [ 5619 ]
[INFO][2026-07-21 09:18:21][appmon-1761033662-main-4dfe916-dirty-4dfe916-M][2136] /usr/sbin/ntpd cleaned zombie process [ 5619 ] — not signal-terminated
[INFO][2026-07-21 09:18:21][appmon-1761033662-main-4dfe916-dirty-4dfe916-M][2136] [ ntpserver : 5629 ][ /usr/sbin/ntpd ] re-spawned!
[INFO][2026-07-21 09:18:22][appmon-1761033662-main-4dfe916-dirty-4dfe916-M][2136] /usr/sbin/ntpd waiting for kill zombie process [ 5629 ]
[INFO][2026-07-21 09:18:22][appmon-1761033662-main-4dfe916-dirty-4dfe916-M][2136] /usr/sbin/ntpd cleaned zombie process [ 5629 ] — not signal-terminated
[INFO][2026-07-21 09:18:22][appmon-1761033662-main-4dfe916-dirty-4dfe916-M][2136] [ ntpserver : 5632 ][ /usr/sbin/ntpd ] re-spawned!
[INFO][2026-07-21 09:18:23][appmon-1761033662-main-4dfe916-dirty-4dfe916-M][2136] /usr/sbin/ntpd waiting for kill zombie process [ 5632 ]
[INFO][2026-07-21 09:18:23][appmon-1761033662-main-4dfe916-dirty-4dfe916-M][2136] /usr/sbin/ntpd cleaned zombie process [ 5632 ] — not signal-terminated
[INFO][2026-07-21 09:18:23][appmon-1761033662-main-4dfe916-dirty-4dfe916-M][2136] [ ntpserver : 5642 ][ /usr/sbin/ntpd ] re-spawned!
[INFO][2026-07-21 09:18:23][appmon-1761033662-main-4dfe916-dirty-4dfe916-M][2136] /usr/sbin/ntpd waiting for kill zombie process [ 5642 ]
[INFO][2026-07-21 09:18:23][appmon-1761033662-main-4dfe916-dirty-4dfe916-M][2136] /usr/sbin/ntpd cleaned zombie process [ 5642 ] — not signal-terminated
[INFO][2026-07-21 09:18:24][appmon-1761033662-main-4dfe916-dirty-4dfe916-M][2136] [ ntpserver : 5653 ][ /usr/sbin/ntpd ] re-spawned!
[INFO][2026-07-21 09:18:24][appmon-1761033662-main-4dfe916-dirty-4dfe916-M][2136] /usr/sbin/ntpd waiting for kill zombie process [ 5653 ]
[INFO][2026-07-21 09:18:24][appmon-1761033662-main-4dfe916-dirty-4dfe916-M][2136] /usr/sbin/ntpd cleaned zombie process [ 5653 ] — not signal-terminated
[INFO][2026-07-21 09:18:25][appmon-1761033662-main-4dfe916-dirty-4dfe916-M][2136] [ ntpserver : 5663 ][ /usr/sbin/ntpd ] re-spawned!
[INFO][2026-07-21 09:18:25][appmon-1761033662-main-4dfe916-dirty-4dfe916-M][2136] /usr/sbin/ntpd waiting for kill zombie process [ 5663 ]
[INFO][2026-07-21 09:18:25][appmon-1761033662-main-4dfe916-dirty-4dfe916-M][2136] /usr/sbin/ntpd cleaned zombie process [ 5663 ] — not signal-terminated
[INFO][2026-07-21 09:18:26][appmon-1761033662-main-4dfe916-dirty-4dfe916-M][2136] [ ntpserver : 5673 ][ /usr/sbin/ntpd ] re-spawned!
[INFO][2026-07-21 09:18:26][appmon-1761033662-main-4dfe916-dirty-4dfe916-M][2136] /usr/sbin/ntpd waiting for kill zombie process [ 5673 ]
[INFO][2026-07-21 09:18:26][appmon-1761033662-main-4dfe916-dirty-4dfe916-M][2136] /usr/sbin/ntpd cleaned zombie process [ 5673 ] — not signal-terminated
[INFO][2026-07-21 09:18:27][appmon-1761033662-main-4dfe916-dirty-4dfe916-M][2136] [ ntpserver : 5683 ][ /usr/sbin/ntpd ] re-spawned!
[INFO][2026-07-21 09:18:27][appmon-1761033662-main-4dfe916-dirty-4dfe916-M][2136] Network activity (eth0) SMDA: 0.00 mbps / 0.00 mbps / 0.00 mbps / 0.00 mbps T: 0.00 mbps
[INFO][2026-07-21 09:18:27][appmon-1761033662-main-4dfe916-dirty-4dfe916-M][2136] Network activity (eth1) SMDA: 0.01 mbps / 0.01 mbps / 0.01 mbps / 0.01 mbps T: 0.01 mbps
[INFO][2026-07-21 09:18:27][appmon-1761033662-main-4dfe916-dirty-4dfe916-M][2136] Disk activity (Total Disk) SMDA: 0.46 mbps / 0.37 mbps / 11.84 mbps / 17.29 mbps T: 0.16 mbps
[INFO][2026-07-21 09:18:27][appmon-1761033662-main-4dfe916-dirty-4dfe916-M][2136] CPU activity (CPU) SMA: 3.34 % / 1.94 % / 1.65 % / 2.24 % T: 2.24 %
[INFO][2026-07-21 09:18:27][appmon-1761033662-main-4dfe916-dirty-4dfe916-M][2136] /usr/sbin/ntpd waiting for kill zombie process [ 5683 ]
[INFO][2026-07-21 09:18:27][appmon-1761033662-main-4dfe916-dirty-4dfe916-M][2136] /usr/sbin/ntpd cleaned zombie process [ 5683 ] — not signal-terminated
[INFO][2026-07-21 09:18:28][appmon-1761033662-main-4dfe916-dirty-4dfe916-M][2136] [ ntpserver : 5693 ][ /usr/sbin/ntpd ] re-spawned!
[INFO][2026-07-21 09:18:28][appmon-1761033662-main-4dfe916-dirty-4dfe916-M][2136] /usr/sbin/ntpd waiting for kill zombie process [ 5693 ]
[INFO][2026-07-21 09:18:28][appmon-1761033662-main-4dfe916-dirty-4dfe916-M][2136] /usr/sbin/ntpd cleaned zombie process [ 5693 ] — not signal-terminated
[INFO][2026-07-21 09:18:29][appmon-1761033662-main-4dfe916-dirty-4dfe916-M][2136] [ ntpserver : 5703 ][ /usr/sbin/ntpd ] re-spawned!
[INFO][2026-07-21 09:18:29][appmon-1761033662-main-4dfe916-dirty-4dfe916-M][2136] /usr/sbin/ntpd waiting for kill zombie process [ 5703 ]
[INFO][2026-07-21 09:18:29][appmon-1761033662-main-4dfe916-dirty-4dfe916-M][2136] /usr/sbin/ntpd cleaned zombie process [ 5703 ] — not signal-terminated
[INFO][2026-07-21 09:18:29][appmon-1761033662-main-4dfe916-dirty-4dfe916-M][2136] [ ntpserver : 5713 ][ /usr/sbin/ntpd ] re-spawned!
[INFO][2026-07-21 09:18:30][appmon-1761033662-main-4dfe916-dirty-4dfe916-M][2136] /usr/sbin/ntpd waiting for kill zombie process [ 5713 ]
[INFO][2026-07-21 09:18:30][appmon-1761033662-main-4dfe916-dirty-4dfe916-M][2136] /usr/sbin/ntpd cleaned zombie process [ 5713 ] — not signal-terminated
[INFO][2026-07-21 09:18:30][appmon-1761033662-main-4dfe916-dirty-4dfe916-M][2136] [ ntpserver : 5716 ][ /usr/sbin/ntpd ] re-spawned!
[INFO][2026-07-21 09:18:31][appmon-1761033662-main-4dfe916-dirty-4dfe916-M][2136] /usr/sbin/ntpd waiting for kill zombie process [ 5716 ]
[INFO][2026-07-21 09:18:31][appmon-1761033662-main-4dfe916-dirty-4dfe916-M][2136] /usr/sbin/ntpd cleaned zombie process [ 5716 ] — not signal-terminated
[INFO][2026-07-21 09:18:31][appmon-1761033662-main-4dfe916-dirty-4dfe916-M][2136] [ ntpserver : 5726 ][ /usr/sbin/ntpd ] re-spawned!
[INFO][2026-07-21 09:18:32][appmon-1761033662-main-4dfe916-dirty-4dfe916-M][2136] /usr/sbin/ntpd waiting for kill zombie process [ 5726 ]
[INFO][2026-07-21 09:18:32][appmon-1761033662-main-4dfe916-dirty-4dfe916-M][2136] /usr/sbin/ntpd cleaned zombie process [ 5726 ] — not signal-terminated
[INFO][2026-07-21 09:18:32][appmon-1761033662-main-4dfe916-dirty-4dfe916-M][2136] [ ntpserver : 5736 ][ /usr/sbin/ntpd ] re-spawned!
[INFO][2026-07-21 09:18:33][appmon-1761033662-main-4dfe916-dirty-4dfe916-M][2136] /usr/sbin/ntpd waiting for kill zombie process [ 5736 ]
[INFO][2026-07-21 09:18:33][appmon-1761033662-main-4dfe916-dirty-4dfe916-M][2136] /usr/sbin/ntpd cleaned zombie process [ 5736 ] — not signal-terminated
[INFO][2026-07-21 09:18:33][appmon-1761033662-main-4dfe916-dirty-4dfe916-M][2136] [ ntpserver : 5746 ][ /usr/sbin/ntpd ] re-spawned!
[INFO][2026-07-21 09:18:33][appmon-1761033662-main-4dfe916-dirty-4dfe916-M][2136] /usr/sbin/ntpd waiting for kill zombie process [ 5746 ]
[INFO][2026-07-21 09:18:33][appmon-1761033662-main-4dfe916-dirty-4dfe916-M][2136] /usr/sbin/ntpd cleaned zombie process [ 5746 ] — not signal-terminated
[INFO][2026-07-21 09:18:34][appmon-1761033662-main-4dfe916-dirty-4dfe916-M][2136] [ ntpserver : 5756 ][ /usr/sbin/ntpd ] re-spawned!
[INFO][2026-07-21 09:18:34][appmon-1761033662-main-4dfe916-dirty-4dfe916-M][2136] /usr/sbin/ntpd waiting for kill zombie process [ 5756 ]
[INFO][2026-07-21 09:18:34][appmon-1761033662-main-4dfe916-dirty-4dfe916-M][2136] /usr/sbin/ntpd cleaned zombie process [ 5756 ] — not signal-terminated
[INFO][2026-07-21 09:18:35][appmon-1761033662-main-4dfe916-dirty-4dfe916-M][2136] [ ntpserver : 5766 ][ /usr/sbin/ntpd ] re-spawned!
[INFO][2026-07-21 09:18:35][appmon-1761033662-main-4dfe916-dirty-4dfe916-M][2136] /usr/sbin/ntpd waiting for kill zombie process [ 5766 ]
[INFO][2026-07-21 09:18:35][appmon-1761033662-main-4dfe916-dirty-4dfe916-M][2136] /usr/sbin/ntpd cleaned zombie process [ 5766 ] — not signal-terminated
[INFO][2026-07-21 09:18:36][appmon-1761033662-main-4dfe916-dirty-4dfe916-M][2136] [ ntpserver : 5776 ][ /usr/sbin/ntpd ] re-spawned!
[INFO][2026-07-21 09:18:36][appmon-1761033662-main-4dfe916-dirty-4dfe916-M][2136] /usr/sbin/ntpd waiting for kill zombie process [ 5776 ]
[INFO][2026-07-21 09:18:36][appmon-1761033662-main-4dfe916-dirty-4dfe916-M][2136] /usr/sbin/ntpd cleaned zombie process [ 5776 ] — not signal-terminated
[INFO][2026-07-21 09:18:37][appmon-1761033662-main-4dfe916-dirty-4dfe916-M][2136] [ ntpserver : 5786 ][ /usr/sbin/ntpd ] re-spawned!
[INFO][2026-07-21 09:18:37][appmon-1761033662-main-4dfe916-dirty-4dfe916-M][2136] Network activity (eth0) SMDA: 0.00 mbps / 0.00 mbps / 0.00 mbps / 0.00 mbps T: 0.00 mbps
[INFO][2026-07-21 09:18:37][appmon-1761033662-main-4dfe916-dirty-4dfe916-M][2136] Network activity (eth1) SMDA: 0.00 mbps / 0.01 mbps / 0.01 mbps / 0.01 mbps T: 0.01 mbps
[INFO][2026-07-21 09:18:37][appmon-1761033662-main-4dfe916-dirty-4dfe916-M][2136] Disk activity (Total Disk) SMDA: 0.39 mbps / 0.35 mbps / 8.48 mbps / 16.20 mbps T: 0.16 mbps
[INFO][2026-07-21 09:18:37][appmon-1761033662-main-4dfe916-dirty-4dfe916-M][2136] CPU activity (CPU) SMA: 1.24 % / 1.87 % / 1.55 % / 2.16 % T: 2.16 %
[INFO][2026-07-21 09:18:37][appmon-1761033662-main-4dfe916-dirty-4dfe916-M][2136] /usr/sbin/ntpd waiting for kill zombie process [ 5786 ]
[INFO][2026-07-21 09:18:37][appmon-1761033662-main-4dfe916-dirty-4dfe916-M][2136] /usr/sbin/ntpd cleaned zombie process [ 5786 ] — not signal-terminated
[INFO][2026-07-21 09:18:38][appmon-1761033662-main-4dfe916-dirty-4dfe916-M][2136] [ ntpserver : 5789 ][ /usr/sbin/ntpd ] re-spawned!
[INFO][2026-07-21 09:18:38][appmon-1761033662-main-4dfe916-dirty-4dfe916-M][2136] /usr/sbin/ntpd waiting for kill zombie process [ 5789 ]
[INFO][2026-07-21 09:18:38][appmon-1761033662-main-4dfe916-dirty-4dfe916-M][2136] /usr/sbin/ntpd cleaned zombie process [ 5789 ] — not signal-terminated
[INFO][2026-07-21 09:18:38][appmon-1761033662-main-4dfe916-dirty-4dfe916-M][2136] [ ntpserver : 5799 ][ /usr/sbin/ntpd ] re-spawned!
[INFO][2026-07-21 09:18:39][appmon-1761033662-main-4dfe916-dirty-4dfe916-M][2136] /usr/sbin/ntpd waiting for kill zombie process [ 5799 ]
[INFO][2026-07-21 09:18:39][appmon-1761033662-main-4dfe916-dirty-4dfe916-M][2136] /usr/sbin/ntpd cleaned zombie process [ 5799 ] — not signal-terminated
[INFO][2026-07-21 09:18:39][appmon-1761033662-main-4dfe916-dirty-4dfe916-M][2136] [ ntpserver : 5809 ][ /usr/sbin/ntpd ] re-spawned!
[INFO][2026-07-21 09:18:40][appmon-1761033662-main-4dfe916-dirty-4dfe916-M][2136] /usr/sbin/ntpd waiting for kill zombie process [ 5809 ]
[INFO][2026-07-21 09:18:40][appmon-1761033662-main-4dfe916-dirty-4dfe916-M][2136] /usr/sbin/ntpd cleaned zombie process [ 5809 ] — not signal-terminated
[INFO][2026-07-21 09:18:40][appmon-1761033662-main-4dfe916-dirty-4dfe916-M][2136] [ ntpserver : 5819 ][ /usr/sbin/ntpd ] re-spawned!
[INFO][2026-07-21 09:18:41][appmon-1761033662-main-4dfe916-dirty-4dfe916-M][2136] /usr/sbin/ntpd waiting for kill zombie process [ 5819 ]
[INFO][2026-07-21 09:18:41][appmon-1761033662-main-4dfe916-dirty-4dfe916-M][2136] /usr/sbin/ntpd cleaned zombie process [ 5819 ] — not signal-terminated
[INFO][2026-07-21 09:18:41][appmon-1761033662-main-4dfe916-dirty-4dfe916-M][2136] [ ntpserver : 5829 ][ /usr/sbin/ntpd ] re-spawned!
[INFO][2026-07-21 09:18:42][appmon-1761033662-main-4dfe916-dirty-4dfe916-M][2136] /usr/sbin/ntpd waiting for kill zombie process [ 5829 ]
[INFO][2026-07-21 09:18:42][appmon-1761033662-main-4dfe916-dirty-4dfe916-M][2136] /usr/sbin/ntpd cleaned zombie process [ 5829 ] — not signal-terminated
[INFO][2026-07-21 09:18:42][appmon-1761033662-main-4dfe916-dirty-4dfe916-M][2136] [ ntpserver : 5839 ][ /usr/sbin/ntpd ] re-spawned!
[INFO][2026-07-21 09:18:42][appmon-1761033662-main-4dfe916-dirty-4dfe916-M][2136] /usr/sbin/ntpd waiting for kill zombie process [ 5839 ]
[INFO][2026-07-21 09:18:42][appmon-1761033662-main-4dfe916-dirty-4dfe916-M][2136] /usr/sbin/ntpd cleaned zombie process [ 5839 ] — not signal-terminated
[INFO][2026-07-21 09:18:43][appmon-1761033662-main-4dfe916-dirty-4dfe916-M][2136] [ ntpserver : 5849 ][ /usr/sbin/ntpd ] re-spawned!
[INFO][2026-07-21 09:18:43][appmon-1761033662-main-4dfe916-dirty-4dfe916-M][2136] /usr/sbin/ntpd waiting for kill zombie process [ 5849 ]
[INFO][2026-07-21 09:18:43][appmon-1761033662-main-4dfe916-dirty-4dfe916-M][2136] /usr/sbin/ntpd cleaned zombie process [ 5849 ] — not signal-terminated
[INFO][2026-07-21 09:18:44][appmon-1761033662-main-4dfe916-dirty-4dfe916-M][2136] [ ntpserver : 5880 ][ /usr/sbin/ntpd ] re-spawned!
[INFO][2026-07-21 09:18:44][appmon-1761033662-main-4dfe916-dirty-4dfe916-M][2136] /usr/sbin/ntpd waiting for kill zombie process [ 5880 ]
[INFO][2026-07-21 09:18:44][appmon-1761033662-main-4dfe916-dirty-4dfe916-M][2136] /usr/sbin/ntpd cleaned zombie process [ 5880 ] — not signal-terminated
[INFO][2026-07-21 09:18:45][appmon-1761033662-main-4dfe916-dirty-4dfe916-M][2136] [ ntpserver : 5890 ][ /usr/sbin/ntpd ] re-spawned!
[INFO][2026-07-21 09:18:45][appmon-1761033662-main-4dfe916-dirty-4dfe916-M][2136] /usr/sbin/ntpd waiting for kill zombie process [ 5890 ]
[INFO][2026-07-21 09:18:45][appmon-1761033662-main-4dfe916-dirty-4dfe916-M][2136] /usr/sbin/ntpd cleaned zombie process [ 5890 ] — not signal-terminated
[INFO][2026-07-21 09:18:46][appmon-1761033662-main-4dfe916-dirty-4dfe916-M][2136] [ ntpserver : 5893 ][ /usr/sbin/ntpd ] re-spawned!
[INFO][2026-07-21 09:18:46][appmon-1761033662-main-4dfe916-dirty-4dfe916-M][2136] /usr/sbin/ntpd waiting for kill zombie process [ 5893 ]
[INFO][2026-07-21 09:18:46][appmon-1761033662-main-4dfe916-dirty-4dfe916-M][2136] /usr/sbin/ntpd cleaned zombie process [ 5893 ] — not signal-terminated
[INFO][2026-07-21 09:18:47][appmon-1761033662-main-4dfe916-dirty-4dfe916-M][2136] [ ntpserver : 5903 ][ /usr/sbin/ntpd ] re-spawned!
[INFO][2026-07-21 09:18:47][appmon-1761033662-main-4dfe916-dirty-4dfe916-M][2136] Network activity (eth0) SMDA: 0.00 mbps / 0.00 mbps / 0.00 mbps / 0.00 mbps T: 0.00 mbps
[INFO][2026-07-21 09:18:47][appmon-1761033662-main-4dfe916-dirty-4dfe916-M][2136] Network activity (eth1) SMDA: 0.00 mbps / 0.00 mbps / 0.01 mbps / 0.01 mbps T: 0.01 mbps
[INFO][2026-07-21 09:18:47][appmon-1761033662-main-4dfe916-dirty-4dfe916-M][2136] Disk activity (Total Disk) SMDA: 0.50 mbps / 0.33 mbps / 5.11 mbps / 15.23 mbps T: 0.16 mbps
[INFO][2026-07-21 09:18:47][appmon-1761033662-main-4dfe916-dirty-4dfe916-M][2136] CPU activity (CPU) SMA: 0.84 % / 0.97 % / 1.40 % / 2.07 % T: 2.07 %
[INFO][2026-07-21 09:18:47][appmon-1761033662-main-4dfe916-dirty-4dfe916-M][2136] /usr/sbin/ntpd waiting for kill zombie process [ 5903 ]
[INFO][2026-07-21 09:18:47][appmon-1761033662-main-4dfe916-dirty-4dfe916-M][2136] /usr/sbin/ntpd cleaned zombie process [ 5903 ] — not signal-terminated
[INFO][2026-07-21 09:18:47][appmon-1761033662-main-4dfe916-dirty-4dfe916-M][2136] [ ntpserver : 5913 ][ /usr/sbin/ntpd ] re-spawned!
[INFO][2026-07-21 09:18:48][appmon-1761033662-main-4dfe916-dirty-4dfe916-M][2136] /usr/sbin/ntpd waiting for kill zombie process [ 5913 ]
[INFO][2026-07-21 09:18:48][appmon-1761033662-main-4dfe916-dirty-4dfe916-M][2136] /usr/sbin/ntpd cleaned zombie process [ 5913 ] — not signal-terminated
[INFO][2026-07-21 09:18:48][appmon-1761033662-main-4dfe916-dirty-4dfe916-M][2136] [ ntpserver : 5923 ][ /usr/sbin/ntpd ] re-spawned!
[INFO][2026-07-21 09:18:49][appmon-1761033662-main-4dfe916-dirty-4dfe916-M][2136] /usr/sbin/ntpd waiting for kill zombie process [ 5923 ]
[INFO][2026-07-21 09:18:49][appmon-1761033662-main-4dfe916-dirty-4dfe916-M][2136] /usr/sbin/ntpd cleaned zombie process [ 5923 ] — not signal-terminated
[INFO][2026-07-21 09:18:49][appmon-1761033662-main-4dfe916-dirty-4dfe916-M][2136] [ ntpserver : 5933 ][ /usr/sbin/ntpd ] re-spawned!
[INFO][2026-07-21 09:18:50][appmon-1761033662-main-4dfe916-dirty-4dfe916-M][2136] /usr/sbin/ntpd waiting for kill zombie process [ 5933 ]
[INFO][2026-07-21 09:18:50][appmon-1761033662-main-4dfe916-dirty-4dfe916-M][2136] /usr/sbin/ntpd cleaned zombie process [ 5933 ] — not signal-terminated
[INFO][2026-07-21 09:18:50][appmon-1761033662-main-4dfe916-dirty-4dfe916-M][2136] [ ntpserver : 5943 ][ /usr/sbin/ntpd ] re-spawned!
[INFO][2026-07-21 09:18:51][appmon-1761033662-main-4dfe916-dirty-4dfe916-M][2136] /usr/sbin/ntpd waiting for kill zombie process [ 5943 ]
[INFO][2026-07-21 09:18:51][appmon-1761033662-main-4dfe916-dirty-4dfe916-M][2136] /usr/sbin/ntpd cleaned zombie process [ 5943 ] — not signal-terminated
[INFO][2026-07-21 09:18:51][appmon-1761033662-main-4dfe916-dirty-4dfe916-M][2136] [ ntpserver : 5953 ][ /usr/sbin/ntpd ] re-spawned!
[INFO][2026-07-21 09:18:51][appmon-1761033662-main-4dfe916-dirty-4dfe916-M][2136] /usr/sbin/ntpd waiting for kill zombie process [ 5953 ]
[INFO][2026-07-21 09:18:51][appmon-1761033662-main-4dfe916-dirty-4dfe916-M][2136] /usr/sbin/ntpd cleaned zombie process [ 5953 ] — not signal-terminated
[INFO][2026-07-21 09:18:52][appmon-1761033662-main-4dfe916-dirty-4dfe916-M][2136] [ ntpserver : 5963 ][ /usr/sbin/ntpd ] re-spawned!
[INFO][2026-07-21 09:18:52][appmon-1761033662-main-4dfe916-dirty-4dfe916-M][2136] /usr/sbin/ntpd waiting for kill zombie process [ 5963 ]
[INFO][2026-07-21 09:18:52][appmon-1761033662-main-4dfe916-dirty-4dfe916-M][2136] /usr/sbin/ntpd cleaned zombie process [ 5963 ] — not signal-terminated
[INFO][2026-07-21 09:18:53][appmon-1761033662-main-4dfe916-dirty-4dfe916-M][2136] [ ntpserver : 5973 ][ /usr/sbin/ntpd ] re-spawned!
[INFO][2026-07-21 09:18:53][appmon-1761033662-main-4dfe916-dirty-4dfe916-M][2136] /usr/sbin/ntpd waiting for kill zombie process [ 5973 ]
[INFO][2026-07-21 09:18:53][appmon-1761033662-main-4dfe916-dirty-4dfe916-M][2136] /usr/sbin/ntpd cleaned zombie process [ 5973 ] — not signal-terminated
[INFO][2026-07-21 09:18:54][appmon-1761033662-main-4dfe916-dirty-4dfe916-M][2136] [ ntpserver : 5976 ][ /usr/sbin/ntpd ] re-spawned!
[INFO][2026-07-21 09:18:54][appmon-1761033662-main-4dfe916-dirty-4dfe916-M][2136] /usr/sbin/ntpd waiting for kill zombie process [ 5976 ]
[INFO][2026-07-21 09:18:54][appmon-1761033662-main-4dfe916-dirty-4dfe916-M][2136] /usr/sbin/ntpd cleaned zombie process [ 5976 ] — not signal-terminated
[INFO][2026-07-21 09:18:55][appmon-1761033662-main-4dfe916-dirty-4dfe916-M][2136] [ ntpserver : 5986 ][ /usr/sbin/ntpd ] re-spawned!
[INFO][2026-07-21 09:18:55][appmon-1761033662-main-4dfe916-dirty-4dfe916-M][2136] /usr/sbin/ntpd waiting for kill zombie process [ 5986 ]
[INFO][2026-07-21 09:18:55][appmon-1761033662-main-4dfe916-dirty-4dfe916-M][2136] /usr/sbin/ntpd cleaned zombie process [ 5986 ] — not signal-terminated
[INFO][2026-07-21 09:18:56][appmon-1761033662-main-4dfe916-dirty-4dfe916-M][2136] [ ntpserver : 5996 ][ /usr/sbin/ntpd ] re-spawned!
[INFO][2026-07-21 09:18:56][appmon-1761033662-main-4dfe916-dirty-4dfe916-M][2136] /usr/sbin/ntpd waiting for kill zombie process [ 5996 ]
[INFO][2026-07-21 09:18:56][appmon-1761033662-main-4dfe916-dirty-4dfe916-M][2136] /usr/sbin/ntpd cleaned zombie process [ 5996 ] — not signal-terminated
[INFO][2026-07-21 09:18:56][appmon-1761033662-main-4dfe916-dirty-4dfe916-M][2136] [ ntpserver : 6006 ][ /usr/sbin/ntpd ] re-spawned!
[INFO][2026-07-21 09:18:57][appmon-1761033662-main-4dfe916-dirty-4dfe916-M][2136] Network activity (eth0) SMDA: 0.00 mbps / 0.00 mbps / 0.00 mbps / 0.00 mbps T: 0.00 mbps
[INFO][2026-07-21 09:18:57][appmon-1761033662-main-4dfe916-dirty-4dfe916-M][2136] Network activity (eth1) SMDA: 0.01 mbps / 0.01 mbps / 0.01 mbps / 0.01 mbps T: 0.01 mbps
[INFO][2026-07-21 09:18:57][appmon-1761033662-main-4dfe916-dirty-4dfe916-M][2136] Disk activity (Total Disk) SMDA: 0.40 mbps / 0.38 mbps / 1.48 mbps / 14.37 mbps T: 0.16 mbps
[INFO][2026-07-21 09:18:57][appmon-1761033662-main-4dfe916-dirty-4dfe916-M][2136] CPU activity (CPU) SMA: 2.49 % / 1.81 % / 1.56 % / 2.10 % T: 2.10 %
[INFO][2026-07-21 09:18:57][appmon-1761033662-main-4dfe916-dirty-4dfe916-M][2136] /usr/sbin/ntpd waiting for kill zombie process [ 6006 ]
[INFO][2026-07-21 09:18:57][appmon-1761033662-main-4dfe916-dirty-4dfe916-M][2136] /usr/sbin/ntpd cleaned zombie process [ 6006 ] — not signal-terminated
[INFO][2026-07-21 09:18:57][appmon-1761033662-main-4dfe916-dirty-4dfe916-M][2136] [ ntpserver : 6016 ][ /usr/sbin/ntpd ] re-spawned!
[INFO][2026-07-21 09:18:58][appmon-1761033662-main-4dfe916-dirty-4dfe916-M][2136] /usr/sbin/ntpd waiting for kill zombie process [ 6016 ]
[INFO][2026-07-21 09:18:58][appmon-1761033662-main-4dfe916-dirty-4dfe916-M][2136] /usr/sbin/ntpd cleaned zombie process [ 6016 ] — not signal-terminated
[INFO][2026-07-21 09:18:58][appmon-1761033662-main-4dfe916-dirty-4dfe916-M][2136] [ ntpserver : 6027 ][ /usr/sbin/ntpd ] re-spawned!
[INFO][2026-07-21 09:18:59][appmon-1761033662-main-4dfe916-dirty-4dfe916-M][2136] /usr/sbin/ntpd waiting for kill zombie process [ 6027 ]
[INFO][2026-07-21 09:18:59][appmon-1761033662-main-4dfe916-dirty-4dfe916-M][2136] /usr/sbin/ntpd cleaned zombie process [ 6027 ] — not signal-terminated
[INFO][2026-07-21 09:18:59][appmon-1761033662-main-4dfe916-dirty-4dfe916-M][2136] [ ntpserver : 6037 ][ /usr/sbin/ntpd ] re-spawned!
[INFO][2026-07-21 09:19:00][appmon-1761033662-main-4dfe916-dirty-4dfe916-M][2136] /usr/sbin/ntpd waiting for kill zombie process [ 6037 ]
[INFO][2026-07-21 09:19:00][appmon-1761033662-main-4dfe916-dirty-4dfe916-M][2136] /usr/sbin/ntpd cleaned zombie process [ 6037 ] — not signal-terminated
[INFO][2026-07-21 09:19:00][appmon-1761033662-main-4dfe916-dirty-4dfe916-M][2136] [ ntpserver : 6047 ][ /usr/sbin/ntpd ] re-spawned!
[INFO][2026-07-21 09:19:00][appmon-1761033662-main-4dfe916-dirty-4dfe916-M][2136] /usr/sbin/ntpd waiting for kill zombie process [ 6047 ]
[INFO][2026-07-21 09:19:00][appmon-1761033662-main-4dfe916-dirty-4dfe916-M][2136] /usr/sbin/ntpd cleaned zombie process [ 6047 ] — not signal-terminated
[INFO][2026-07-21 09:19:01][appmon-1761033662-main-4dfe916-dirty-4dfe916-M][2136] [ ntpserver : 6055 ][ /usr/sbin/ntpd ] re-spawned!
[INFO][2026-07-21 09:19:01][appmon-1761033662-main-4dfe916-dirty-4dfe916-M][2136] /usr/sbin/ntpd waiting for kill zombie process [ 6055 ]
[INFO][2026-07-21 09:19:01][appmon-1761033662-main-4dfe916-dirty-4dfe916-M][2136] /usr/sbin/ntpd cleaned zombie process [ 6055 ] — not signal-terminated
[INFO][2026-07-21 09:19:02][appmon-1761033662-main-4dfe916-dirty-4dfe916-M][2136] [ ntpserver : 6060 ][ /usr/sbin/ntpd ] re-spawned!
[INFO][2026-07-21 09:19:02][appmon-1761033662-main-4dfe916-dirty-4dfe916-M][2136] /usr/sbin/ntpd waiting for kill zombie process [ 6060 ]
[INFO][2026-07-21 09:19:02][appmon-1761033662-main-4dfe916-dirty-4dfe916-M][2136] /usr/sbin/ntpd cleaned zombie process [ 6060 ] — not signal-terminated
[INFO][2026-07-21 09:19:03][appmon-1761033662-main-4dfe916-dirty-4dfe916-M][2136] [ ntpserver : 6070 ][ /usr/sbin/ntpd ] re-spawned!
[INFO][2026-07-21 09:19:03][appmon-1761033662-main-4dfe916-dirty-4dfe916-M][2136] /usr/sbin/ntpd waiting for kill zombie process [ 6070 ]
[INFO][2026-07-21 09:19:03][appmon-1761033662-main-4dfe916-dirty-4dfe916-M][2136] /usr/sbin/ntpd cleaned zombie process [ 6070 ] — not signal-terminated
[INFO][2026-07-21 09:19:04][appmon-1761033662-main-4dfe916-dirty-4dfe916-M][2136] [ ntpserver : 6081 ][ /usr/sbin/ntpd ] re-spawned!
[INFO][2026-07-21 09:19:04][appmon-1761033662-main-4dfe916-dirty-4dfe916-M][2136] /usr/sbin/ntpd waiting for kill zombie process [ 6081 ]
[INFO][2026-07-21 09:19:04][appmon-1761033662-main-4dfe916-dirty-4dfe916-M][2136] /usr/sbin/ntpd cleaned zombie process [ 6081 ] — not signal-terminated
[INFO][2026-07-21 09:19:05][appmon-1761033662-main-4dfe916-dirty-4dfe916-M][2136] [ ntpserver : 6091 ][ /usr/sbin/ntpd ] re-spawned!
[INFO][2026-07-21 09:19:05][appmon-1761033662-main-4dfe916-dirty-4dfe916-M][2136] /usr/sbin/ntpd waiting for kill zombie process [ 6091 ]
[INFO][2026-07-21 09:19:05][appmon-1761033662-main-4dfe916-dirty-4dfe916-M][2136] /usr/sbin/ntpd cleaned zombie process [ 6091 ] — not signal-terminated
[INFO][2026-07-21 09:19:05][appmon-1761033662-main-4dfe916-dirty-4dfe916-M][2136] [ ntpserver : 6101 ][ /usr/sbin/ntpd ] re-spawned!
[INFO][2026-07-21 09:19:06][appmon-1761033662-main-4dfe916-dirty-4dfe916-M][2136] /usr/sbin/ntpd waiting for kill zombie process [ 6101 ]
[INFO][2026-07-21 09:19:06][appmon-1761033662-main-4dfe916-dirty-4dfe916-M][2136] /usr/sbin/ntpd cleaned zombie process [ 6101 ] — not signal-terminated
[INFO][2026-07-21 09:19:06][appmon-1761033662-main-4dfe916-dirty-4dfe916-M][2136] [ ntpserver : 6111 ][ /usr/sbin/ntpd ] re-spawned!
[INFO][2026-07-21 09:19:07][appmon-1761033662-main-4dfe916-dirty-4dfe916-M][2136] Network activity (eth0) SMDA: 0.00 mbps / 0.00 mbps / 0.00 mbps / 0.00 mbps T: 0.00 mbps
[INFO][2026-07-21 09:19:07][appmon-1761033662-main-4dfe916-dirty-4dfe916-M][2136] Network activity (eth1) SMDA: 0.00 mbps / 0.01 mbps / 0.01 mbps / 0.01 mbps T: 0.01 mbps
[INFO][2026-07-21 09:19:07][appmon-1761033662-main-4dfe916-dirty-4dfe916-M][2136] Disk activity (Total Disk) SMDA: 0.50 mbps / 0.39 mbps / 0.36 mbps / 13.63 mbps T: 0.16 mbps
[INFO][2026-07-21 09:19:07][appmon-1761033662-main-4dfe916-dirty-4dfe916-M][2136] CPU activity (CPU) SMA: 1.67 % / 2.15 % / 1.65 % / 2.08 % T: 2.08 %
[INFO][2026-07-21 09:19:07][appmon-1761033662-main-4dfe916-dirty-4dfe916-M][2136] /usr/sbin/ntpd waiting for kill zombie process [ 6111 ]
[INFO][2026-07-21 09:19:07][appmon-1761033662-main-4dfe916-dirty-4dfe916-M][2136] /usr/sbin/ntpd cleaned zombie process [ 6111 ] — not signal-terminated
[INFO][2026-07-21 09:19:07][appmon-1761033662-main-4dfe916-dirty-4dfe916-M][2136] [ ntpserver : 6121 ][ /usr/sbin/ntpd ] re-spawned!
[INFO][2026-07-21 09:19:08][appmon-1761033662-main-4dfe916-dirty-4dfe916-M][2136] /usr/sbin/ntpd waiting for kill zombie process [ 6121 ]
[INFO][2026-07-21 09:19:08][appmon-1761033662-main-4dfe916-dirty-4dfe916-M][2136] /usr/sbin/ntpd cleaned zombie process [ 6121 ] — not signal-terminated
[INFO][2026-07-21 09:19:08][appmon-1761033662-main-4dfe916-dirty-4dfe916-M][2136] [ ntpserver : 6131 ][ /usr/sbin/ntpd ] re-spawned!
[INFO][2026-07-21 09:19:09][appmon-1761033662-main-4dfe916-dirty-4dfe916-M][2136] /usr/sbin/ntpd waiting for kill zombie process [ 6131 ]
[INFO][2026-07-21 09:19:09][appmon-1761033662-main-4dfe916-dirty-4dfe916-M][2136] /usr/sbin/ntpd cleaned zombie process [ 6131 ] — not signal-terminated
[INFO][2026-07-21 09:19:09][appmon-1761033662-main-4dfe916-dirty-4dfe916-M][2136] [ ntpserver : 6134 ][ /usr/sbin/ntpd ] re-spawned!
[INFO][2026-07-21 09:19:09][appmon-1761033662-main-4dfe916-dirty-4dfe916-M][2136] /usr/sbin/ntpd waiting for kill zombie process [ 6134 ]
[INFO][2026-07-21 09:19:09][appmon-1761033662-main-4dfe916-dirty-4dfe916-M][2136] /usr/sbin/ntpd cleaned zombie process [ 6134 ] — not signal-terminated
[INFO][2026-07-21 09:19:10][appmon-1761033662-main-4dfe916-dirty-4dfe916-M][2136] [ ntpserver : 6144 ][ /usr/sbin/ntpd ] re-spawned!
[INFO][2026-07-21 09:19:10][appmon-1761033662-main-4dfe916-dirty-4dfe916-M][2136] /usr/sbin/ntpd waiting for kill zombie process [ 6144 ]
[INFO][2026-07-21 09:19:10][appmon-1761033662-main-4dfe916-dirty-4dfe916-M][2136] /usr/sbin/ntpd cleaned zombie process [ 6144 ] — not signal-terminated
[INFO][2026-07-21 09:19:11][appmon-1761033662-main-4dfe916-dirty-4dfe916-M][2136] [ ntpserver : 6154 ][ /usr/sbin/ntpd ] re-spawned!
[INFO][2026-07-21 09:19:11][appmon-1761033662-main-4dfe916-dirty-4dfe916-M][2136] /usr/sbin/ntpd waiting for kill zombie process [ 6154 ]
[INFO][2026-07-21 09:19:11][appmon-1761033662-main-4dfe916-dirty-4dfe916-M][2136] /usr/sbin/ntpd cleaned zombie process [ 6154 ] — not signal-terminated
[INFO][2026-07-21 09:19:12][appmon-1761033662-main-4dfe916-dirty-4dfe916-M][2136] [ ntpserver : 6164 ][ /usr/sbin/ntpd ] re-spawned!
[INFO][2026-07-21 09:19:12][appmon-1761033662-main-4dfe916-dirty-4dfe916-M][2136] /usr/sbin/ntpd waiting for kill zombie process [ 6164 ]
[INFO][2026-07-21 09:19:12][appmon-1761033662-main-4dfe916-dirty-4dfe916-M][2136] /usr/sbin/ntpd cleaned zombie process [ 6164 ] — not signal-terminated
[INFO][2026-07-21 09:19:13][appmon-1761033662-main-4dfe916-dirty-4dfe916-M][2136] [ ntpserver : 6174 ][ /usr/sbin/ntpd ] re-spawned!
[INFO][2026-07-21 09:19:13][appmon-1761033662-main-4dfe916-dirty-4dfe916-M][2136] /usr/sbin/ntpd waiting for kill zombie process [ 6174 ]
[INFO][2026-07-21 09:19:13][appmon-1761033662-main-4dfe916-dirty-4dfe916-M][2136] /usr/sbin/ntpd cleaned zombie process [ 6174 ] — not signal-terminated
[INFO][2026-07-21 09:19:14][appmon-1761033662-main-4dfe916-dirty-4dfe916-M][2136] [ ntpserver : 6205 ][ /usr/sbin/ntpd ] re-spawned!
[INFO][2026-07-21 09:19:14][appmon-1761033662-main-4dfe916-dirty-4dfe916-M][2136] /usr/sbin/ntpd waiting for kill zombie process [ 6205 ]
[INFO][2026-07-21 09:19:14][appmon-1761033662-main-4dfe916-dirty-4dfe916-M][2136] /usr/sbin/ntpd cleaned zombie process [ 6205 ] — not signal-terminated
[INFO][2026-07-21 09:19:15][appmon-1761033662-main-4dfe916-dirty-4dfe916-M][2136] [ ntpserver : 6215 ][ /usr/sbin/ntpd ] re-spawned!
[INFO][2026-07-21 09:19:15][appmon-1761033662-main-4dfe916-dirty-4dfe916-M][2136] /usr/sbin/ntpd waiting for kill zombie process [ 6215 ]
[INFO][2026-07-21 09:19:15][appmon-1761033662-main-4dfe916-dirty-4dfe916-M][2136] /usr/sbin/ntpd cleaned zombie process [ 6215 ] — not signal-terminated
[INFO][2026-07-21 09:19:15][appmon-1761033662-main-4dfe916-dirty-4dfe916-M][2136] [ ntpserver : 6225 ][ /usr/sbin/ntpd ] re-spawned!
[INFO][2026-07-21 09:19:16][appmon-1761033662-main-4dfe916-dirty-4dfe916-M][2136] /usr/sbin/ntpd waiting for kill zombie process [ 6225 ]
[INFO][2026-07-21 09:19:16][appmon-1761033662-main-4dfe916-dirty-4dfe916-M][2136] /usr/sbin/ntpd cleaned zombie process [ 6225 ] — not signal-terminated
[INFO][2026-07-21 09:19:16][appmon-1761033662-main-4dfe916-dirty-4dfe916-M][2136] [ ntpserver : 6235 ][ /usr/sbin/ntpd ] re-spawned!
[INFO][2026-07-21 09:19:17][appmon-1761033662-main-4dfe916-dirty-4dfe916-M][2136] /usr/sbin/ntpd waiting for kill zombie process [ 6235 ]
[INFO][2026-07-21 09:19:17][appmon-1761033662-main-4dfe916-dirty-4dfe916-M][2136] /usr/sbin/ntpd cleaned zombie process [ 6235 ] — not signal-terminated
[INFO][2026-07-21 09:19:17][appmon-1761033662-main-4dfe916-dirty-4dfe916-M][2136] Network activity (eth0) SMDA: 0.00 mbps / 0.00 mbps / 0.00 mbps / 0.00 mbps T: 0.00 mbps
[INFO][2026-07-21 09:19:17][appmon-1761033662-main-4dfe916-dirty-4dfe916-M][2136] Network activity (eth1) SMDA: 0.01 mbps / 0.01 mbps / 0.01 mbps / 0.01 mbps T: 0.01 mbps
[INFO][2026-07-21 09:19:17][appmon-1761033662-main-4dfe916-dirty-4dfe916-M][2136] Disk activity (Total Disk) SMDA: 0.37 mbps / 0.36 mbps / 0.37 mbps / 12.95 mbps T: 0.16 mbps
[INFO][2026-07-21 09:19:17][appmon-1761033662-main-4dfe916-dirty-4dfe916-M][2136] CPU activity (CPU) SMA: 0.83 % / 1.53 % / 1.57 % / 2.01 % T: 2.01 %
[INFO][2026-07-21 09:19:17][appmon-1761033662-main-4dfe916-dirty-4dfe916-M][2136] [ ntpserver : 6238 ][ /usr/sbin/ntpd ] re-spawned!
[INFO][2026-07-21 09:19:17][appmon-1761033662-main-4dfe916-dirty-4dfe916-M][2136] [ logrotate : 6239 ][ /mnt/tools/bin/logrotate ] re-spawned!
[INFO][2026-07-21 09:19:18][appmon-1761033662-main-4dfe916-dirty-4dfe916-M][2136] /usr/sbin/ntpd waiting for kill zombie process [ 6238 ]
[INFO][2026-07-21 09:19:18][appmon-1761033662-main-4dfe916-dirty-4dfe916-M][2136] /usr/sbin/ntpd cleaned zombie process [ 6238 ] — not signal-terminated
[INFO][2026-07-21 09:19:18][appmon-1761033662-main-4dfe916-dirty-4dfe916-M][2136] [ ntpserver : 6250 ][ /usr/sbin/ntpd ] re-spawned!
[INFO][2026-07-21 09:19:18][appmon-1761033662-main-4dfe916-dirty-4dfe916-M][2136] /mnt/tools/bin/logrotate waiting for kill zombie process [ 6239 ]
[INFO][2026-07-21 09:19:18][appmon-1761033662-main-4dfe916-dirty-4dfe916-M][2136] /mnt/tools/bin/logrotate cleaned zombie process [ 6239 ] — not signal-terminated
[INFO][2026-07-21 09:19:19][appmon-1761033662-main-4dfe916-dirty-4dfe916-M][2136] /usr/sbin/ntpd waiting for kill zombie process [ 6250 ]
[INFO][2026-07-21 09:19:19][appmon-1761033662-main-4dfe916-dirty-4dfe916-M][2136] /usr/sbin/ntpd cleaned zombie process [ 6250 ] — not signal-terminated
[INFO][2026-07-21 09:19:20][appmon-1761033662-main-4dfe916-dirty-4dfe916-M][2136] [ ntpserver : 6267 ][ /usr/sbin/ntpd ] re-spawned!
[INFO][2026-07-21 09:19:20][appmon-1761033662-main-4dfe916-dirty-4dfe916-M][2136] /usr/sbin/ntpd waiting for kill zombie process [ 6267 ]
[INFO][2026-07-21 09:19:20][appmon-1761033662-main-4dfe916-dirty-4dfe916-M][2136] /usr/sbin/ntpd cleaned zombie process [ 6267 ] — not signal-terminated
[INFO][2026-07-21 09:19:20][appmon-1761033662-main-4dfe916-dirty-4dfe916-M][2136] [ ntpserver : 6277 ][ /usr/sbin/ntpd ] re-spawned!
[INFO][2026-07-21 09:19:21][appmon-1761033662-main-4dfe916-dirty-4dfe916-M][2136] /usr/sbin/ntpd waiting for kill zombie process [ 6277 ]
[INFO][2026-07-21 09:19:21][appmon-1761033662-main-4dfe916-dirty-4dfe916-M][2136] /usr/sbin/ntpd cleaned zombie process [ 6277 ] — not signal-terminated
[INFO][2026-07-21 09:19:21][appmon-1761033662-main-4dfe916-dirty-4dfe916-M][2136] [ ntpserver : 6280 ][ /usr/sbin/ntpd ] re-spawned!
[INFO][2026-07-21 09:19:22][appmon-1761033662-main-4dfe916-dirty-4dfe916-M][2136] /usr/sbin/ntpd waiting for kill zombie process [ 6280 ]
[INFO][2026-07-21 09:19:22][appmon-1761033662-main-4dfe916-dirty-4dfe916-M][2136] /usr/sbin/ntpd cleaned zombie process [ 6280 ] — not signal-terminated
[INFO][2026-07-21 09:19:22][appmon-1761033662-main-4dfe916-dirty-4dfe916-M][2136] [ ntpserver : 6290 ][ /usr/sbin/ntpd ] re-spawned!
[INFO][2026-07-21 09:19:23][appmon-1761033662-main-4dfe916-dirty-4dfe916-M][2136] /usr/sbin/ntpd waiting for kill zombie process [ 6290 ]
[INFO][2026-07-21 09:19:23][appmon-1761033662-main-4dfe916-dirty-4dfe916-M][2136] /usr/sbin/ntpd cleaned zombie process [ 6290 ] — not signal-terminated
[INFO][2026-07-21 09:19:23][appmon-1761033662-main-4dfe916-dirty-4dfe916-M][2136] [ ntpserver : 6300 ][ /usr/sbin/ntpd ] re-spawned!
[INFO][2026-07-21 09:19:24][appmon-1761033662-main-4dfe916-dirty-4dfe916-M][2136] /usr/sbin/ntpd waiting for kill zombie process [ 6300 ]
[INFO][2026-07-21 09:19:24][appmon-1761033662-main-4dfe916-dirty-4dfe916-M][2136] /usr/sbin/ntpd cleaned zombie process [ 6300 ] — not signal-terminated
[INFO][2026-07-21 09:19:24][appmon-1761033662-main-4dfe916-dirty-4dfe916-M][2136] [ ntpserver : 6310 ][ /usr/sbin/ntpd ] re-spawned!
[INFO][2026-07-21 09:19:24][appmon-1761033662-main-4dfe916-dirty-4dfe916-M][2136] /usr/sbin/ntpd waiting for kill zombie process [ 6310 ]
[INFO][2026-07-21 09:19:24][appmon-1761033662-main-4dfe916-dirty-4dfe916-M][2136] /usr/sbin/ntpd cleaned zombie process [ 6310 ] — not signal-terminated
[INFO][2026-07-21 09:19:25][appmon-1761033662-main-4dfe916-dirty-4dfe916-M][2136] [ ntpserver : 6320 ][ /usr/sbin/ntpd ] re-spawned!
[INFO][2026-07-21 09:19:25][appmon-1761033662-main-4dfe916-dirty-4dfe916-M][2136] /usr/sbin/ntpd waiting for kill zombie process [ 6320 ]
[INFO][2026-07-21 09:19:25][appmon-1761033662-main-4dfe916-dirty-4dfe916-M][2136] /usr/sbin/ntpd cleaned zombie process [ 6320 ] — not signal-terminated
[INFO][2026-07-21 09:19:26][appmon-1761033662-main-4dfe916-dirty-4dfe916-M][2136] [ ntpserver : 6330 ][ /usr/sbin/ntpd ] re-spawned!
[INFO][2026-07-21 09:19:26][appmon-1761033662-main-4dfe916-dirty-4dfe916-M][2136] /usr/sbin/ntpd waiting for kill zombie process [ 6330 ]
[INFO][2026-07-21 09:19:26][appmon-1761033662-main-4dfe916-dirty-4dfe916-M][2136] /usr/sbin/ntpd cleaned zombie process [ 6330 ] — not signal-terminated
[INFO][2026-07-21 09:19:27][appmon-1761033662-main-4dfe916-dirty-4dfe916-M][2136] [ ntpserver : 6340 ][ /usr/sbin/ntpd ] re-spawned!
[INFO][2026-07-21 09:19:27][appmon-1761033662-main-4dfe916-dirty-4dfe916-M][2136] Network activity (eth0) SMDA: 0.00 mbps / 0.00 mbps / 0.00 mbps / 0.00 mbps T: 0.00 mbps
[INFO][2026-07-21 09:19:27][appmon-1761033662-main-4dfe916-dirty-4dfe916-M][2136] Network activity (eth1) SMDA: 0.01 mbps / 0.01 mbps / 0.01 mbps / 0.01 mbps T: 0.01 mbps
[INFO][2026-07-21 09:19:27][appmon-1761033662-main-4dfe916-dirty-4dfe916-M][2136] Disk activity (Total Disk) SMDA: 0.48 mbps / 0.38 mbps / 0.37 mbps / 12.34 mbps T: 0.16 mbps
[INFO][2026-07-21 09:19:27][appmon-1761033662-main-4dfe916-dirty-4dfe916-M][2136] CPU activity (CPU) SMA: 1.67 % / 0.97 % / 1.38 % / 1.98 % T: 1.98 %
[INFO][2026-07-21 09:19:27][appmon-1761033662-main-4dfe916-dirty-4dfe916-M][2136] /usr/sbin/ntpd waiting for kill zombie process [ 6340 ]
[INFO][2026-07-21 09:19:27][appmon-1761033662-main-4dfe916-dirty-4dfe916-M][2136] /usr/sbin/ntpd cleaned zombie process [ 6340 ] — not signal-terminated
[INFO][2026-07-21 09:19:28][appmon-1761033662-main-4dfe916-dirty-4dfe916-M][2136] [ ntpserver : 6350 ][ /usr/sbin/ntpd ] re-spawned!
[INFO][2026-07-21 09:19:28][appmon-1761033662-main-4dfe916-dirty-4dfe916-M][2136] /usr/sbin/ntpd waiting for kill zombie process [ 6350 ]
[INFO][2026-07-21 09:19:28][appmon-1761033662-main-4dfe916-dirty-4dfe916-M][2136] /usr/sbin/ntpd cleaned zombie process [ 6350 ] — not signal-terminated
[INFO][2026-07-21 09:19:29][appmon-1761033662-main-4dfe916-dirty-4dfe916-M][2136] [ ntpserver : 6360 ][ /usr/sbin/ntpd ] re-spawned!
[INFO][2026-07-21 09:19:29][appmon-1761033662-main-4dfe916-dirty-4dfe916-M][2136] /usr/sbin/ntpd waiting for kill zombie process [ 6360 ]
[INFO][2026-07-21 09:19:29][appmon-1761033662-main-4dfe916-dirty-4dfe916-M][2136] /usr/sbin/ntpd cleaned zombie process [ 6360 ] — not signal-terminated
[INFO][2026-07-21 09:19:29][appmon-1761033662-main-4dfe916-dirty-4dfe916-M][2136] [ ntpserver : 6363 ][ /usr/sbin/ntpd ] re-spawned!
[INFO][2026-07-21 09:19:30][appmon-1761033662-main-4dfe916-dirty-4dfe916-M][2136] /usr/sbin/ntpd waiting for kill zombie process [ 6363 ]
[INFO][2026-07-21 09:19:30][appmon-1761033662-main-4dfe916-dirty-4dfe916-M][2136] /usr/sbin/ntpd cleaned zombie process [ 6363 ] — not signal-terminated
[INFO][2026-07-21 09:19:30][appmon-1761033662-main-4dfe916-dirty-4dfe916-M][2136] [ ntpserver : 6373 ][ /usr/sbin/ntpd ] re-spawned!
[INFO][2026-07-21 09:19:31][appmon-1761033662-main-4dfe916-dirty-4dfe916-M][2136] /usr/sbin/ntpd waiting for kill zombie process [ 6373 ]
[INFO][2026-07-21 09:19:31][appmon-1761033662-main-4dfe916-dirty-4dfe916-M][2136] /usr/sbin/ntpd cleaned zombie process [ 6373 ] — not signal-terminated
[INFO][2026-07-21 09:19:31][appmon-1761033662-main-4dfe916-dirty-4dfe916-M][2136] [ ntpserver : 6383 ][ /usr/sbin/ntpd ] re-spawned!
[INFO][2026-07-21 09:19:32][appmon-1761033662-main-4dfe916-dirty-4dfe916-M][2136] /usr/sbin/ntpd waiting for kill zombie process [ 6383 ]
[INFO][2026-07-21 09:19:32][appmon-1761033662-main-4dfe916-dirty-4dfe916-M][2136] /usr/sbin/ntpd cleaned zombie process [ 6383 ] — not signal-terminated
[INFO][2026-07-21 09:19:32][appmon-1761033662-main-4dfe916-dirty-4dfe916-M][2136] [ ntpserver : 6393 ][ /usr/sbin/ntpd ] re-spawned!
[INFO][2026-07-21 09:19:33][appmon-1761033662-main-4dfe916-dirty-4dfe916-M][2136] /usr/sbin/ntpd waiting for kill zombie process [ 6393 ]
[INFO][2026-07-21 09:19:33][appmon-1761033662-main-4dfe916-dirty-4dfe916-M][2136] /usr/sbin/ntpd cleaned zombie process [ 6393 ] — not signal-terminated
[INFO][2026-07-21 09:19:33][appmon-1761033662-main-4dfe916-dirty-4dfe916-M][2136] [ ntpserver : 6407 ][ /usr/sbin/ntpd ] re-spawned!
[INFO][2026-07-21 09:19:33][appmon-1761033662-main-4dfe916-dirty-4dfe916-M][2136] /usr/sbin/ntpd waiting for kill zombie process [ 6407 ]
[INFO][2026-07-21 09:19:33][appmon-1761033662-main-4dfe916-dirty-4dfe916-M][2136] /usr/sbin/ntpd cleaned zombie process [ 6407 ] — not signal-terminated
[INFO][2026-07-21 09:19:34][appmon-1761033662-main-4dfe916-dirty-4dfe916-M][2136] [ ntpserver : 6417 ][ /usr/sbin/ntpd ] re-spawned!
[INFO][2026-07-21 09:19:34][appmon-1761033662-main-4dfe916-dirty-4dfe916-M][2136] /usr/sbin/ntpd waiting for kill zombie process [ 6417 ]
[INFO][2026-07-21 09:19:34][appmon-1761033662-main-4dfe916-dirty-4dfe916-M][2136] /usr/sbin/ntpd cleaned zombie process [ 6417 ] — not signal-terminated
[INFO][2026-07-21 09:19:35][appmon-1761033662-main-4dfe916-dirty-4dfe916-M][2136] [ ntpserver : 6427 ][ /usr/sbin/ntpd ] re-spawned!
[INFO][2026-07-21 09:19:35][appmon-1761033662-main-4dfe916-dirty-4dfe916-M][2136] /usr/sbin/ntpd waiting for kill zombie process [ 6427 ]
[INFO][2026-07-21 09:19:35][appmon-1761033662-main-4dfe916-dirty-4dfe916-M][2136] /usr/sbin/ntpd cleaned zombie process [ 6427 ] — not signal-terminated
[INFO][2026-07-21 09:19:36][appmon-1761033662-main-4dfe916-dirty-4dfe916-M][2136] [ ntpserver : 6437 ][ /usr/sbin/ntpd ] re-spawned!
[INFO][2026-07-21 09:19:36][appmon-1761033662-main-4dfe916-dirty-4dfe916-M][2136] /usr/sbin/ntpd waiting for kill zombie process [ 6437 ]
[INFO][2026-07-21 09:19:36][appmon-1761033662-main-4dfe916-dirty-4dfe916-M][2136] /usr/sbin/ntpd cleaned zombie process [ 6437 ] — not signal-terminated
[INFO][2026-07-21 09:19:37][appmon-1761033662-main-4dfe916-dirty-4dfe916-M][2136] [ ntpserver : 6443 ][ /usr/sbin/ntpd ] re-spawned!
[INFO][2026-07-21 09:19:37][appmon-1761033662-main-4dfe916-dirty-4dfe916-M][2136] Network activity (eth0) SMDA: 0.00 mbps / 0.00 mbps / 0.00 mbps / 0.00 mbps T: 0.00 mbps
[INFO][2026-07-21 09:19:37][appmon-1761033662-main-4dfe916-dirty-4dfe916-M][2136] Network activity (eth1) SMDA: 0.01 mbps / 0.01 mbps / 0.01 mbps / 0.01 mbps T: 0.01 mbps
[INFO][2026-07-21 09:19:37][appmon-1761033662-main-4dfe916-dirty-4dfe916-M][2136] Disk activity (Total Disk) SMDA: 0.36 mbps / 0.39 mbps / 0.38 mbps / 11.78 mbps T: 0.16 mbps
[INFO][2026-07-21 09:19:37][appmon-1761033662-main-4dfe916-dirty-4dfe916-M][2136] CPU activity (CPU) SMA: 0.84 % / 1.11 % / 1.43 % / 1.94 % T: 1.94 %
[INFO][2026-07-21 09:19:37][appmon-1761033662-main-4dfe916-dirty-4dfe916-M][2136] /usr/sbin/ntpd waiting for kill zombie process [ 6443 ]
[INFO][2026-07-21 09:19:37][appmon-1761033662-main-4dfe916-dirty-4dfe916-M][2136] /usr/sbin/ntpd cleaned zombie process [ 6443 ] — not signal-terminated
[INFO][2026-07-21 09:19:38][appmon-1761033662-main-4dfe916-dirty-4dfe916-M][2136] [ ntpserver : 6450 ][ /usr/sbin/ntpd ] re-spawned!
[INFO][2026-07-21 09:19:38][appmon-1761033662-main-4dfe916-dirty-4dfe916-M][2136] /usr/sbin/ntpd waiting for kill zombie process [ 6450 ]
[INFO][2026-07-21 09:19:38][appmon-1761033662-main-4dfe916-dirty-4dfe916-M][2136] /usr/sbin/ntpd cleaned zombie process [ 6450 ] — not signal-terminated
[INFO][2026-07-21 09:19:38][appmon-1761033662-main-4dfe916-dirty-4dfe916-M][2136] [ ntpserver : 6461 ][ /usr/sbin/ntpd ] re-spawned!
[INFO][2026-07-21 09:19:39][appmon-1761033662-main-4dfe916-dirty-4dfe916-M][2136] /usr/sbin/ntpd waiting for kill zombie process [ 6461 ]
[INFO][2026-07-21 09:19:39][appmon-1761033662-main-4dfe916-dirty-4dfe916-M][2136] /usr/sbin/ntpd cleaned zombie process [ 6461 ] — not signal-terminated
[INFO][2026-07-21 09:19:39][appmon-1761033662-main-4dfe916-dirty-4dfe916-M][2136] [ ntpserver : 6471 ][ /usr/sbin/ntpd ] re-spawned!
[INFO][2026-07-21 09:19:40][appmon-1761033662-main-4dfe916-dirty-4dfe916-M][2136] /usr/sbin/ntpd waiting for kill zombie process [ 6471 ]
[INFO][2026-07-21 09:19:40][appmon-1761033662-main-4dfe916-dirty-4dfe916-M][2136] /usr/sbin/ntpd cleaned zombie process [ 6471 ] — not signal-terminated
[INFO][2026-07-21 09:19:40][appmon-1761033662-main-4dfe916-dirty-4dfe916-M][2136] [ ntpserver : 6481 ][ /usr/sbin/ntpd ] re-spawned!
[INFO][2026-07-21 09:19:41][appmon-1761033662-main-4dfe916-dirty-4dfe916-M][2136] /usr/sbin/ntpd waiting for kill zombie process [ 6481 ]
[INFO][2026-07-21 09:19:41][appmon-1761033662-main-4dfe916-dirty-4dfe916-M][2136] /usr/sbin/ntpd cleaned zombie process [ 6481 ] — not signal-terminated
[INFO][2026-07-21 09:19:41][appmon-1761033662-main-4dfe916-dirty-4dfe916-M][2136] [ ntpserver : 6491 ][ /usr/sbin/ntpd ] re-spawned!
[INFO][2026-07-21 09:19:42][appmon-1761033662-main-4dfe916-dirty-4dfe916-M][2136] /usr/sbin/ntpd waiting for kill zombie process [ 6491 ]
[INFO][2026-07-21 09:19:42][appmon-1761033662-main-4dfe916-dirty-4dfe916-M][2136] /usr/sbin/ntpd cleaned zombie process [ 6491 ] — not signal-terminated
[INFO][2026-07-21 09:19:42][appmon-1761033662-main-4dfe916-dirty-4dfe916-M][2136] [ ntpserver : 6501 ][ /usr/sbin/ntpd ] re-spawned!
[INFO][2026-07-21 09:19:42][appmon-1761033662-main-4dfe916-dirty-4dfe916-M][2136] /usr/sbin/ntpd waiting for kill zombie process [ 6501 ]
[INFO][2026-07-21 09:19:42][appmon-1761033662-main-4dfe916-dirty-4dfe916-M][2136] /usr/sbin/ntpd cleaned zombie process [ 6501 ] — not signal-terminated
[INFO][2026-07-21 09:19:43][appmon-1761033662-main-4dfe916-dirty-4dfe916-M][2136] [ ntpserver : 6511 ][ /usr/sbin/ntpd ] re-spawned!
[INFO][2026-07-21 09:19:43][appmon-1761033662-main-4dfe916-dirty-4dfe916-M][2136] /usr/sbin/ntpd waiting for kill zombie process [ 6511 ]
[INFO][2026-07-21 09:19:43][appmon-1761033662-main-4dfe916-dirty-4dfe916-M][2136] /usr/sbin/ntpd cleaned zombie process [ 6511 ] — not signal-terminated
[INFO][2026-07-21 09:19:44][appmon-1761033662-main-4dfe916-dirty-4dfe916-M][2136] [ ntpserver : 6542 ][ /usr/sbin/ntpd ] re-spawned!
[INFO][2026-07-21 09:19:44][appmon-1761033662-main-4dfe916-dirty-4dfe916-M][2136] /usr/sbin/ntpd waiting for kill zombie process [ 6542 ]
[INFO][2026-07-21 09:19:44][appmon-1761033662-main-4dfe916-dirty-4dfe916-M][2136] /usr/sbin/ntpd cleaned zombie process [ 6542 ] — not signal-terminated
[INFO][2026-07-21 09:19:45][appmon-1761033662-main-4dfe916-dirty-4dfe916-M][2136] [ ntpserver : 6545 ][ /usr/sbin/ntpd ] re-spawned!
[INFO][2026-07-21 09:19:45][appmon-1761033662-main-4dfe916-dirty-4dfe916-M][2136] /usr/sbin/ntpd waiting for kill zombie process [ 6545 ]
[INFO][2026-07-21 09:19:45][appmon-1761033662-main-4dfe916-dirty-4dfe916-M][2136] /usr/sbin/ntpd cleaned zombie process [ 6545 ] — not signal-terminated
[INFO][2026-07-21 09:19:46][appmon-1761033662-main-4dfe916-dirty-4dfe916-M][2136] [ ntpserver : 6555 ][ /usr/sbin/ntpd ] re-spawned!
[INFO][2026-07-21 09:19:46][appmon-1761033662-main-4dfe916-dirty-4dfe916-M][2136] /usr/sbin/ntpd waiting for kill zombie process [ 6555 ]
[INFO][2026-07-21 09:19:46][appmon-1761033662-main-4dfe916-dirty-4dfe916-M][2136] /usr/sbin/ntpd cleaned zombie process [ 6555 ] — not signal-terminated
[INFO][2026-07-21 09:19:47][appmon-1761033662-main-4dfe916-dirty-4dfe916-M][2136] [ ntpserver : 6565 ][ /usr/sbin/ntpd ] re-spawned!
[INFO][2026-07-21 09:19:47][appmon-1761033662-main-4dfe916-dirty-4dfe916-M][2136] Network activity (eth0) SMDA: 0.00 mbps / 0.00 mbps / 0.00 mbps / 0.00 mbps T: 0.00 mbps
[INFO][2026-07-21 09:19:47][appmon-1761033662-main-4dfe916-dirty-4dfe916-M][2136] Network activity (eth1) SMDA: 0.03 mbps / 0.01 mbps / 0.01 mbps / 0.01 mbps T: 0.01 mbps
[INFO][2026-07-21 09:19:47][appmon-1761033662-main-4dfe916-dirty-4dfe916-M][2136] Disk activity (Total Disk) SMDA: 0.77 mbps / 0.43 mbps / 0.40 mbps / 11.28 mbps T: 0.16 mbps
[INFO][2026-07-21 09:19:47][appmon-1761033662-main-4dfe916-dirty-4dfe916-M][2136] CPU activity (CPU) SMA: 1.26 % / 1.11 % / 1.43 % / 1.90 % T: 1.90 %
[INFO][2026-07-21 09:19:47][appmon-1761033662-main-4dfe916-dirty-4dfe916-M][2136] /usr/sbin/ntpd waiting for kill zombie process [ 6565 ]
[INFO][2026-07-21 09:19:47][appmon-1761033662-main-4dfe916-dirty-4dfe916-M][2136] /usr/sbin/ntpd cleaned zombie process [ 6565 ] — not signal-terminated
[INFO][2026-07-21 09:19:47][appmon-1761033662-main-4dfe916-dirty-4dfe916-M][2136] [ ntpserver : 6575 ][ /usr/sbin/ntpd ] re-spawned!
[INFO][2026-07-21 09:19:48][appmon-1761033662-main-4dfe916-dirty-4dfe916-M][2136] /usr/sbin/ntpd waiting for kill zombie process [ 6575 ]
[INFO][2026-07-21 09:19:48][appmon-1761033662-main-4dfe916-dirty-4dfe916-M][2136] /usr/sbin/ntpd cleaned zombie process [ 6575 ] — not signal-terminated
[INFO][2026-07-21 09:19:48][appmon-1761033662-main-4dfe916-dirty-4dfe916-M][2136] [ ntpserver : 6585 ][ /usr/sbin/ntpd ] re-spawned!
[INFO][2026-07-21 09:19:49][appmon-1761033662-main-4dfe916-dirty-4dfe916-M][2136] /usr/sbin/ntpd waiting for kill zombie process [ 6585 ]
[INFO][2026-07-21 09:19:49][appmon-1761033662-main-4dfe916-dirty-4dfe916-M][2136] /usr/sbin/ntpd cleaned zombie process [ 6585 ] — not signal-terminated
[INFO][2026-07-21 09:19:49][appmon-1761033662-main-4dfe916-dirty-4dfe916-M][2136] [ ntpserver : 6595 ][ /usr/sbin/ntpd ] re-spawned!
[INFO][2026-07-21 09:19:50][appmon-1761033662-main-4dfe916-dirty-4dfe916-M][2136] /usr/sbin/ntpd waiting for kill zombie process [ 6595 ]
[INFO][2026-07-21 09:19:50][appmon-1761033662-main-4dfe916-dirty-4dfe916-M][2136] /usr/sbin/ntpd cleaned zombie process [ 6595 ] — not signal-terminated
[INFO][2026-07-21 09:19:50][appmon-1761033662-main-4dfe916-dirty-4dfe916-M][2136] [ ntpserver : 6605 ][ /usr/sbin/ntpd ] re-spawned!
[INFO][2026-07-21 09:19:51][appmon-1761033662-main-4dfe916-dirty-4dfe916-M][2136] /usr/sbin/ntpd waiting for kill zombie process [ 6605 ]
[INFO][2026-07-21 09:19:51][appmon-1761033662-main-4dfe916-dirty-4dfe916-M][2136] /usr/sbin/ntpd cleaned zombie process [ 6605 ] — not signal-terminated
[INFO][2026-07-21 09:19:51][appmon-1761033662-main-4dfe916-dirty-4dfe916-M][2136] [ ntpserver : 6615 ][ /usr/sbin/ntpd ] re-spawned!
[INFO][2026-07-21 09:19:51][appmon-1761033662-main-4dfe916-dirty-4dfe916-M][2136] /usr/sbin/ntpd waiting for kill zombie process [ 6615 ]
[INFO][2026-07-21 09:19:51][appmon-1761033662-main-4dfe916-dirty-4dfe916-M][2136] /usr/sbin/ntpd cleaned zombie process [ 6615 ] — not signal-terminated
[INFO][2026-07-21 09:19:52][appmon-1761033662-main-4dfe916-dirty-4dfe916-M][2136] [ ntpserver : 6625 ][ /usr/sbin/ntpd ] re-spawned!
[INFO][2026-07-21 09:19:52][appmon-1761033662-main-4dfe916-dirty-4dfe916-M][2136] /usr/sbin/ntpd waiting for kill zombie process [ 6625 ]
[INFO][2026-07-21 09:19:52][appmon-1761033662-main-4dfe916-dirty-4dfe916-M][2136] /usr/sbin/ntpd cleaned zombie process [ 6625 ] — not signal-terminated
[INFO][2026-07-21 09:19:53][appmon-1761033662-main-4dfe916-dirty-4dfe916-M][2136] [ ntpserver : 6628 ][ /usr/sbin/ntpd ] re-spawned!
[INFO][2026-07-21 09:19:53][appmon-1761033662-main-4dfe916-dirty-4dfe916-M][2136] /usr/sbin/ntpd waiting for kill zombie process [ 6628 ]
[INFO][2026-07-21 09:19:53][appmon-1761033662-main-4dfe916-dirty-4dfe916-M][2136] /usr/sbin/ntpd cleaned zombie process [ 6628 ] — not signal-terminated
[INFO][2026-07-21 09:19:54][appmon-1761033662-main-4dfe916-dirty-4dfe916-M][2136] [ ntpserver : 6638 ][ /usr/sbin/ntpd ] re-spawned!
[INFO][2026-07-21 09:19:54][appmon-1761033662-main-4dfe916-dirty-4dfe916-M][2136] /usr/sbin/ntpd waiting for kill zombie process [ 6638 ]
[INFO][2026-07-21 09:19:54][appmon-1761033662-main-4dfe916-dirty-4dfe916-M][2136] /usr/sbin/ntpd cleaned zombie process [ 6638 ] — not signal-terminated
[INFO][2026-07-21 09:19:55][appmon-1761033662-main-4dfe916-dirty-4dfe916-M][2136] [ ntpserver : 6648 ][ /usr/sbin/ntpd ] re-spawned!
[INFO][2026-07-21 09:19:55][appmon-1761033662-main-4dfe916-dirty-4dfe916-M][2136] /usr/sbin/ntpd waiting for kill zombie process [ 6648 ]
[INFO][2026-07-21 09:19:55][appmon-1761033662-main-4dfe916-dirty-4dfe916-M][2136] /usr/sbin/ntpd cleaned zombie process [ 6648 ] — not signal-terminated
[INFO][2026-07-21 09:19:56][appmon-1761033662-main-4dfe916-dirty-4dfe916-M][2136] [ ntpserver : 6658 ][ /usr/sbin/ntpd ] re-spawned!
[INFO][2026-07-21 09:19:56][appmon-1761033662-main-4dfe916-dirty-4dfe916-M][2136] /usr/sbin/ntpd waiting for kill zombie process [ 6658 ]
[INFO][2026-07-21 09:19:56][appmon-1761033662-main-4dfe916-dirty-4dfe916-M][2136] /usr/sbin/ntpd cleaned zombie process [ 6658 ] — not signal-terminated
[INFO][2026-07-21 09:19:56][appmon-1761033662-main-4dfe916-dirty-4dfe916-M][2136] [ ntpserver : 6668 ][ /usr/sbin/ntpd ] re-spawned!
[INFO][2026-07-21 09:19:57][appmon-1761033662-main-4dfe916-dirty-4dfe916-M][2136] Network activity (eth0) SMDA: 0.00 mbps / 0.00 mbps / 0.00 mbps / 0.00 mbps T: 0.00 mbps
[INFO][2026-07-21 09:19:57][appmon-1761033662-main-4dfe916-dirty-4dfe916-M][2136] Network activity (eth1) SMDA: 0.01 mbps / 0.01 mbps / 0.01 mbps / 0.01 mbps T: 0.01 mbps
[INFO][2026-07-21 09:19:57][appmon-1761033662-main-4dfe916-dirty-4dfe916-M][2136] Disk activity (Total Disk) SMDA: 0.43 mbps / 0.44 mbps / 0.40 mbps / 10.82 mbps T: 0.16 mbps
[INFO][2026-07-21 09:19:57][appmon-1761033662-main-4dfe916-dirty-4dfe916-M][2136] CPU activity (CPU) SMA: 1.68 % / 1.40 % / 1.38 % / 1.89 % T: 1.89 %
[INFO][2026-07-21 09:19:57][appmon-1761033662-main-4dfe916-dirty-4dfe916-M][2136] /usr/sbin/ntpd waiting for kill zombie process [ 6668 ]
[INFO][2026-07-21 09:19:57][appmon-1761033662-main-4dfe916-dirty-4dfe916-M][2136] /usr/sbin/ntpd cleaned zombie process [ 6668 ] — not signal-terminated
[INFO][2026-07-21 09:19:57][appmon-1761033662-main-4dfe916-dirty-4dfe916-M][2136] [ ntpserver : 6678 ][ /usr/sbin/ntpd ] re-spawned!
[INFO][2026-07-21 09:19:58][appmon-1761033662-main-4dfe916-dirty-4dfe916-M][2136] /usr/sbin/ntpd waiting for kill zombie process [ 6678 ]
[INFO][2026-07-21 09:19:58][appmon-1761033662-main-4dfe916-dirty-4dfe916-M][2136] /usr/sbin/ntpd cleaned zombie process [ 6678 ] — not signal-terminated
[INFO][2026-07-21 09:19:58][appmon-1761033662-main-4dfe916-dirty-4dfe916-M][2136] [ ntpserver : 6688 ][ /usr/sbin/ntpd ] re-spawned!
[INFO][2026-07-21 09:19:59][appmon-1761033662-main-4dfe916-dirty-4dfe916-M][2136] /usr/sbin/ntpd waiting for kill zombie process [ 6688 ]
[INFO][2026-07-21 09:19:59][appmon-1761033662-main-4dfe916-dirty-4dfe916-M][2136] /usr/sbin/ntpd cleaned zombie process [ 6688 ] — not signal-terminated
[INFO][2026-07-21 09:19:59][appmon-1761033662-main-4dfe916-dirty-4dfe916-M][2136] [ ntpserver : 6698 ][ /usr/sbin/ntpd ] re-spawned!
[INFO][2026-07-21 09:20:00][appmon-1761033662-main-4dfe916-dirty-4dfe916-M][2136] /usr/sbin/ntpd waiting for kill zombie process [ 6698 ]
[INFO][2026-07-21 09:20:00][appmon-1761033662-main-4dfe916-dirty-4dfe916-M][2136] /usr/sbin/ntpd cleaned zombie process [ 6698 ] — not signal-terminated
[INFO][2026-07-21 09:20:00][appmon-1761033662-main-4dfe916-dirty-4dfe916-M][2136] [ ntpserver : 6706 ][ /usr/sbin/ntpd ] re-spawned!
[INFO][2026-07-21 09:20:00][appmon-1761033662-main-4dfe916-dirty-4dfe916-M][2136] /usr/sbin/ntpd waiting for kill zombie process [ 6706 ]
[INFO][2026-07-21 09:20:00][appmon-1761033662-main-4dfe916-dirty-4dfe916-M][2136] /usr/sbin/ntpd cleaned zombie process [ 6706 ] — not signal-terminated
[INFO][2026-07-21 09:20:01][appmon-1761033662-main-4dfe916-dirty-4dfe916-M][2136] [ ntpserver : 6711 ][ /usr/sbin/ntpd ] re-spawned!
[INFO][2026-07-21 09:20:01][appmon-1761033662-main-4dfe916-dirty-4dfe916-M][2136] /usr/sbin/ntpd waiting for kill zombie process [ 6711 ]
[INFO][2026-07-21 09:20:01][appmon-1761033662-main-4dfe916-dirty-4dfe916-M][2136] /usr/sbin/ntpd cleaned zombie process [ 6711 ] — not signal-terminated
[INFO][2026-07-21 09:20:02][appmon-1761033662-main-4dfe916-dirty-4dfe916-M][2136] [ ntpserver : 6721 ][ /usr/sbin/ntpd ] re-spawned!
[INFO][2026-07-21 09:20:02][appmon-1761033662-main-4dfe916-dirty-4dfe916-M][2136] /usr/sbin/ntpd waiting for kill zombie process [ 6721 ]
[INFO][2026-07-21 09:20:02][appmon-1761033662-main-4dfe916-dirty-4dfe916-M][2136] /usr/sbin/ntpd cleaned zombie process [ 6721 ] — not signal-terminated
[INFO][2026-07-21 09:20:03][appmon-1761033662-main-4dfe916-dirty-4dfe916-M][2136] [ ntpserver : 6731 ][ /usr/sbin/ntpd ] re-spawned!
[INFO][2026-07-21 09:20:03][appmon-1761033662-main-4dfe916-dirty-4dfe916-M][2136] /usr/sbin/ntpd waiting for kill zombie process [ 6731 ]
[INFO][2026-07-21 09:20:03][appmon-1761033662-main-4dfe916-dirty-4dfe916-M][2136] /usr/sbin/ntpd cleaned zombie process [ 6731 ] — not signal-terminated
[INFO][2026-07-21 09:20:04][appmon-1761033662-main-4dfe916-dirty-4dfe916-M][2136] [ ntpserver : 6742 ][ /usr/sbin/ntpd ] re-spawned!
[INFO][2026-07-21 09:20:04][appmon-1761033662-main-4dfe916-dirty-4dfe916-M][2136] /usr/sbin/ntpd waiting for kill zombie process [ 6742 ]
[INFO][2026-07-21 09:20:04][appmon-1761033662-main-4dfe916-dirty-4dfe916-M][2136] /usr/sbin/ntpd cleaned zombie process [ 6742 ] — not signal-terminated
[INFO][2026-07-21 09:20:05][appmon-1761033662-main-4dfe916-dirty-4dfe916-M][2136] [ ntpserver : 6752 ][ /usr/sbin/ntpd ] re-spawned!
[INFO][2026-07-21 09:20:05][appmon-1761033662-main-4dfe916-dirty-4dfe916-M][2136] /usr/sbin/ntpd waiting for kill zombie process [ 6752 ]
[INFO][2026-07-21 09:20:05][appmon-1761033662-main-4dfe916-dirty-4dfe916-M][2136] /usr/sbin/ntpd cleaned zombie process [ 6752 ] — not signal-terminated
[INFO][2026-07-21 09:20:05][appmon-1761033662-main-4dfe916-dirty-4dfe916-M][2136] [ ntpserver : 6762 ][ /usr/sbin/ntpd ] re-spawned!
[INFO][2026-07-21 09:20:06][appmon-1761033662-main-4dfe916-dirty-4dfe916-M][2136] /usr/sbin/ntpd waiting for kill zombie process [ 6762 ]
[INFO][2026-07-21 09:20:06][appmon-1761033662-main-4dfe916-dirty-4dfe916-M][2136] /usr/sbin/ntpd cleaned zombie process [ 6762 ] — not signal-terminated
[INFO][2026-07-21 09:20:06][appmon-1761033662-main-4dfe916-dirty-4dfe916-M][2136] [ ntpserver : 6772 ][ /usr/sbin/ntpd ] re-spawned!
[INFO][2026-07-21 09:20:07][appmon-1761033662-main-4dfe916-dirty-4dfe916-M][2136] Network activity (eth0) SMDA: 0.00 mbps / 0.00 mbps / 0.00 mbps / 0.00 mbps T: 0.00 mbps
[INFO][2026-07-21 09:20:07][appmon-1761033662-main-4dfe916-dirty-4dfe916-M][2136] Network activity (eth1) SMDA: 0.01 mbps / 0.01 mbps / 0.01 mbps / 0.01 mbps T: 0.01 mbps
[INFO][2026-07-21 09:20:07][appmon-1761033662-main-4dfe916-dirty-4dfe916-M][2136] Disk activity (Total Disk) SMDA: 0.49 mbps / 0.37 mbps / 0.39 mbps / 10.39 mbps T: 0.16 mbps
[INFO][2026-07-21 09:20:07][appmon-1761033662-main-4dfe916-dirty-4dfe916-M][2136] CPU activity (CPU) SMA: 0.84 % / 1.47 % / 1.05 % / 1.84 % T: 1.84 %
[INFO][2026-07-21 09:20:07][appmon-1761033662-main-4dfe916-dirty-4dfe916-M][2136] /usr/sbin/ntpd waiting for kill zombie process [ 6772 ]
[INFO][2026-07-21 09:20:07][appmon-1761033662-main-4dfe916-dirty-4dfe916-M][2136] /usr/sbin/ntpd cleaned zombie process [ 6772 ] — not signal-terminated
[INFO][2026-07-21 09:20:07][appmon-1761033662-main-4dfe916-dirty-4dfe916-M][2136] [ ntpserver : 6782 ][ /usr/sbin/ntpd ] re-spawned!
[INFO][2026-07-21 09:20:08][appmon-1761033662-main-4dfe916-dirty-4dfe916-M][2136] /usr/sbin/ntpd waiting for kill zombie process [ 6782 ]
[INFO][2026-07-21 09:20:08][appmon-1761033662-main-4dfe916-dirty-4dfe916-M][2136] /usr/sbin/ntpd cleaned zombie process [ 6782 ] — not signal-terminated
[INFO][2026-07-21 09:20:08][appmon-1761033662-main-4dfe916-dirty-4dfe916-M][2136] [ ntpserver : 6785 ][ /usr/sbin/ntpd ] re-spawned!
[INFO][2026-07-21 09:20:09][appmon-1761033662-main-4dfe916-dirty-4dfe916-M][2136] /usr/sbin/ntpd waiting for kill zombie process [ 6785 ]
[INFO][2026-07-21 09:20:09][appmon-1761033662-main-4dfe916-dirty-4dfe916-M][2136] /usr/sbin/ntpd cleaned zombie process [ 6785 ] — not signal-terminated
[INFO][2026-07-21 09:20:09][appmon-1761033662-main-4dfe916-dirty-4dfe916-M][2136] [ ntpserver : 6795 ][ /usr/sbin/ntpd ] re-spawned!
[INFO][2026-07-21 09:20:09][appmon-1761033662-main-4dfe916-dirty-4dfe916-M][2136] /usr/sbin/ntpd waiting for kill zombie process [ 6795 ]
[INFO][2026-07-21 09:20:09][appmon-1761033662-main-4dfe916-dirty-4dfe916-M][2136] /usr/sbin/ntpd cleaned zombie process [ 6795 ] — not signal-terminated
[INFO][2026-07-21 09:20:10][appmon-1761033662-main-4dfe916-dirty-4dfe916-M][2136] [ ntpserver : 6805 ][ /usr/sbin/ntpd ] re-spawned!
[INFO][2026-07-21 09:20:10][appmon-1761033662-main-4dfe916-dirty-4dfe916-M][2136] /usr/sbin/ntpd waiting for kill zombie process [ 6805 ]
[INFO][2026-07-21 09:20:10][appmon-1761033662-main-4dfe916-dirty-4dfe916-M][2136] /usr/sbin/ntpd cleaned zombie process [ 6805 ] — not signal-terminated
[INFO][2026-07-21 09:20:11][appmon-1761033662-main-4dfe916-dirty-4dfe916-M][2136] [ ntpserver : 6815 ][ /usr/sbin/ntpd ] re-spawned!
[INFO][2026-07-21 09:20:11][appmon-1761033662-main-4dfe916-dirty-4dfe916-M][2136] /usr/sbin/ntpd waiting for kill zombie process [ 6815 ]
[INFO][2026-07-21 09:20:11][appmon-1761033662-main-4dfe916-dirty-4dfe916-M][2136] /usr/sbin/ntpd cleaned zombie process [ 6815 ] — not signal-terminated
[INFO][2026-07-21 09:20:12][appmon-1761033662-main-4dfe916-dirty-4dfe916-M][2136] [ ntpserver : 6825 ][ /usr/sbin/ntpd ] re-spawned!
[INFO][2026-07-21 09:20:12][appmon-1761033662-main-4dfe916-dirty-4dfe916-M][2136] /usr/sbin/ntpd waiting for kill zombie process [ 6825 ]
[INFO][2026-07-21 09:20:12][appmon-1761033662-main-4dfe916-dirty-4dfe916-M][2136] /usr/sbin/ntpd cleaned zombie process [ 6825 ] — not signal-terminated
[INFO][2026-07-21 09:20:13][appmon-1761033662-main-4dfe916-dirty-4dfe916-M][2136] [ ntpserver : 6835 ][ /usr/sbin/ntpd ] re-spawned!
[INFO][2026-07-21 09:20:13][appmon-1761033662-main-4dfe916-dirty-4dfe916-M][2136] /usr/sbin/ntpd waiting for kill zombie process [ 6835 ]
[INFO][2026-07-21 09:20:13][appmon-1761033662-main-4dfe916-dirty-4dfe916-M][2136] /usr/sbin/ntpd cleaned zombie process [ 6835 ] — not signal-terminated
[INFO][2026-07-21 09:20:14][appmon-1761033662-main-4dfe916-dirty-4dfe916-M][2136] [ ntpserver : 6866 ][ /usr/sbin/ntpd ] re-spawned!
[INFO][2026-07-21 09:20:14][appmon-1761033662-main-4dfe916-dirty-4dfe916-M][2136] /usr/sbin/ntpd waiting for kill zombie process [ 6866 ]
[INFO][2026-07-21 09:20:14][appmon-1761033662-main-4dfe916-dirty-4dfe916-M][2136] /usr/sbin/ntpd cleaned zombie process [ 6866 ] — not signal-terminated
[INFO][2026-07-21 09:20:15][appmon-1761033662-main-4dfe916-dirty-4dfe916-M][2136] [ ntpserver : 6876 ][ /usr/sbin/ntpd ] re-spawned!
[INFO][2026-07-21 09:20:15][appmon-1761033662-main-4dfe916-dirty-4dfe916-M][2136] /usr/sbin/ntpd waiting for kill zombie process [ 6876 ]
[INFO][2026-07-21 09:20:15][appmon-1761033662-main-4dfe916-dirty-4dfe916-M][2136] /usr/sbin/ntpd cleaned zombie process [ 6876 ] — not signal-terminated
[INFO][2026-07-21 09:20:15][appmon-1761033662-main-4dfe916-dirty-4dfe916-M][2136] [ ntpserver : 6886 ][ /usr/sbin/ntpd ] re-spawned!
[INFO][2026-07-21 09:20:16][appmon-1761033662-main-4dfe916-dirty-4dfe916-M][2136] /usr/sbin/ntpd waiting for kill zombie process [ 6886 ]
[INFO][2026-07-21 09:20:16][appmon-1761033662-main-4dfe916-dirty-4dfe916-M][2136] /usr/sbin/ntpd cleaned zombie process [ 6886 ] — not signal-terminated
[INFO][2026-07-21 09:20:16][appmon-1761033662-main-4dfe916-dirty-4dfe916-M][2136] [ ntpserver : 6892 ][ /usr/sbin/ntpd ] re-spawned!
[INFO][2026-07-21 09:20:17][appmon-1761033662-main-4dfe916-dirty-4dfe916-M][2136] /usr/sbin/ntpd waiting for kill zombie process [ 6892 ]
[INFO][2026-07-21 09:20:17][appmon-1761033662-main-4dfe916-dirty-4dfe916-M][2136] /usr/sbin/ntpd cleaned zombie process [ 6892 ] — not signal-terminated
[INFO][2026-07-21 09:20:17][appmon-1761033662-main-4dfe916-dirty-4dfe916-M][2136] Network activity (eth0) SMDA: 0.00 mbps / 0.00 mbps / 0.00 mbps / 0.00 mbps T: 0.00 mbps
[INFO][2026-07-21 09:20:17][appmon-1761033662-main-4dfe916-dirty-4dfe916-M][2136] Network activity (eth1) SMDA: 0.00 mbps / 0.01 mbps / 0.01 mbps / 0.01 mbps T: 0.01 mbps
[INFO][2026-07-21 09:20:17][appmon-1761033662-main-4dfe916-dirty-4dfe916-M][2136] Disk activity (Total Disk) SMDA: 0.43 mbps / 0.34 mbps / 0.39 mbps / 10.00 mbps T: 0.16 mbps
[INFO][2026-07-21 09:20:17][appmon-1761033662-main-4dfe916-dirty-4dfe916-M][2136] CPU activity (CPU) SMA: 0.63 % / 0.84 % / 1.00 % / 1.69 % T: 1.79 %
[INFO][2026-07-21 09:20:17][appmon-1761033662-main-4dfe916-dirty-4dfe916-M][2136] [ ntpserver : 6902 ][ /usr/sbin/ntpd ] re-spawned!
[INFO][2026-07-21 09:20:18][appmon-1761033662-main-4dfe916-dirty-4dfe916-M][2136] /usr/sbin/ntpd waiting for kill zombie process [ 6902 ]
[INFO][2026-07-21 09:20:18][appmon-1761033662-main-4dfe916-dirty-4dfe916-M][2136] /usr/sbin/ntpd cleaned zombie process [ 6902 ] — not signal-terminated
[INFO][2026-07-21 09:20:18][appmon-1761033662-main-4dfe916-dirty-4dfe916-M][2136] [ ntpserver : 6912 ][ /usr/sbin/ntpd ] re-spawned!
[INFO][2026-07-21 09:20:19][appmon-1761033662-main-4dfe916-dirty-4dfe916-M][2136] /usr/sbin/ntpd waiting for kill zombie process [ 6912 ]
[INFO][2026-07-21 09:20:19][appmon-1761033662-main-4dfe916-dirty-4dfe916-M][2136] /usr/sbin/ntpd cleaned zombie process [ 6912 ] — not signal-terminated
[INFO][2026-07-21 09:20:19][appmon-1761033662-main-4dfe916-dirty-4dfe916-M][2136] [ ntpserver : 6922 ][ /usr/sbin/ntpd ] re-spawned!
[INFO][2026-07-21 09:20:19][appmon-1761033662-main-4dfe916-dirty-4dfe916-M][2136] /usr/sbin/ntpd waiting for kill zombie process [ 6922 ]
[INFO][2026-07-21 09:20:19][appmon-1761033662-main-4dfe916-dirty-4dfe916-M][2136] /usr/sbin/ntpd cleaned zombie process [ 6922 ] — not signal-terminated
[INFO][2026-07-21 09:20:20][appmon-1761033662-main-4dfe916-dirty-4dfe916-M][2136] [ ntpserver : 6932 ][ /usr/sbin/ntpd ] re-spawned!
[INFO][2026-07-21 09:20:20][appmon-1761033662-main-4dfe916-dirty-4dfe916-M][2136] /usr/sbin/ntpd waiting for kill zombie process [ 6932 ]
[INFO][2026-07-21 09:20:20][appmon-1761033662-main-4dfe916-dirty-4dfe916-M][2136] /usr/sbin/ntpd cleaned zombie process [ 6932 ] — not signal-terminated
[INFO][2026-07-21 09:20:21][appmon-1761033662-main-4dfe916-dirty-4dfe916-M][2136] [ ntpserver : 6942 ][ /usr/sbin/ntpd ] re-spawned!
[INFO][2026-07-21 09:20:21][appmon-1761033662-main-4dfe916-dirty-4dfe916-M][2136] /usr/sbin/ntpd waiting for kill zombie process [ 6942 ]
[INFO][2026-07-21 09:20:21][appmon-1761033662-main-4dfe916-dirty-4dfe916-M][2136] /usr/sbin/ntpd cleaned zombie process [ 6942 ] — not signal-terminated
[INFO][2026-07-21 09:20:22][appmon-1761033662-main-4dfe916-dirty-4dfe916-M][2136] [ ntpserver : 6952 ][ /usr/sbin/ntpd ] re-spawned!
[INFO][2026-07-21 09:20:22][appmon-1761033662-main-4dfe916-dirty-4dfe916-M][2136] /usr/sbin/ntpd waiting for kill zombie process [ 6952 ]
[INFO][2026-07-21 09:20:22][appmon-1761033662-main-4dfe916-dirty-4dfe916-M][2136] /usr/sbin/ntpd cleaned zombie process [ 6952 ] — not signal-terminated
[INFO][2026-07-21 09:20:23][appmon-1761033662-main-4dfe916-dirty-4dfe916-M][2136] [ ntpserver : 6962 ][ /usr/sbin/ntpd ] re-spawned!
[INFO][2026-07-21 09:20:23][appmon-1761033662-main-4dfe916-dirty-4dfe916-M][2136] /usr/sbin/ntpd waiting for kill zombie process [ 6962 ]
[INFO][2026-07-21 09:20:23][appmon-1761033662-main-4dfe916-dirty-4dfe916-M][2136] /usr/sbin/ntpd cleaned zombie process [ 6962 ] — not signal-terminated
[INFO][2026-07-21 09:20:24][appmon-1761033662-main-4dfe916-dirty-4dfe916-M][2136] [ ntpserver : 6971 ][ /usr/sbin/ntpd ] re-spawned!
[INFO][2026-07-21 09:20:24][appmon-1761033662-main-4dfe916-dirty-4dfe916-M][2136] /usr/sbin/ntpd waiting for kill zombie process [ 6971 ]
[INFO][2026-07-21 09:20:24][appmon-1761033662-main-4dfe916-dirty-4dfe916-M][2136] /usr/sbin/ntpd cleaned zombie process [ 6971 ] — not signal-terminated
[INFO][2026-07-21 09:20:24][appmon-1761033662-main-4dfe916-dirty-4dfe916-M][2136] [ ntpserver : 6975 ][ /usr/sbin/ntpd ] re-spawned!
[INFO][2026-07-21 09:20:25][appmon-1761033662-main-4dfe916-dirty-4dfe916-M][2136] /usr/sbin/ntpd waiting for kill zombie process [ 6975 ]
[INFO][2026-07-21 09:20:25][appmon-1761033662-main-4dfe916-dirty-4dfe916-M][2136] /usr/sbin/ntpd cleaned zombie process [ 6975 ] — not signal-terminated
[INFO][2026-07-21 09:20:25][appmon-1761033662-main-4dfe916-dirty-4dfe916-M][2136] [ ntpserver : 6985 ][ /usr/sbin/ntpd ] re-spawned!
[INFO][2026-07-21 09:20:26][appmon-1761033662-main-4dfe916-dirty-4dfe916-M][2136] /usr/sbin/ntpd waiting for kill zombie process [ 6985 ]
[INFO][2026-07-21 09:20:26][appmon-1761033662-main-4dfe916-dirty-4dfe916-M][2136] /usr/sbin/ntpd cleaned zombie process [ 6985 ] — not signal-terminated
[INFO][2026-07-21 09:20:26][appmon-1761033662-main-4dfe916-dirty-4dfe916-M][2136] [ ntpserver : 6995 ][ /usr/sbin/ntpd ] re-spawned!
[INFO][2026-07-21 09:20:27][appmon-1761033662-main-4dfe916-dirty-4dfe916-M][2136] /usr/sbin/ntpd waiting for kill zombie process [ 6995 ]
[INFO][2026-07-21 09:20:27][appmon-1761033662-main-4dfe916-dirty-4dfe916-M][2136] /usr/sbin/ntpd cleaned zombie process [ 6995 ] — not signal-terminated
[INFO][2026-07-21 09:20:27][appmon-1761033662-main-4dfe916-dirty-4dfe916-M][2136] Network activity (eth0) SMDA: 0.00 mbps / 0.00 mbps / 0.00 mbps / 0.00 mbps T: 0.00 mbps
[INFO][2026-07-21 09:20:27][appmon-1761033662-main-4dfe916-dirty-4dfe916-M][2136] Network activity (eth1) SMDA: 0.01 mbps / 0.00 mbps / 0.01 mbps / 0.01 mbps T: 0.01 mbps
[INFO][2026-07-21 09:20:27][appmon-1761033662-main-4dfe916-dirty-4dfe916-M][2136] Disk activity (Total Disk) SMDA: 0.64 mbps / 0.40 mbps / 0.40 mbps / 9.63 mbps T: 0.16 mbps
[INFO][2026-07-21 09:20:27][appmon-1761033662-main-4dfe916-dirty-4dfe916-M][2136] CPU activity (CPU) SMA: 2.94 % / 1.19 % / 1.21 % / 1.71 % T: 1.81 %
[INFO][2026-07-21 09:20:27][appmon-1761033662-main-4dfe916-dirty-4dfe916-M][2136] [ ntpserver : 7005 ][ /usr/sbin/ntpd ] re-spawned!
[INFO][2026-07-21 09:20:28][appmon-1761033662-main-4dfe916-dirty-4dfe916-M][2136] /usr/sbin/ntpd waiting for kill zombie process [ 7005 ]
[INFO][2026-07-21 09:20:28][appmon-1761033662-main-4dfe916-dirty-4dfe916-M][2136] /usr/sbin/ntpd cleaned zombie process [ 7005 ] — not signal-terminated
[INFO][2026-07-21 09:20:28][appmon-1761033662-main-4dfe916-dirty-4dfe916-M][2136] [ ntpserver : 7015 ][ /usr/sbin/ntpd ] re-spawned!
[INFO][2026-07-21 09:20:28][appmon-1761033662-main-4dfe916-dirty-4dfe916-M][2136] /usr/sbin/ntpd waiting for kill zombie process [ 7015 ]
[INFO][2026-07-21 09:20:28][appmon-1761033662-main-4dfe916-dirty-4dfe916-M][2136] /usr/sbin/ntpd cleaned zombie process [ 7015 ] — not signal-terminated
[INFO][2026-07-21 09:20:29][appmon-1761033662-main-4dfe916-dirty-4dfe916-M][2136] [ ntpserver : 7025 ][ /usr/sbin/ntpd ] re-spawned!
[INFO][2026-07-21 09:20:29][appmon-1761033662-main-4dfe916-dirty-4dfe916-M][2136] /usr/sbin/ntpd waiting for kill zombie process [ 7025 ]
[INFO][2026-07-21 09:20:29][appmon-1761033662-main-4dfe916-dirty-4dfe916-M][2136] /usr/sbin/ntpd cleaned zombie process [ 7025 ] — not signal-terminated
[INFO][2026-07-21 09:20:30][appmon-1761033662-main-4dfe916-dirty-4dfe916-M][2136] [ ntpserver : 7035 ][ /usr/sbin/ntpd ] re-spawned!
[INFO][2026-07-21 09:20:30][appmon-1761033662-main-4dfe916-dirty-4dfe916-M][2136] /usr/sbin/ntpd waiting for kill zombie process [ 7035 ]
[INFO][2026-07-21 09:20:30][appmon-1761033662-main-4dfe916-dirty-4dfe916-M][2136] /usr/sbin/ntpd cleaned zombie process [ 7035 ] — not signal-terminated
[INFO][2026-07-21 09:20:31][appmon-1761033662-main-4dfe916-dirty-4dfe916-M][2136] [ ntpserver : 7045 ][ /usr/sbin/ntpd ] re-spawned!
[INFO][2026-07-21 09:20:31][appmon-1761033662-main-4dfe916-dirty-4dfe916-M][2136] /usr/sbin/ntpd waiting for kill zombie process [ 7045 ]
[INFO][2026-07-21 09:20:31][appmon-1761033662-main-4dfe916-dirty-4dfe916-M][2136] /usr/sbin/ntpd cleaned zombie process [ 7045 ] — not signal-terminated
[INFO][2026-07-21 09:20:32][appmon-1761033662-main-4dfe916-dirty-4dfe916-M][2136] [ ntpserver : 7048 ][ /usr/sbin/ntpd ] re-spawned!
[INFO][2026-07-21 09:20:32][appmon-1761033662-main-4dfe916-dirty-4dfe916-M][2136] /usr/sbin/ntpd waiting for kill zombie process [ 7048 ]
[INFO][2026-07-21 09:20:32][appmon-1761033662-main-4dfe916-dirty-4dfe916-M][2136] /usr/sbin/ntpd cleaned zombie process [ 7048 ] — not signal-terminated
[INFO][2026-07-21 09:20:33][appmon-1761033662-main-4dfe916-dirty-4dfe916-M][2136] [ ntpserver : 7058 ][ /usr/sbin/ntpd ] re-spawned!
[INFO][2026-07-21 09:20:33][appmon-1761033662-main-4dfe916-dirty-4dfe916-M][2136] /usr/sbin/ntpd waiting for kill zombie process [ 7058 ]
[INFO][2026-07-21 09:20:33][appmon-1761033662-main-4dfe916-dirty-4dfe916-M][2136] /usr/sbin/ntpd cleaned zombie process [ 7058 ] — not signal-terminated
[INFO][2026-07-21 09:20:33][appmon-1761033662-main-4dfe916-dirty-4dfe916-M][2136] [ ntpserver : 7068 ][ /usr/sbin/ntpd ] re-spawned!
[INFO][2026-07-21 09:20:34][appmon-1761033662-main-4dfe916-dirty-4dfe916-M][2136] /usr/sbin/ntpd waiting for kill zombie process [ 7068 ]
[INFO][2026-07-21 09:20:34][appmon-1761033662-main-4dfe916-dirty-4dfe916-M][2136] /usr/sbin/ntpd cleaned zombie process [ 7068 ] — not signal-terminated
[INFO][2026-07-21 09:20:34][appmon-1761033662-main-4dfe916-dirty-4dfe916-M][2136] [ ntpserver : 7078 ][ /usr/sbin/ntpd ] re-spawned!
[INFO][2026-07-21 09:20:35][appmon-1761033662-main-4dfe916-dirty-4dfe916-M][2136] /usr/sbin/ntpd waiting for kill zombie process [ 7078 ]
[INFO][2026-07-21 09:20:35][appmon-1761033662-main-4dfe916-dirty-4dfe916-M][2136] /usr/sbin/ntpd cleaned zombie process [ 7078 ] — not signal-terminated
[INFO][2026-07-21 09:20:35][appmon-1761033662-main-4dfe916-dirty-4dfe916-M][2136] [ ntpserver : 7088 ][ /usr/sbin/ntpd ] re-spawned!
[INFO][2026-07-21 09:20:36][appmon-1761033662-main-4dfe916-dirty-4dfe916-M][2136] /usr/sbin/ntpd waiting for kill zombie process [ 7088 ]
[INFO][2026-07-21 09:20:36][appmon-1761033662-main-4dfe916-dirty-4dfe916-M][2136] /usr/sbin/ntpd cleaned zombie process [ 7088 ] — not signal-terminated
[INFO][2026-07-21 09:20:36][appmon-1761033662-main-4dfe916-dirty-4dfe916-M][2136] [ ntpserver : 7098 ][ /usr/sbin/ntpd ] re-spawned!
[INFO][2026-07-21 09:20:37][appmon-1761033662-main-4dfe916-dirty-4dfe916-M][2136] /usr/sbin/ntpd waiting for kill zombie process [ 7098 ]
[INFO][2026-07-21 09:20:37][appmon-1761033662-main-4dfe916-dirty-4dfe916-M][2136] /usr/sbin/ntpd cleaned zombie process [ 7098 ] — not signal-terminated
[INFO][2026-07-21 09:20:37][appmon-1761033662-main-4dfe916-dirty-4dfe916-M][2136] Network activity (eth0) SMDA: 0.00 mbps / 0.00 mbps / 0.00 mbps / 0.00 mbps T: 0.00 mbps
[INFO][2026-07-21 09:20:37][appmon-1761033662-main-4dfe916-dirty-4dfe916-M][2136] Network activity (eth1) SMDA: 0.00 mbps / 0.01 mbps / 0.01 mbps / 0.01 mbps T: 0.01 mbps
[INFO][2026-07-21 09:20:37][appmon-1761033662-main-4dfe916-dirty-4dfe916-M][2136] Disk activity (Total Disk) SMDA: 0.43 mbps / 0.41 mbps / 0.40 mbps / 9.30 mbps T: 0.16 mbps
[INFO][2026-07-21 09:20:37][appmon-1761033662-main-4dfe916-dirty-4dfe916-M][2136] CPU activity (CPU) SMA: 0.83 % / 1.26 % / 1.13 % / 1.67 % T: 1.77 %
[INFO][2026-07-21 09:20:37][appmon-1761033662-main-4dfe916-dirty-4dfe916-M][2136] [ ntpserver : 7108 ][ /usr/sbin/ntpd ] re-spawned!
[INFO][2026-07-21 09:20:37][appmon-1761033662-main-4dfe916-dirty-4dfe916-M][2136] /usr/sbin/ntpd waiting for kill zombie process [ 7108 ]
[INFO][2026-07-21 09:20:37][appmon-1761033662-main-4dfe916-dirty-4dfe916-M][2136] /usr/sbin/ntpd cleaned zombie process [ 7108 ] — not signal-terminated
[INFO][2026-07-21 09:20:38][appmon-1761033662-main-4dfe916-dirty-4dfe916-M][2136] [ ntpserver : 7118 ][ /usr/sbin/ntpd ] re-spawned!
[INFO][2026-07-21 09:20:38][appmon-1761033662-main-4dfe916-dirty-4dfe916-M][2136] /usr/sbin/ntpd waiting for kill zombie process [ 7118 ]
[INFO][2026-07-21 09:20:38][appmon-1761033662-main-4dfe916-dirty-4dfe916-M][2136] /usr/sbin/ntpd cleaned zombie process [ 7118 ] — not signal-terminated
[INFO][2026-07-21 09:20:39][appmon-1761033662-main-4dfe916-dirty-4dfe916-M][2136] [ ntpserver : 7128 ][ /usr/sbin/ntpd ] re-spawned!
[INFO][2026-07-21 09:20:39][appmon-1761033662-main-4dfe916-dirty-4dfe916-M][2136] /usr/sbin/ntpd waiting for kill zombie process [ 7128 ]
[INFO][2026-07-21 09:20:39][appmon-1761033662-main-4dfe916-dirty-4dfe916-M][2136] /usr/sbin/ntpd cleaned zombie process [ 7128 ] — not signal-terminated
[INFO][2026-07-21 09:20:40][appmon-1761033662-main-4dfe916-dirty-4dfe916-M][2136] [ ntpserver : 7131 ][ /usr/sbin/ntpd ] re-spawned!
[INFO][2026-07-21 09:20:40][appmon-1761033662-main-4dfe916-dirty-4dfe916-M][2136] /usr/sbin/ntpd waiting for kill zombie process [ 7131 ]
[INFO][2026-07-21 09:20:40][appmon-1761033662-main-4dfe916-dirty-4dfe916-M][2136] /usr/sbin/ntpd cleaned zombie process [ 7131 ] — not signal-terminated
[INFO][2026-07-21 09:20:41][appmon-1761033662-main-4dfe916-dirty-4dfe916-M][2136] [ ntpserver : 7141 ][ /usr/sbin/ntpd ] re-spawned!
[INFO][2026-07-21 09:20:41][appmon-1761033662-main-4dfe916-dirty-4dfe916-M][2136] /usr/sbin/ntpd waiting for kill zombie process [ 7141 ]
[INFO][2026-07-21 09:20:41][appmon-1761033662-main-4dfe916-dirty-4dfe916-M][2136] /usr/sbin/ntpd cleaned zombie process [ 7141 ] — not signal-terminated
[INFO][2026-07-21 09:20:42][appmon-1761033662-main-4dfe916-dirty-4dfe916-M][2136] [ ntpserver : 7151 ][ /usr/sbin/ntpd ] re-spawned!
[INFO][2026-07-21 09:20:42][appmon-1761033662-main-4dfe916-dirty-4dfe916-M][2136] /usr/sbin/ntpd waiting for kill zombie process [ 7151 ]
[INFO][2026-07-21 09:20:42][appmon-1761033662-main-4dfe916-dirty-4dfe916-M][2136] /usr/sbin/ntpd cleaned zombie process [ 7151 ] — not signal-terminated
[INFO][2026-07-21 09:20:42][appmon-1761033662-main-4dfe916-dirty-4dfe916-M][2136] [ ntpserver : 7161 ][ /usr/sbin/ntpd ] re-spawned!
[INFO][2026-07-21 09:20:43][appmon-1761033662-main-4dfe916-dirty-4dfe916-M][2136] /usr/sbin/ntpd waiting for kill zombie process [ 7161 ]
[INFO][2026-07-21 09:20:43][appmon-1761033662-main-4dfe916-dirty-4dfe916-M][2136] /usr/sbin/ntpd cleaned zombie process [ 7161 ] — not signal-terminated
[INFO][2026-07-21 09:20:43][appmon-1761033662-main-4dfe916-dirty-4dfe916-M][2136] [ ntpserver : 7174 ][ /usr/sbin/ntpd ] re-spawned!
[INFO][2026-07-21 09:20:44][appmon-1761033662-main-4dfe916-dirty-4dfe916-M][2136] /usr/sbin/ntpd waiting for kill zombie process [ 7174 ]
[INFO][2026-07-21 09:20:44][appmon-1761033662-main-4dfe916-dirty-4dfe916-M][2136] /usr/sbin/ntpd cleaned zombie process [ 7174 ] — not signal-terminated
[INFO][2026-07-21 09:20:44][appmon-1761033662-main-4dfe916-dirty-4dfe916-M][2136] [ ntpserver : 7202 ][ /usr/sbin/ntpd ] re-spawned!
[INFO][2026-07-21 09:20:45][appmon-1761033662-main-4dfe916-dirty-4dfe916-M][2136] /usr/sbin/ntpd waiting for kill zombie process [ 7202 ]
[INFO][2026-07-21 09:20:45][appmon-1761033662-main-4dfe916-dirty-4dfe916-M][2136] /usr/sbin/ntpd cleaned zombie process [ 7202 ] — not signal-terminated
[INFO][2026-07-21 09:20:45][appmon-1761033662-main-4dfe916-dirty-4dfe916-M][2136] [ ntpserver : 7212 ][ /usr/sbin/ntpd ] re-spawned!
[INFO][2026-07-21 09:20:46][appmon-1761033662-main-4dfe916-dirty-4dfe916-M][2136] /usr/sbin/ntpd waiting for kill zombie process [ 7212 ]
[INFO][2026-07-21 09:20:46][appmon-1761033662-main-4dfe916-dirty-4dfe916-M][2136] /usr/sbin/ntpd cleaned zombie process [ 7212 ] — not signal-terminated
[INFO][2026-07-21 09:20:46][appmon-1761033662-main-4dfe916-dirty-4dfe916-M][2136] [ ntpserver : 7222 ][ /usr/sbin/ntpd ] re-spawned!
[INFO][2026-07-21 09:20:46][appmon-1761033662-main-4dfe916-dirty-4dfe916-M][2136] /usr/sbin/ntpd waiting for kill zombie process [ 7222 ]
[INFO][2026-07-21 09:20:46][appmon-1761033662-main-4dfe916-dirty-4dfe916-M][2136] /usr/sbin/ntpd cleaned zombie process [ 7222 ] — not signal-terminated
[INFO][2026-07-21 09:20:47][appmon-1761033662-main-4dfe916-dirty-4dfe916-M][2136] Network activity (eth0) SMDA: 0.00 mbps / 0.00 mbps / 0.00 mbps / 0.00 mbps T: 0.00 mbps
[INFO][2026-07-21 09:20:47][appmon-1761033662-main-4dfe916-dirty-4dfe916-M][2136] Network activity (eth1) SMDA: 0.00 mbps / 0.00 mbps / 0.01 mbps / 0.01 mbps T: 0.01 mbps
[INFO][2026-07-21 09:20:47][appmon-1761033662-main-4dfe916-dirty-4dfe916-M][2136] Disk activity (Total Disk) SMDA: 0.39 mbps / 0.30 mbps / 0.36 mbps / 8.98 mbps T: 0.16 mbps
[INFO][2026-07-21 09:20:47][appmon-1761033662-main-4dfe916-dirty-4dfe916-M][2136] CPU activity (CPU) SMA: 2.30 % / 1.18 % / 1.38 % / 1.69 % T: 1.77 %
[INFO][2026-07-21 09:20:47][appmon-1761033662-main-4dfe916-dirty-4dfe916-M][2136] [ ntpserver : 7231 ][ /usr/sbin/ntpd ] re-spawned!
[INFO][2026-07-21 09:20:47][appmon-1761033662-main-4dfe916-dirty-4dfe916-M][2136] /usr/sbin/ntpd waiting for kill zombie process [ 7231 ]
[INFO][2026-07-21 09:20:47][appmon-1761033662-main-4dfe916-dirty-4dfe916-M][2136] /usr/sbin/ntpd cleaned zombie process [ 7231 ] — not signal-terminated
[INFO][2026-07-21 09:20:48][appmon-1761033662-main-4dfe916-dirty-4dfe916-M][2136] [ ntpserver : 7235 ][ /usr/sbin/ntpd ] re-spawned!
[INFO][2026-07-21 09:20:48][appmon-1761033662-main-4dfe916-dirty-4dfe916-M][2136] /usr/sbin/ntpd waiting for kill zombie process [ 7235 ]
[INFO][2026-07-21 09:20:48][appmon-1761033662-main-4dfe916-dirty-4dfe916-M][2136] /usr/sbin/ntpd cleaned zombie process [ 7235 ] — not signal-terminated
[INFO][2026-07-21 09:20:49][appmon-1761033662-main-4dfe916-dirty-4dfe916-M][2136] [ ntpserver : 7245 ][ /usr/sbin/ntpd ] re-spawned!
[INFO][2026-07-21 09:20:49][appmon-1761033662-main-4dfe916-dirty-4dfe916-M][2136] /usr/sbin/ntpd waiting for kill zombie process [ 7245 ]
[INFO][2026-07-21 09:20:49][appmon-1761033662-main-4dfe916-dirty-4dfe916-M][2136] /usr/sbin/ntpd cleaned zombie process [ 7245 ] — not signal-terminated
[INFO][2026-07-21 09:20:50][appmon-1761033662-main-4dfe916-dirty-4dfe916-M][2136] [ ntpserver : 7255 ][ /usr/sbin/ntpd ] re-spawned!
[INFO][2026-07-21 09:20:50][appmon-1761033662-main-4dfe916-dirty-4dfe916-M][2136] /usr/sbin/ntpd waiting for kill zombie process [ 7255 ]
[INFO][2026-07-21 09:20:50][appmon-1761033662-main-4dfe916-dirty-4dfe916-M][2136] /usr/sbin/ntpd cleaned zombie process [ 7255 ] — not signal-terminated
[INFO][2026-07-21 09:20:51][appmon-1761033662-main-4dfe916-dirty-4dfe916-M][2136] [ ntpserver : 7265 ][ /usr/sbin/ntpd ] re-spawned!
[INFO][2026-07-21 09:20:51][appmon-1761033662-main-4dfe916-dirty-4dfe916-M][2136] /usr/sbin/ntpd waiting for kill zombie process [ 7265 ]
[INFO][2026-07-21 09:20:51][appmon-1761033662-main-4dfe916-dirty-4dfe916-M][2136] /usr/sbin/ntpd cleaned zombie process [ 7265 ] — not signal-terminated
[INFO][2026-07-21 09:20:51][appmon-1761033662-main-4dfe916-dirty-4dfe916-M][2136] [ ntpserver : 7275 ][ /usr/sbin/ntpd ] re-spawned!
[INFO][2026-07-21 09:20:52][appmon-1761033662-main-4dfe916-dirty-4dfe916-M][2136] /usr/sbin/ntpd waiting for kill zombie process [ 7275 ]
[INFO][2026-07-21 09:20:52][appmon-1761033662-main-4dfe916-dirty-4dfe916-M][2136] /usr/sbin/ntpd cleaned zombie process [ 7275 ] — not signal-terminated
[INFO][2026-07-21 09:20:52][appmon-1761033662-main-4dfe916-dirty-4dfe916-M][2136] [ ntpserver : 7285 ][ /usr/sbin/ntpd ] re-spawned!
[INFO][2026-07-21 09:20:53][appmon-1761033662-main-4dfe916-dirty-4dfe916-M][2136] /usr/sbin/ntpd waiting for kill zombie process [ 7285 ]
[INFO][2026-07-21 09:20:53][appmon-1761033662-main-4dfe916-dirty-4dfe916-M][2136] /usr/sbin/ntpd cleaned zombie process [ 7285 ] — not signal-terminated
[INFO][2026-07-21 09:20:53][appmon-1761033662-main-4dfe916-dirty-4dfe916-M][2136] [ ntpserver : 7295 ][ /usr/sbin/ntpd ] re-spawned!
[INFO][2026-07-21 09:20:54][appmon-1761033662-main-4dfe916-dirty-4dfe916-M][2136] /usr/sbin/ntpd waiting for kill zombie process [ 7295 ]
[INFO][2026-07-21 09:20:54][appmon-1761033662-main-4dfe916-dirty-4dfe916-M][2136] /usr/sbin/ntpd cleaned zombie process [ 7295 ] — not signal-terminated
[INFO][2026-07-21 09:20:54][appmon-1761033662-main-4dfe916-dirty-4dfe916-M][2136] [ ntpserver : 7305 ][ /usr/sbin/ntpd ] re-spawned!
[INFO][2026-07-21 09:20:55][appmon-1761033662-main-4dfe916-dirty-4dfe916-M][2136] /usr/sbin/ntpd waiting for kill zombie process [ 7305 ]
[INFO][2026-07-21 09:20:55][appmon-1761033662-main-4dfe916-dirty-4dfe916-M][2136] /usr/sbin/ntpd cleaned zombie process [ 7305 ] — not signal-terminated
[INFO][2026-07-21 09:20:55][appmon-1761033662-main-4dfe916-dirty-4dfe916-M][2136] [ ntpserver : 7308 ][ /usr/sbin/ntpd ] re-spawned!
[INFO][2026-07-21 09:20:55][appmon-1761033662-main-4dfe916-dirty-4dfe916-M][2136] /usr/sbin/ntpd waiting for kill zombie process [ 7308 ]
[INFO][2026-07-21 09:20:55][appmon-1761033662-main-4dfe916-dirty-4dfe916-M][2136] /usr/sbin/ntpd cleaned zombie process [ 7308 ] — not signal-terminated
[INFO][2026-07-21 09:20:56][appmon-1761033662-main-4dfe916-dirty-4dfe916-M][2136] [ ntpserver : 7318 ][ /usr/sbin/ntpd ] re-spawned!
[INFO][2026-07-21 09:20:56][appmon-1761033662-main-4dfe916-dirty-4dfe916-M][2136] /usr/sbin/ntpd waiting for kill zombie process [ 7318 ]
[INFO][2026-07-21 09:20:56][appmon-1761033662-main-4dfe916-dirty-4dfe916-M][2136] /usr/sbin/ntpd cleaned zombie process [ 7318 ] — not signal-terminated
[INFO][2026-07-21 09:20:57][appmon-1761033662-main-4dfe916-dirty-4dfe916-M][2136] Network activity (eth0) SMDA: 0.00 mbps / 0.00 mbps / 0.00 mbps / 0.00 mbps T: 0.00 mbps
[INFO][2026-07-21 09:20:57][appmon-1761033662-main-4dfe916-dirty-4dfe916-M][2136] Network activity (eth1) SMDA: 0.00 mbps / 0.00 mbps / 0.01 mbps / 0.01 mbps T: 0.01 mbps
[INFO][2026-07-21 09:20:57][appmon-1761033662-main-4dfe916-dirty-4dfe916-M][2136] Disk activity (Total Disk) SMDA: 0.41 mbps / 0.36 mbps / 0.37 mbps / 8.69 mbps T: 0.16 mbps
[INFO][2026-07-21 09:20:57][appmon-1761033662-main-4dfe916-dirty-4dfe916-M][2136] CPU activity (CPU) SMA: 1.04 % / 1.25 % / 1.21 % / 1.65 % T: 1.74 %
[INFO][2026-07-21 09:20:57][appmon-1761033662-main-4dfe916-dirty-4dfe916-M][2136] [ ntpserver : 7328 ][ /usr/sbin/ntpd ] re-spawned!
[INFO][2026-07-21 09:20:57][appmon-1761033662-main-4dfe916-dirty-4dfe916-M][2136] /usr/sbin/ntpd waiting for kill zombie process [ 7328 ]
[INFO][2026-07-21 09:20:57][appmon-1761033662-main-4dfe916-dirty-4dfe916-M][2136] /usr/sbin/ntpd cleaned zombie process [ 7328 ] — not signal-terminated
[INFO][2026-07-21 09:20:58][appmon-1761033662-main-4dfe916-dirty-4dfe916-M][2136] [ ntpserver : 7338 ][ /usr/sbin/ntpd ] re-spawned!
[INFO][2026-07-21 09:20:58][appmon-1761033662-main-4dfe916-dirty-4dfe916-M][2136] /usr/sbin/ntpd waiting for kill zombie process [ 7338 ]
[INFO][2026-07-21 09:20:58][appmon-1761033662-main-4dfe916-dirty-4dfe916-M][2136] /usr/sbin/ntpd cleaned zombie process [ 7338 ] — not signal-terminated
[INFO][2026-07-21 09:20:59][appmon-1761033662-main-4dfe916-dirty-4dfe916-M][2136] [ ntpserver : 7348 ][ /usr/sbin/ntpd ] re-spawned!
[INFO][2026-07-21 09:20:59][appmon-1761033662-main-4dfe916-dirty-4dfe916-M][2136] /usr/sbin/ntpd waiting for kill zombie process [ 7348 ]
[INFO][2026-07-21 09:20:59][appmon-1761033662-main-4dfe916-dirty-4dfe916-M][2136] /usr/sbin/ntpd cleaned zombie process [ 7348 ] — not signal-terminated
[INFO][2026-07-21 09:21:00][appmon-1761033662-main-4dfe916-dirty-4dfe916-M][2136] [ ntpserver : 7358 ][ /usr/sbin/ntpd ] re-spawned!
[INFO][2026-07-21 09:21:00][appmon-1761033662-main-4dfe916-dirty-4dfe916-M][2136] /usr/sbin/ntpd waiting for kill zombie process [ 7358 ]
[INFO][2026-07-21 09:21:00][appmon-1761033662-main-4dfe916-dirty-4dfe916-M][2136] /usr/sbin/ntpd cleaned zombie process [ 7358 ] — not signal-terminated
[INFO][2026-07-21 09:21:00][appmon-1761033662-main-4dfe916-dirty-4dfe916-M][2136] [ ntpserver : 7368 ][ /usr/sbin/ntpd ] re-spawned!
[INFO][2026-07-21 09:21:01][appmon-1761033662-main-4dfe916-dirty-4dfe916-M][2136] /usr/sbin/ntpd waiting for kill zombie process [ 7368 ]
[INFO][2026-07-21 09:21:01][appmon-1761033662-main-4dfe916-dirty-4dfe916-M][2136] /usr/sbin/ntpd cleaned zombie process [ 7368 ] — not signal-terminated
[INFO][2026-07-21 09:21:01][appmon-1761033662-main-4dfe916-dirty-4dfe916-M][2136] [ ntpserver : 7378 ][ /usr/sbin/ntpd ] re-spawned!
[INFO][2026-07-21 09:21:02][appmon-1761033662-main-4dfe916-dirty-4dfe916-M][2136] /usr/sbin/ntpd waiting for kill zombie process [ 7378 ]
[INFO][2026-07-21 09:21:02][appmon-1761033662-main-4dfe916-dirty-4dfe916-M][2136] /usr/sbin/ntpd cleaned zombie process [ 7378 ] — not signal-terminated
[INFO][2026-07-21 09:21:02][appmon-1761033662-main-4dfe916-dirty-4dfe916-M][2136] [ ntpserver : 7388 ][ /usr/sbin/ntpd ] re-spawned!
[INFO][2026-07-21 09:21:03][appmon-1761033662-main-4dfe916-dirty-4dfe916-M][2136] /usr/sbin/ntpd waiting for kill zombie process [ 7388 ]
[INFO][2026-07-21 09:21:03][appmon-1761033662-main-4dfe916-dirty-4dfe916-M][2136] /usr/sbin/ntpd cleaned zombie process [ 7388 ] — not signal-terminated
[INFO][2026-07-21 09:21:03][appmon-1761033662-main-4dfe916-dirty-4dfe916-M][2136] [ ntpserver : 7391 ][ /usr/sbin/ntpd ] re-spawned!
[INFO][2026-07-21 09:21:04][appmon-1761033662-main-4dfe916-dirty-4dfe916-M][2136] /usr/sbin/ntpd waiting for kill zombie process [ 7391 ]
[INFO][2026-07-21 09:21:04][appmon-1761033662-main-4dfe916-dirty-4dfe916-M][2136] /usr/sbin/ntpd cleaned zombie process [ 7391 ] — not signal-terminated
[INFO][2026-07-21 09:21:04][appmon-1761033662-main-4dfe916-dirty-4dfe916-M][2136] [ ntpserver : 7401 ][ /usr/sbin/ntpd ] re-spawned!
[INFO][2026-07-21 09:21:04][appmon-1761033662-main-4dfe916-dirty-4dfe916-M][2136] /usr/sbin/ntpd waiting for kill zombie process [ 7401 ]
[INFO][2026-07-21 09:21:04][appmon-1761033662-main-4dfe916-dirty-4dfe916-M][2136] /usr/sbin/ntpd cleaned zombie process [ 7401 ] — not signal-terminated
[INFO][2026-07-21 09:21:05][appmon-1761033662-main-4dfe916-dirty-4dfe916-M][2136] [ ntpserver : 7411 ][ /usr/sbin/ntpd ] re-spawned!
[INFO][2026-07-21 09:21:05][appmon-1761033662-main-4dfe916-dirty-4dfe916-M][2136] /usr/sbin/ntpd waiting for kill zombie process [ 7411 ]
[INFO][2026-07-21 09:21:05][appmon-1761033662-main-4dfe916-dirty-4dfe916-M][2136] /usr/sbin/ntpd cleaned zombie process [ 7411 ] — not signal-terminated
[INFO][2026-07-21 09:21:06][appmon-1761033662-main-4dfe916-dirty-4dfe916-M][2136] [ ntpserver : 7421 ][ /usr/sbin/ntpd ] re-spawned!
[INFO][2026-07-21 09:21:06][appmon-1761033662-main-4dfe916-dirty-4dfe916-M][2136] /usr/sbin/ntpd waiting for kill zombie process [ 7421 ]
[INFO][2026-07-21 09:21:06][appmon-1761033662-main-4dfe916-dirty-4dfe916-M][2136] /usr/sbin/ntpd cleaned zombie process [ 7421 ] — not signal-terminated
[INFO][2026-07-21 09:21:07][appmon-1761033662-main-4dfe916-dirty-4dfe916-M][2136] Network activity (eth0) SMDA: 0.00 mbps / 0.00 mbps / 0.00 mbps / 0.00 mbps T: 0.00 mbps
[INFO][2026-07-21 09:21:07][appmon-1761033662-main-4dfe916-dirty-4dfe916-M][2136] Network activity (eth1) SMDA: 0.01 mbps / 0.01 mbps / 0.00 mbps / 0.01 mbps T: 0.01 mbps
[INFO][2026-07-21 09:21:07][appmon-1761033662-main-4dfe916-dirty-4dfe916-M][2136] Disk activity (Total Disk) SMDA: 0.12 mbps / 0.38 mbps / 0.36 mbps / 8.16 mbps T: 0.16 mbps
[INFO][2026-07-21 09:21:07][appmon-1761033662-main-4dfe916-dirty-4dfe916-M][2136] CPU activity (CPU) SMA: 4.36 % / 2.43 % / 1.68 % / 1.76 % T: 1.83 %
[INFO][2026-07-21 09:21:07][appmon-1761033662-main-4dfe916-dirty-4dfe916-M][2136] [ ntpserver : 7431 ][ /usr/sbin/ntpd ] re-spawned!
[INFO][2026-07-21 09:21:07][appmon-1761033662-main-4dfe916-dirty-4dfe916-M][2136] /usr/sbin/ntpd waiting for kill zombie process [ 7431 ]
[INFO][2026-07-21 09:21:07][appmon-1761033662-main-4dfe916-dirty-4dfe916-M][2136] /usr/sbin/ntpd cleaned zombie process [ 7431 ] — not signal-terminated
[INFO][2026-07-21 09:21:08][appmon-1761033662-main-4dfe916-dirty-4dfe916-M][2136] [ ntpserver : 7441 ][ /usr/sbin/ntpd ] re-spawned!
[INFO][2026-07-21 09:21:08][appmon-1761033662-main-4dfe916-dirty-4dfe916-M][2136] /usr/sbin/ntpd waiting for kill zombie process [ 7441 ]
[INFO][2026-07-21 09:21:08][appmon-1761033662-main-4dfe916-dirty-4dfe916-M][2136] /usr/sbin/ntpd cleaned zombie process [ 7441 ] — not signal-terminated
[INFO][2026-07-21 09:21:09][appmon-1761033662-main-4dfe916-dirty-4dfe916-M][2136] [ ntpserver : 7451 ][ /usr/sbin/ntpd ] re-spawned!
[INFO][2026-07-21 09:21:09][appmon-1761033662-main-4dfe916-dirty-4dfe916-M][2136] /usr/sbin/ntpd waiting for kill zombie process [ 7451 ]
[INFO][2026-07-21 09:21:09][appmon-1761033662-main-4dfe916-dirty-4dfe916-M][2136] /usr/sbin/ntpd cleaned zombie process [ 7451 ] — not signal-terminated
[INFO][2026-07-21 09:21:10][appmon-1761033662-main-4dfe916-dirty-4dfe916-M][2136] [ ntpserver : 7461 ][ /usr/sbin/ntpd ] re-spawned!
[INFO][2026-07-21 09:21:10][appmon-1761033662-main-4dfe916-dirty-4dfe916-M][2136] /usr/sbin/ntpd waiting for kill zombie process [ 7461 ]
[INFO][2026-07-21 09:21:10][appmon-1761033662-main-4dfe916-dirty-4dfe916-M][2136] /usr/sbin/ntpd cleaned zombie process [ 7461 ] — not signal-terminated
[INFO][2026-07-21 09:21:10][appmon-1761033662-main-4dfe916-dirty-4dfe916-M][2136] [ ntpserver : 7471 ][ /usr/sbin/ntpd ] re-spawned!
[INFO][2026-07-21 09:21:11][appmon-1761033662-main-4dfe916-dirty-4dfe916-M][2136] /usr/sbin/ntpd waiting for kill zombie process [ 7471 ]
[INFO][2026-07-21 09:21:11][appmon-1761033662-main-4dfe916-dirty-4dfe916-M][2136] /usr/sbin/ntpd cleaned zombie process [ 7471 ] — not signal-terminated
[INFO][2026-07-21 09:21:11][appmon-1761033662-main-4dfe916-dirty-4dfe916-M][2136] [ ntpserver : 7474 ][ /usr/sbin/ntpd ] re-spawned!
[INFO][2026-07-21 09:21:12][appmon-1761033662-main-4dfe916-dirty-4dfe916-M][2136] /usr/sbin/ntpd waiting for kill zombie process [ 7474 ]
[INFO][2026-07-21 09:21:12][appmon-1761033662-main-4dfe916-dirty-4dfe916-M][2136] /usr/sbin/ntpd cleaned zombie process [ 7474 ] — not signal-terminated
[INFO][2026-07-21 09:21:12][appmon-1761033662-main-4dfe916-dirty-4dfe916-M][2136] [ ntpserver : 7484 ][ /usr/sbin/ntpd ] re-spawned!
[INFO][2026-07-21 09:21:13][appmon-1761033662-main-4dfe916-dirty-4dfe916-M][2136] /usr/sbin/ntpd waiting for kill zombie process [ 7484 ]
[INFO][2026-07-21 09:21:13][appmon-1761033662-main-4dfe916-dirty-4dfe916-M][2136] /usr/sbin/ntpd cleaned zombie process [ 7484 ] — not signal-terminated
[INFO][2026-07-21 09:21:13][appmon-1761033662-main-4dfe916-dirty-4dfe916-M][2136] [ ntpserver : 7494 ][ /usr/sbin/ntpd ] re-spawned!
[INFO][2026-07-21 09:21:14][appmon-1761033662-main-4dfe916-dirty-4dfe916-M][2136] /usr/sbin/ntpd waiting for kill zombie process [ 7494 ]
[INFO][2026-07-21 09:21:14][appmon-1761033662-main-4dfe916-dirty-4dfe916-M][2136] /usr/sbin/ntpd cleaned zombie process [ 7494 ] — not signal-terminated
[INFO][2026-07-21 09:21:14][appmon-1761033662-main-4dfe916-dirty-4dfe916-M][2136] [ ntpserver : 7525 ][ /usr/sbin/ntpd ] re-spawned!
[INFO][2026-07-21 09:21:14][appmon-1761033662-main-4dfe916-dirty-4dfe916-M][2136] /usr/sbin/ntpd waiting for kill zombie process [ 7525 ]
[INFO][2026-07-21 09:21:14][appmon-1761033662-main-4dfe916-dirty-4dfe916-M][2136] /usr/sbin/ntpd cleaned zombie process [ 7525 ] — not signal-terminated
[INFO][2026-07-21 09:21:15][appmon-1761033662-main-4dfe916-dirty-4dfe916-M][2136] [ ntpserver : 7535 ][ /usr/sbin/ntpd ] re-spawned!
[INFO][2026-07-21 09:21:15][appmon-1761033662-main-4dfe916-dirty-4dfe916-M][2136] /usr/sbin/ntpd waiting for kill zombie process [ 7535 ]
[INFO][2026-07-21 09:21:15][appmon-1761033662-main-4dfe916-dirty-4dfe916-M][2136] /usr/sbin/ntpd cleaned zombie process [ 7535 ] — not signal-terminated
[INFO][2026-07-21 09:21:16][appmon-1761033662-main-4dfe916-dirty-4dfe916-M][2136] [ ntpserver : 7545 ][ /usr/sbin/ntpd ] re-spawned!
[INFO][2026-07-21 09:21:16][appmon-1761033662-main-4dfe916-dirty-4dfe916-M][2136] /usr/sbin/ntpd waiting for kill zombie process [ 7545 ]
[INFO][2026-07-21 09:21:16][appmon-1761033662-main-4dfe916-dirty-4dfe916-M][2136] /usr/sbin/ntpd cleaned zombie process [ 7545 ] — not signal-terminated
[INFO][2026-07-21 09:21:17][appmon-1761033662-main-4dfe916-dirty-4dfe916-M][2136] [ ntpserver : 7555 ][ /usr/sbin/ntpd ] re-spawned!
[INFO][2026-07-21 09:21:17][appmon-1761033662-main-4dfe916-dirty-4dfe916-M][2136] Network activity (eth0) SMDA: 0.00 mbps / 0.00 mbps / 0.00 mbps / 0.00 mbps T: 0.00 mbps
[INFO][2026-07-21 09:21:17][appmon-1761033662-main-4dfe916-dirty-4dfe916-M][2136] Network activity (eth1) SMDA: 0.01 mbps / 0.01 mbps / 0.01 mbps / 0.01 mbps T: 0.01 mbps
[INFO][2026-07-21 09:21:17][appmon-1761033662-main-4dfe916-dirty-4dfe916-M][2136] Disk activity (Total Disk) SMDA: 0.46 mbps / 0.33 mbps / 0.37 mbps / 7.49 mbps T: 0.16 mbps
[INFO][2026-07-21 09:21:17][appmon-1761033662-main-4dfe916-dirty-4dfe916-M][2136] CPU activity (CPU) SMA: 1.88 % / 2.85 % / 1.93 % / 1.73 % T: 1.83 %
[INFO][2026-07-21 09:21:17][appmon-1761033662-main-4dfe916-dirty-4dfe916-M][2136] /usr/sbin/ntpd waiting for kill zombie process [ 7555 ]
[INFO][2026-07-21 09:21:17][appmon-1761033662-main-4dfe916-dirty-4dfe916-M][2136] /usr/sbin/ntpd cleaned zombie process [ 7555 ] — not signal-terminated
[INFO][2026-07-21 09:21:18][appmon-1761033662-main-4dfe916-dirty-4dfe916-M][2136] [ ntpserver : 7565 ][ /usr/sbin/ntpd ] re-spawned!
[INFO][2026-07-21 09:21:18][appmon-1761033662-main-4dfe916-dirty-4dfe916-M][2136] /usr/sbin/ntpd waiting for kill zombie process [ 7565 ]
[INFO][2026-07-21 09:21:18][appmon-1761033662-main-4dfe916-dirty-4dfe916-M][2136] /usr/sbin/ntpd cleaned zombie process [ 7565 ] — not signal-terminated
[INFO][2026-07-21 09:21:19][appmon-1761033662-main-4dfe916-dirty-4dfe916-M][2136] [ ntpserver : 7568 ][ /usr/sbin/ntpd ] re-spawned!
[INFO][2026-07-21 09:21:19][appmon-1761033662-main-4dfe916-dirty-4dfe916-M][2136] /usr/sbin/ntpd waiting for kill zombie process [ 7568 ]
[INFO][2026-07-21 09:21:19][appmon-1761033662-main-4dfe916-dirty-4dfe916-M][2136] /usr/sbin/ntpd cleaned zombie process [ 7568 ] — not signal-terminated
[INFO][2026-07-21 09:21:19][appmon-1761033662-main-4dfe916-dirty-4dfe916-M][2136] [ ntpserver : 7578 ][ /usr/sbin/ntpd ] re-spawned!
[INFO][2026-07-21 09:21:20][appmon-1761033662-main-4dfe916-dirty-4dfe916-M][2136] /usr/sbin/ntpd waiting for kill zombie process [ 7578 ]
[INFO][2026-07-21 09:21:20][appmon-1761033662-main-4dfe916-dirty-4dfe916-M][2136] /usr/sbin/ntpd cleaned zombie process [ 7578 ] — not signal-terminated
[INFO][2026-07-21 09:21:20][appmon-1761033662-main-4dfe916-dirty-4dfe916-M][2136] [ ntpserver : 7588 ][ /usr/sbin/ntpd ] re-spawned!
[INFO][2026-07-21 09:21:21][appmon-1761033662-main-4dfe916-dirty-4dfe916-M][2136] /usr/sbin/ntpd waiting for kill zombie process [ 7588 ]
[INFO][2026-07-21 09:21:21][appmon-1761033662-main-4dfe916-dirty-4dfe916-M][2136] /usr/sbin/ntpd cleaned zombie process [ 7588 ] — not signal-terminated
[INFO][2026-07-21 09:21:21][appmon-1761033662-main-4dfe916-dirty-4dfe916-M][2136] [ ntpserver : 7598 ][ /usr/sbin/ntpd ] re-spawned!
[INFO][2026-07-21 09:21:22][appmon-1761033662-main-4dfe916-dirty-4dfe916-M][2136] /usr/sbin/ntpd waiting for kill zombie process [ 7598 ]
[INFO][2026-07-21 09:21:22][appmon-1761033662-main-4dfe916-dirty-4dfe916-M][2136] /usr/sbin/ntpd cleaned zombie process [ 7598 ] — not signal-terminated
[INFO][2026-07-21 09:21:22][appmon-1761033662-main-4dfe916-dirty-4dfe916-M][2136] [ ntpserver : 7608 ][ /usr/sbin/ntpd ] re-spawned!
[INFO][2026-07-21 09:21:23][appmon-1761033662-main-4dfe916-dirty-4dfe916-M][2136] /usr/sbin/ntpd waiting for kill zombie process [ 7608 ]
[INFO][2026-07-21 09:21:23][appmon-1761033662-main-4dfe916-dirty-4dfe916-M][2136] /usr/sbin/ntpd cleaned zombie process [ 7608 ] — not signal-terminated
[INFO][2026-07-21 09:21:23][appmon-1761033662-main-4dfe916-dirty-4dfe916-M][2136] [ ntpserver : 7618 ][ /usr/sbin/ntpd ] re-spawned!
[INFO][2026-07-21 09:21:23][appmon-1761033662-main-4dfe916-dirty-4dfe916-M][2136] /usr/sbin/ntpd waiting for kill zombie process [ 7618 ]
[INFO][2026-07-21 09:21:23][appmon-1761033662-main-4dfe916-dirty-4dfe916-M][2136] /usr/sbin/ntpd cleaned zombie process [ 7618 ] — not signal-terminated
[INFO][2026-07-21 09:21:24][appmon-1761033662-main-4dfe916-dirty-4dfe916-M][2136] [ ntpserver : 7628 ][ /usr/sbin/ntpd ] re-spawned!
[INFO][2026-07-21 09:21:24][appmon-1761033662-main-4dfe916-dirty-4dfe916-M][2136] /usr/sbin/ntpd waiting for kill zombie process [ 7628 ]
[INFO][2026-07-21 09:21:24][appmon-1761033662-main-4dfe916-dirty-4dfe916-M][2136] /usr/sbin/ntpd cleaned zombie process [ 7628 ] — not signal-terminated
[INFO][2026-07-21 09:21:25][appmon-1761033662-main-4dfe916-dirty-4dfe916-M][2136] [ ntpserver : 7638 ][ /usr/sbin/ntpd ] re-spawned!
[INFO][2026-07-21 09:21:25][appmon-1761033662-main-4dfe916-dirty-4dfe916-M][2136] /usr/sbin/ntpd waiting for kill zombie process [ 7638 ]
[INFO][2026-07-21 09:21:25][appmon-1761033662-main-4dfe916-dirty-4dfe916-M][2136] /usr/sbin/ntpd cleaned zombie process [ 7638 ] — not signal-terminated
[INFO][2026-07-21 09:21:26][appmon-1761033662-main-4dfe916-dirty-4dfe916-M][2136] [ ntpserver : 7648 ][ /usr/sbin/ntpd ] re-spawned!
[INFO][2026-07-21 09:21:26][appmon-1761033662-main-4dfe916-dirty-4dfe916-M][2136] /usr/sbin/ntpd waiting for kill zombie process [ 7648 ]
[INFO][2026-07-21 09:21:26][appmon-1761033662-main-4dfe916-dirty-4dfe916-M][2136] /usr/sbin/ntpd cleaned zombie process [ 7648 ] — not signal-terminated
[INFO][2026-07-21 09:21:27][appmon-1761033662-main-4dfe916-dirty-4dfe916-M][2136] [ ntpserver : 7651 ][ /usr/sbin/ntpd ] re-spawned!
[INFO][2026-07-21 09:21:27][appmon-1761033662-main-4dfe916-dirty-4dfe916-M][2136] Network activity (eth0) SMDA: 0.00 mbps / 0.00 mbps / 0.00 mbps / 0.00 mbps T: 0.00 mbps
[INFO][2026-07-21 09:21:27][appmon-1761033662-main-4dfe916-dirty-4dfe916-M][2136] Network activity (eth1) SMDA: 0.00 mbps / 0.01 mbps / 0.01 mbps / 0.01 mbps T: 0.01 mbps
[INFO][2026-07-21 09:21:27][appmon-1761033662-main-4dfe916-dirty-4dfe916-M][2136] Disk activity (Total Disk) SMDA: 0.25 mbps / 0.36 mbps / 0.35 mbps / 6.81 mbps T: 0.16 mbps
[INFO][2026-07-21 09:21:27][appmon-1761033662-main-4dfe916-dirty-4dfe916-M][2136] CPU activity (CPU) SMA: 0.63 % / 1.46 % / 1.68 % / 1.70 % T: 1.80 %
[INFO][2026-07-21 09:21:27][appmon-1761033662-main-4dfe916-dirty-4dfe916-M][2136] /usr/sbin/ntpd waiting for kill zombie process [ 7651 ]
[INFO][2026-07-21 09:21:27][appmon-1761033662-main-4dfe916-dirty-4dfe916-M][2136] /usr/sbin/ntpd cleaned zombie process [ 7651 ] — not signal-terminated
[INFO][2026-07-21 09:21:28][appmon-1761033662-main-4dfe916-dirty-4dfe916-M][2136] [ ntpserver : 7661 ][ /usr/sbin/ntpd ] re-spawned!
[INFO][2026-07-21 09:21:28][appmon-1761033662-main-4dfe916-dirty-4dfe916-M][2136] /usr/sbin/ntpd waiting for kill zombie process [ 7661 ]
[INFO][2026-07-21 09:21:28][appmon-1761033662-main-4dfe916-dirty-4dfe916-M][2136] /usr/sbin/ntpd cleaned zombie process [ 7661 ] — not signal-terminated
[INFO][2026-07-21 09:21:28][appmon-1761033662-main-4dfe916-dirty-4dfe916-M][2136] [ ntpserver : 7671 ][ /usr/sbin/ntpd ] re-spawned!
[INFO][2026-07-21 09:21:29][appmon-1761033662-main-4dfe916-dirty-4dfe916-M][2136] /usr/sbin/ntpd waiting for kill zombie process [ 7671 ]
[INFO][2026-07-21 09:21:29][appmon-1761033662-main-4dfe916-dirty-4dfe916-M][2136] /usr/sbin/ntpd cleaned zombie process [ 7671 ] — not signal-terminated
[INFO][2026-07-21 09:21:29][appmon-1761033662-main-4dfe916-dirty-4dfe916-M][2136] [ ntpserver : 7681 ][ /usr/sbin/ntpd ] re-spawned!
[INFO][2026-07-21 09:21:30][appmon-1761033662-main-4dfe916-dirty-4dfe916-M][2136] /usr/sbin/ntpd waiting for kill zombie process [ 7681 ]
[INFO][2026-07-21 09:21:30][appmon-1761033662-main-4dfe916-dirty-4dfe916-M][2136] /usr/sbin/ntpd cleaned zombie process [ 7681 ] — not signal-terminated
[INFO][2026-07-21 09:21:30][appmon-1761033662-main-4dfe916-dirty-4dfe916-M][2136] [ ntpserver : 7691 ][ /usr/sbin/ntpd ] re-spawned!
[INFO][2026-07-21 09:21:31][appmon-1761033662-main-4dfe916-dirty-4dfe916-M][2136] /usr/sbin/ntpd waiting for kill zombie process [ 7691 ]
[INFO][2026-07-21 09:21:31][appmon-1761033662-main-4dfe916-dirty-4dfe916-M][2136] /usr/sbin/ntpd cleaned zombie process [ 7691 ] — not signal-terminated
[INFO][2026-07-21 09:21:31][appmon-1761033662-main-4dfe916-dirty-4dfe916-M][2136] [ ntpserver : 7701 ][ /usr/sbin/ntpd ] re-spawned!
[INFO][2026-07-21 09:21:32][appmon-1761033662-main-4dfe916-dirty-4dfe916-M][2136] /usr/sbin/ntpd waiting for kill zombie process [ 7701 ]
[INFO][2026-07-21 09:21:32][appmon-1761033662-main-4dfe916-dirty-4dfe916-M][2136] /usr/sbin/ntpd cleaned zombie process [ 7701 ] — not signal-terminated
[INFO][2026-07-21 09:21:32][appmon-1761033662-main-4dfe916-dirty-4dfe916-M][2136] [ ntpserver : 7711 ][ /usr/sbin/ntpd ] re-spawned!
[INFO][2026-07-21 09:21:32][appmon-1761033662-main-4dfe916-dirty-4dfe916-M][2136] /usr/sbin/ntpd waiting for kill zombie process [ 7711 ]
[INFO][2026-07-21 09:21:32][appmon-1761033662-main-4dfe916-dirty-4dfe916-M][2136] /usr/sbin/ntpd cleaned zombie process [ 7711 ] — not signal-terminated
[INFO][2026-07-21 09:21:33][appmon-1761033662-main-4dfe916-dirty-4dfe916-M][2136] [ ntpserver : 7721 ][ /usr/sbin/ntpd ] re-spawned!
[INFO][2026-07-21 09:21:33][appmon-1761033662-main-4dfe916-dirty-4dfe916-M][2136] /usr/sbin/ntpd waiting for kill zombie process [ 7721 ]
[INFO][2026-07-21 09:21:33][appmon-1761033662-main-4dfe916-dirty-4dfe916-M][2136] /usr/sbin/ntpd cleaned zombie process [ 7721 ] — not signal-terminated
[INFO][2026-07-21 09:21:34][appmon-1761033662-main-4dfe916-dirty-4dfe916-M][2136] [ ntpserver : 7731 ][ /usr/sbin/ntpd ] re-spawned!
[INFO][2026-07-21 09:21:34][appmon-1761033662-main-4dfe916-dirty-4dfe916-M][2136] /usr/sbin/ntpd waiting for kill zombie process [ 7731 ]
[INFO][2026-07-21 09:21:34][appmon-1761033662-main-4dfe916-dirty-4dfe916-M][2136] /usr/sbin/ntpd cleaned zombie process [ 7731 ] — not signal-terminated
[INFO][2026-07-21 09:21:35][appmon-1761033662-main-4dfe916-dirty-4dfe916-M][2136] [ ntpserver : 7734 ][ /usr/sbin/ntpd ] re-spawned!
[INFO][2026-07-21 09:21:35][appmon-1761033662-main-4dfe916-dirty-4dfe916-M][2136] /usr/sbin/ntpd waiting for kill zombie process [ 7734 ]
[INFO][2026-07-21 09:21:35][appmon-1761033662-main-4dfe916-dirty-4dfe916-M][2136] /usr/sbin/ntpd cleaned zombie process [ 7734 ] — not signal-terminated
[INFO][2026-07-21 09:21:36][appmon-1761033662-main-4dfe916-dirty-4dfe916-M][2136] [ ntpserver : 7744 ][ /usr/sbin/ntpd ] re-spawned!
[INFO][2026-07-21 09:21:36][appmon-1761033662-main-4dfe916-dirty-4dfe916-M][2136] /usr/sbin/ntpd waiting for kill zombie process [ 7744 ]
[INFO][2026-07-21 09:21:36][appmon-1761033662-main-4dfe916-dirty-4dfe916-M][2136] /usr/sbin/ntpd cleaned zombie process [ 7744 ] — not signal-terminated
[INFO][2026-07-21 09:21:37][appmon-1761033662-main-4dfe916-dirty-4dfe916-M][2136] [ ntpserver : 7754 ][ /usr/sbin/ntpd ] re-spawned!
[INFO][2026-07-21 09:21:37][appmon-1761033662-main-4dfe916-dirty-4dfe916-M][2136] Network activity (eth0) SMDA: 0.00 mbps / 0.00 mbps / 0.00 mbps / 0.00 mbps T: 0.00 mbps
[INFO][2026-07-21 09:21:37][appmon-1761033662-main-4dfe916-dirty-4dfe916-M][2136] Network activity (eth1) SMDA: 0.01 mbps / 0.01 mbps / 0.01 mbps / 0.01 mbps T: 0.01 mbps
[INFO][2026-07-21 09:21:37][appmon-1761033662-main-4dfe916-dirty-4dfe916-M][2136] Disk activity (Total Disk) SMDA: 0.50 mbps / 0.39 mbps / 0.36 mbps / 6.08 mbps T: 0.16 mbps
[INFO][2026-07-21 09:21:37][appmon-1761033662-main-4dfe916-dirty-4dfe916-M][2136] CPU activity (CPU) SMA: 2.71 % / 1.53 % / 1.90 % / 1.73 % T: 1.80 %
[INFO][2026-07-21 09:21:37][appmon-1761033662-main-4dfe916-dirty-4dfe916-M][2136] /usr/sbin/ntpd waiting for kill zombie process [ 7754 ]
[INFO][2026-07-21 09:21:37][appmon-1761033662-main-4dfe916-dirty-4dfe916-M][2136] /usr/sbin/ntpd cleaned zombie process [ 7754 ] — not signal-terminated
[INFO][2026-07-21 09:21:37][appmon-1761033662-main-4dfe916-dirty-4dfe916-M][2136] [ ntpserver : 7764 ][ /usr/sbin/ntpd ] re-spawned!
[INFO][2026-07-21 09:21:38][appmon-1761033662-main-4dfe916-dirty-4dfe916-M][2136] /usr/sbin/ntpd waiting for kill zombie process [ 7764 ]
[INFO][2026-07-21 09:21:38][appmon-1761033662-main-4dfe916-dirty-4dfe916-M][2136] /usr/sbin/ntpd cleaned zombie process [ 7764 ] — not signal-terminated
[INFO][2026-07-21 09:21:38][appmon-1761033662-main-4dfe916-dirty-4dfe916-M][2136] [ ntpserver : 7774 ][ /usr/sbin/ntpd ] re-spawned!
[INFO][2026-07-21 09:21:39][appmon-1761033662-main-4dfe916-dirty-4dfe916-M][2136] /usr/sbin/ntpd waiting for kill zombie process [ 7774 ]
[INFO][2026-07-21 09:21:39][appmon-1761033662-main-4dfe916-dirty-4dfe916-M][2136] /usr/sbin/ntpd cleaned zombie process [ 7774 ] — not signal-terminated
[INFO][2026-07-21 09:21:39][appmon-1761033662-main-4dfe916-dirty-4dfe916-M][2136] [ ntpserver : 7784 ][ /usr/sbin/ntpd ] re-spawned!
[INFO][2026-07-21 09:21:40][appmon-1761033662-main-4dfe916-dirty-4dfe916-M][2136] /usr/sbin/ntpd waiting for kill zombie process [ 7784 ]
[INFO][2026-07-21 09:21:40][appmon-1761033662-main-4dfe916-dirty-4dfe916-M][2136] /usr/sbin/ntpd cleaned zombie process [ 7784 ] — not signal-terminated
[INFO][2026-07-21 09:21:40][appmon-1761033662-main-4dfe916-dirty-4dfe916-M][2136] [ ntpserver : 7794 ][ /usr/sbin/ntpd ] re-spawned!
[INFO][2026-07-21 09:21:41][appmon-1761033662-main-4dfe916-dirty-4dfe916-M][2136] /usr/sbin/ntpd waiting for kill zombie process [ 7794 ]
[INFO][2026-07-21 09:21:41][appmon-1761033662-main-4dfe916-dirty-4dfe916-M][2136] /usr/sbin/ntpd cleaned zombie process [ 7794 ] — not signal-terminated
[INFO][2026-07-21 09:21:41][appmon-1761033662-main-4dfe916-dirty-4dfe916-M][2136] [ ntpserver : 7804 ][ /usr/sbin/ntpd ] re-spawned!
[INFO][2026-07-21 09:21:41][appmon-1761033662-main-4dfe916-dirty-4dfe916-M][2136] /usr/sbin/ntpd waiting for kill zombie process [ 7804 ]
[INFO][2026-07-21 09:21:41][appmon-1761033662-main-4dfe916-dirty-4dfe916-M][2136] /usr/sbin/ntpd cleaned zombie process [ 7804 ] — not signal-terminated
[INFO][2026-07-21 09:21:42][appmon-1761033662-main-4dfe916-dirty-4dfe916-M][2136] [ ntpserver : 7807 ][ /usr/sbin/ntpd ] re-spawned!
[INFO][2026-07-21 09:21:42][appmon-1761033662-main-4dfe916-dirty-4dfe916-M][2136] /usr/sbin/ntpd waiting for kill zombie process [ 7807 ]
[INFO][2026-07-21 09:21:42][appmon-1761033662-main-4dfe916-dirty-4dfe916-M][2136] /usr/sbin/ntpd cleaned zombie process [ 7807 ] — not signal-terminated
[INFO][2026-07-21 09:21:43][appmon-1761033662-main-4dfe916-dirty-4dfe916-M][2136] [ ntpserver : 7817 ][ /usr/sbin/ntpd ] re-spawned!
[INFO][2026-07-21 09:21:43][appmon-1761033662-main-4dfe916-dirty-4dfe916-M][2136] /usr/sbin/ntpd waiting for kill zombie process [ 7817 ]
[INFO][2026-07-21 09:21:43][appmon-1761033662-main-4dfe916-dirty-4dfe916-M][2136] /usr/sbin/ntpd cleaned zombie process [ 7817 ] — not signal-terminated
[INFO][2026-07-21 09:21:44][appmon-1761033662-main-4dfe916-dirty-4dfe916-M][2136] [ ntpserver : 7848 ][ /usr/sbin/ntpd ] re-spawned!
[INFO][2026-07-21 09:21:44][appmon-1761033662-main-4dfe916-dirty-4dfe916-M][2136] /usr/sbin/ntpd waiting for kill zombie process [ 7848 ]
[INFO][2026-07-21 09:21:44][appmon-1761033662-main-4dfe916-dirty-4dfe916-M][2136] /usr/sbin/ntpd cleaned zombie process [ 7848 ] — not signal-terminated
[INFO][2026-07-21 09:21:45][appmon-1761033662-main-4dfe916-dirty-4dfe916-M][2136] [ ntpserver : 7858 ][ /usr/sbin/ntpd ] re-spawned!
[INFO][2026-07-21 09:21:45][appmon-1761033662-main-4dfe916-dirty-4dfe916-M][2136] /usr/sbin/ntpd waiting for kill zombie process [ 7858 ]
[INFO][2026-07-21 09:21:45][appmon-1761033662-main-4dfe916-dirty-4dfe916-M][2136] /usr/sbin/ntpd cleaned zombie process [ 7858 ] — not signal-terminated
[INFO][2026-07-21 09:21:46][appmon-1761033662-main-4dfe916-dirty-4dfe916-M][2136] [ ntpserver : 7868 ][ /usr/sbin/ntpd ] re-spawned!
[INFO][2026-07-21 09:21:46][appmon-1761033662-main-4dfe916-dirty-4dfe916-M][2136] /usr/sbin/ntpd waiting for kill zombie process [ 7868 ]
[INFO][2026-07-21 09:21:46][appmon-1761033662-main-4dfe916-dirty-4dfe916-M][2136] /usr/sbin/ntpd cleaned zombie process [ 7868 ] — not signal-terminated
[INFO][2026-07-21 09:21:46][appmon-1761033662-main-4dfe916-dirty-4dfe916-M][2136] [ ntpserver : 7878 ][ /usr/sbin/ntpd ] re-spawned!
[INFO][2026-07-21 09:21:47][appmon-1761033662-main-4dfe916-dirty-4dfe916-M][2136] Network activity (eth0) SMDA: 0.00 mbps / 0.00 mbps / 0.00 mbps / 0.00 mbps T: 0.00 mbps
[INFO][2026-07-21 09:21:47][appmon-1761033662-main-4dfe916-dirty-4dfe916-M][2136] Network activity (eth1) SMDA: 0.00 mbps / 0.01 mbps / 0.01 mbps / 0.01 mbps T: 0.01 mbps
[INFO][2026-07-21 09:21:47][appmon-1761033662-main-4dfe916-dirty-4dfe916-M][2136] Disk activity (Total Disk) SMDA: 0.10 mbps / 0.36 mbps / 0.36 mbps / 5.41 mbps T: 0.16 mbps
[INFO][2026-07-21 09:21:47][appmon-1761033662-main-4dfe916-dirty-4dfe916-M][2136] CPU activity (CPU) SMA: 1.26 % / 1.67 % / 1.83 % / 1.70 % T: 1.79 %
[INFO][2026-07-21 09:21:47][appmon-1761033662-main-4dfe916-dirty-4dfe916-M][2136] /usr/sbin/ntpd waiting for kill zombie process [ 7878 ]
[INFO][2026-07-21 09:21:47][appmon-1761033662-main-4dfe916-dirty-4dfe916-M][2136] /usr/sbin/ntpd cleaned zombie process [ 7878 ] — not signal-terminated
[INFO][2026-07-21 09:21:47][appmon-1761033662-main-4dfe916-dirty-4dfe916-M][2136] [ ntpserver : 7888 ][ /usr/sbin/ntpd ] re-spawned!
[INFO][2026-07-21 09:21:48][appmon-1761033662-main-4dfe916-dirty-4dfe916-M][2136] /usr/sbin/ntpd waiting for kill zombie process [ 7888 ]
[INFO][2026-07-21 09:21:48][appmon-1761033662-main-4dfe916-dirty-4dfe916-M][2136] /usr/sbin/ntpd cleaned zombie process [ 7888 ] — not signal-terminated
[INFO][2026-07-21 09:21:48][appmon-1761033662-main-4dfe916-dirty-4dfe916-M][2136] [ ntpserver : 7898 ][ /usr/sbin/ntpd ] re-spawned!
[INFO][2026-07-21 09:21:49][appmon-1761033662-main-4dfe916-dirty-4dfe916-M][2136] /usr/sbin/ntpd waiting for kill zombie process [ 7898 ]
[INFO][2026-07-21 09:21:49][appmon-1761033662-main-4dfe916-dirty-4dfe916-M][2136] /usr/sbin/ntpd cleaned zombie process [ 7898 ] — not signal-terminated
[INFO][2026-07-21 09:21:49][appmon-1761033662-main-4dfe916-dirty-4dfe916-M][2136] [ ntpserver : 7908 ][ /usr/sbin/ntpd ] re-spawned!
[INFO][2026-07-21 09:21:50][appmon-1761033662-main-4dfe916-dirty-4dfe916-M][2136] /usr/sbin/ntpd waiting for kill zombie process [ 7908 ]
[INFO][2026-07-21 09:21:50][appmon-1761033662-main-4dfe916-dirty-4dfe916-M][2136] /usr/sbin/ntpd cleaned zombie process [ 7908 ] — not signal-terminated
[INFO][2026-07-21 09:21:50][appmon-1761033662-main-4dfe916-dirty-4dfe916-M][2136] [ ntpserver : 7911 ][ /usr/sbin/ntpd ] re-spawned!
[INFO][2026-07-21 09:21:50][appmon-1761033662-main-4dfe916-dirty-4dfe916-M][2136] /usr/sbin/ntpd waiting for kill zombie process [ 7911 ]
[INFO][2026-07-21 09:21:50][appmon-1761033662-main-4dfe916-dirty-4dfe916-M][2136] /usr/sbin/ntpd cleaned zombie process [ 7911 ] — not signal-terminated
[INFO][2026-07-21 09:21:51][appmon-1761033662-main-4dfe916-dirty-4dfe916-M][2136] [ ntpserver : 7921 ][ /usr/sbin/ntpd ] re-spawned!
[INFO][2026-07-21 09:21:51][appmon-1761033662-main-4dfe916-dirty-4dfe916-M][2136] /usr/sbin/ntpd waiting for kill zombie process [ 7921 ]
[INFO][2026-07-21 09:21:51][appmon-1761033662-main-4dfe916-dirty-4dfe916-M][2136] /usr/sbin/ntpd cleaned zombie process [ 7921 ] — not signal-terminated
[INFO][2026-07-21 09:21:52][appmon-1761033662-main-4dfe916-dirty-4dfe916-M][2136] [ ntpserver : 7931 ][ /usr/sbin/ntpd ] re-spawned!
[INFO][2026-07-21 09:21:52][appmon-1761033662-main-4dfe916-dirty-4dfe916-M][2136] /usr/sbin/ntpd waiting for kill zombie process [ 7931 ]
[INFO][2026-07-21 09:21:52][appmon-1761033662-main-4dfe916-dirty-4dfe916-M][2136] /usr/sbin/ntpd cleaned zombie process [ 7931 ] — not signal-terminated
[INFO][2026-07-21 09:21:53][appmon-1761033662-main-4dfe916-dirty-4dfe916-M][2136] [ ntpserver : 7941 ][ /usr/sbin/ntpd ] re-spawned!
[INFO][2026-07-21 09:21:53][appmon-1761033662-main-4dfe916-dirty-4dfe916-M][2136] /usr/sbin/ntpd waiting for kill zombie process [ 7941 ]
[INFO][2026-07-21 09:21:53][appmon-1761033662-main-4dfe916-dirty-4dfe916-M][2136] /usr/sbin/ntpd cleaned zombie process [ 7941 ] — not signal-terminated
[INFO][2026-07-21 09:21:54][appmon-1761033662-main-4dfe916-dirty-4dfe916-M][2136] [ ntpserver : 7951 ][ /usr/sbin/ntpd ] re-spawned!
[INFO][2026-07-21 09:21:54][appmon-1761033662-main-4dfe916-dirty-4dfe916-M][2136] /usr/sbin/ntpd waiting for kill zombie process [ 7951 ]
[INFO][2026-07-21 09:21:54][appmon-1761033662-main-4dfe916-dirty-4dfe916-M][2136] /usr/sbin/ntpd cleaned zombie process [ 7951 ] — not signal-terminated
[INFO][2026-07-21 09:21:55][appmon-1761033662-main-4dfe916-dirty-4dfe916-M][2136] [ ntpserver : 7961 ][ /usr/sbin/ntpd ] re-spawned!
[INFO][2026-07-21 09:21:55][appmon-1761033662-main-4dfe916-dirty-4dfe916-M][2136] /usr/sbin/ntpd waiting for kill zombie process [ 7961 ]
[INFO][2026-07-21 09:21:55][appmon-1761033662-main-4dfe916-dirty-4dfe916-M][2136] /usr/sbin/ntpd cleaned zombie process [ 7961 ] — not signal-terminated
[INFO][2026-07-21 09:21:55][appmon-1761033662-main-4dfe916-dirty-4dfe916-M][2136] [ ntpserver : 7971 ][ /usr/sbin/ntpd ] re-spawned!
[INFO][2026-07-21 09:21:56][appmon-1761033662-main-4dfe916-dirty-4dfe916-M][2136] /usr/sbin/ntpd waiting for kill zombie process [ 7971 ]
[INFO][2026-07-21 09:21:56][appmon-1761033662-main-4dfe916-dirty-4dfe916-M][2136] /usr/sbin/ntpd cleaned zombie process [ 7971 ] — not signal-terminated
[INFO][2026-07-21 09:21:56][appmon-1761033662-main-4dfe916-dirty-4dfe916-M][2136] [ ntpserver : 7981 ][ /usr/sbin/ntpd ] re-spawned!
[INFO][2026-07-21 09:21:57][appmon-1761033662-main-4dfe916-dirty-4dfe916-M][2136] Network activity (eth0) SMDA: 0.00 mbps / 0.00 mbps / 0.00 mbps / 0.00 mbps T: 0.00 mbps
[INFO][2026-07-21 09:21:57][appmon-1761033662-main-4dfe916-dirty-4dfe916-M][2136] Network activity (eth1) SMDA: 0.00 mbps / 0.00 mbps / 0.01 mbps / 0.01 mbps T: 0.01 mbps
[INFO][2026-07-21 09:21:57][appmon-1761033662-main-4dfe916-dirty-4dfe916-M][2136] Disk activity (Total Disk) SMDA: 0.14 mbps / 0.28 mbps / 0.33 mbps / 4.68 mbps T: 0.16 mbps
[INFO][2026-07-21 09:21:57][appmon-1761033662-main-4dfe916-dirty-4dfe916-M][2136] CPU activity (CPU) SMA: 0.84 % / 1.26 % / 1.75 % / 1.69 % T: 1.76 %
[INFO][2026-07-21 09:21:57][appmon-1761033662-main-4dfe916-dirty-4dfe916-M][2136] /usr/sbin/ntpd waiting for kill zombie process [ 7981 ]
[INFO][2026-07-21 09:21:57][appmon-1761033662-main-4dfe916-dirty-4dfe916-M][2136] /usr/sbin/ntpd cleaned zombie process [ 7981 ] — not signal-terminated
[INFO][2026-07-21 09:21:57][appmon-1761033662-main-4dfe916-dirty-4dfe916-M][2136] [ ntpserver : 7991 ][ /usr/sbin/ntpd ] re-spawned!
[INFO][2026-07-21 09:21:58][appmon-1761033662-main-4dfe916-dirty-4dfe916-M][2136] /usr/sbin/ntpd waiting for kill zombie process [ 7991 ]
[INFO][2026-07-21 09:21:58][appmon-1761033662-main-4dfe916-dirty-4dfe916-M][2136] /usr/sbin/ntpd cleaned zombie process [ 7991 ] — not signal-terminated
[INFO][2026-07-21 09:21:58][appmon-1761033662-main-4dfe916-dirty-4dfe916-M][2136] [ ntpserver : 7994 ][ /usr/sbin/ntpd ] re-spawned!
[INFO][2026-07-21 09:21:59][appmon-1761033662-main-4dfe916-dirty-4dfe916-M][2136] /usr/sbin/ntpd waiting for kill zombie process [ 7994 ]
[INFO][2026-07-21 09:21:59][appmon-1761033662-main-4dfe916-dirty-4dfe916-M][2136] /usr/sbin/ntpd cleaned zombie process [ 7994 ] — not signal-terminated
[INFO][2026-07-21 09:21:59][appmon-1761033662-main-4dfe916-dirty-4dfe916-M][2136] [ ntpserver : 8004 ][ /usr/sbin/ntpd ] re-spawned!
[INFO][2026-07-21 09:21:59][appmon-1761033662-main-4dfe916-dirty-4dfe916-M][2136] /usr/sbin/ntpd waiting for kill zombie process [ 8004 ]
[INFO][2026-07-21 09:21:59][appmon-1761033662-main-4dfe916-dirty-4dfe916-M][2136] /usr/sbin/ntpd cleaned zombie process [ 8004 ] — not signal-terminated
[INFO][2026-07-21 09:22:00][appmon-1761033662-main-4dfe916-dirty-4dfe916-M][2136] [ ntpserver : 8014 ][ /usr/sbin/ntpd ] re-spawned!
[INFO][2026-07-21 09:22:00][appmon-1761033662-main-4dfe916-dirty-4dfe916-M][2136] /usr/sbin/ntpd waiting for kill zombie process [ 8014 ]
[INFO][2026-07-21 09:22:00][appmon-1761033662-main-4dfe916-dirty-4dfe916-M][2136] /usr/sbin/ntpd cleaned zombie process [ 8014 ] — not signal-terminated
[INFO][2026-07-21 09:22:01][appmon-1761033662-main-4dfe916-dirty-4dfe916-M][2136] [ ntpserver : 8024 ][ /usr/sbin/ntpd ] re-spawned!
[INFO][2026-07-21 09:22:01][appmon-1761033662-main-4dfe916-dirty-4dfe916-M][2136] /usr/sbin/ntpd waiting for kill zombie process [ 8024 ]
[INFO][2026-07-21 09:22:01][appmon-1761033662-main-4dfe916-dirty-4dfe916-M][2136] /usr/sbin/ntpd cleaned zombie process [ 8024 ] — not signal-terminated
[INFO][2026-07-21 09:22:02][appmon-1761033662-main-4dfe916-dirty-4dfe916-M][2136] [ ntpserver : 8034 ][ /usr/sbin/ntpd ] re-spawned!
[INFO][2026-07-21 09:22:02][appmon-1761033662-main-4dfe916-dirty-4dfe916-M][2136] /usr/sbin/ntpd waiting for kill zombie process [ 8034 ]
[INFO][2026-07-21 09:22:02][appmon-1761033662-main-4dfe916-dirty-4dfe916-M][2136] /usr/sbin/ntpd cleaned zombie process [ 8034 ] — not signal-terminated
[INFO][2026-07-21 09:22:03][appmon-1761033662-main-4dfe916-dirty-4dfe916-M][2136] [ ntpserver : 8044 ][ /usr/sbin/ntpd ] re-spawned!
[INFO][2026-07-21 09:22:03][appmon-1761033662-main-4dfe916-dirty-4dfe916-M][2136] /usr/sbin/ntpd waiting for kill zombie process [ 8044 ]
[INFO][2026-07-21 09:22:03][appmon-1761033662-main-4dfe916-dirty-4dfe916-M][2136] /usr/sbin/ntpd cleaned zombie process [ 8044 ] — not signal-terminated
[INFO][2026-07-21 09:22:04][appmon-1761033662-main-4dfe916-dirty-4dfe916-M][2136] [ ntpserver : 8054 ][ /usr/sbin/ntpd ] re-spawned!
[INFO][2026-07-21 09:22:04][appmon-1761033662-main-4dfe916-dirty-4dfe916-M][2136] /usr/sbin/ntpd waiting for kill zombie process [ 8054 ]
[INFO][2026-07-21 09:22:04][appmon-1761033662-main-4dfe916-dirty-4dfe916-M][2136] /usr/sbin/ntpd cleaned zombie process [ 8054 ] — not signal-terminated
[INFO][2026-07-21 09:22:04][appmon-1761033662-main-4dfe916-dirty-4dfe916-M][2136] [ ntpserver : 8064 ][ /usr/sbin/ntpd ] re-spawned!
[INFO][2026-07-21 09:22:05][appmon-1761033662-main-4dfe916-dirty-4dfe916-M][2136] /usr/sbin/ntpd waiting for kill zombie process [ 8064 ]
[INFO][2026-07-21 09:22:05][appmon-1761033662-main-4dfe916-dirty-4dfe916-M][2136] /usr/sbin/ntpd cleaned zombie process [ 8064 ] — not signal-terminated
[INFO][2026-07-21 09:22:05][appmon-1761033662-main-4dfe916-dirty-4dfe916-M][2136] [ ntpserver : 8067 ][ /usr/sbin/ntpd ] re-spawned!
[INFO][2026-07-21 09:22:06][appmon-1761033662-main-4dfe916-dirty-4dfe916-M][2136] /usr/sbin/ntpd waiting for kill zombie process [ 8067 ]
[INFO][2026-07-21 09:22:06][appmon-1761033662-main-4dfe916-dirty-4dfe916-M][2136] /usr/sbin/ntpd cleaned zombie process [ 8067 ] — not signal-terminated
[INFO][2026-07-21 09:22:06][appmon-1761033662-main-4dfe916-dirty-4dfe916-M][2136] [ ntpserver : 8077 ][ /usr/sbin/ntpd ] re-spawned!
[INFO][2026-07-21 09:22:07][appmon-1761033662-main-4dfe916-dirty-4dfe916-M][2136] /usr/sbin/ntpd waiting for kill zombie process [ 8077 ]
[INFO][2026-07-21 09:22:07][appmon-1761033662-main-4dfe916-dirty-4dfe916-M][2136] /usr/sbin/ntpd cleaned zombie process [ 8077 ] — not signal-terminated
[INFO][2026-07-21 09:22:07][appmon-1761033662-main-4dfe916-dirty-4dfe916-M][2136] Network activity (eth0) SMDA: 0.00 mbps / 0.00 mbps / 0.00 mbps / 0.00 mbps T: 0.00 mbps
[INFO][2026-07-21 09:22:07][appmon-1761033662-main-4dfe916-dirty-4dfe916-M][2136] Network activity (eth1) SMDA: 0.01 mbps / 0.00 mbps / 0.01 mbps / 0.01 mbps T: 0.01 mbps
[INFO][2026-07-21 09:22:07][appmon-1761033662-main-4dfe916-dirty-4dfe916-M][2136] Disk activity (Total Disk) SMDA: 0.16 mbps / 0.34 mbps / 0.35 mbps / 4.01 mbps T: 0.16 mbps
[INFO][2026-07-21 09:22:07][appmon-1761033662-main-4dfe916-dirty-4dfe916-M][2136] CPU activity (CPU) SMA: 0.83 % / 0.56 % / 1.25 % / 1.67 % T: 1.73 %
[INFO][2026-07-21 09:22:07][appmon-1761033662-main-4dfe916-dirty-4dfe916-M][2136] [ ntpserver : 8087 ][ /usr/sbin/ntpd ] re-spawned!
[INFO][2026-07-21 09:22:08][appmon-1761033662-main-4dfe916-dirty-4dfe916-M][2136] /usr/sbin/ntpd waiting for kill zombie process [ 8087 ]
[INFO][2026-07-21 09:22:08][appmon-1761033662-main-4dfe916-dirty-4dfe916-M][2136] /usr/sbin/ntpd cleaned zombie process [ 8087 ] — not signal-terminated
[INFO][2026-07-21 09:22:08][appmon-1761033662-main-4dfe916-dirty-4dfe916-M][2136] [ ntpserver : 8097 ][ /usr/sbin/ntpd ] re-spawned!
[INFO][2026-07-21 09:22:09][appmon-1761033662-main-4dfe916-dirty-4dfe916-M][2136] /usr/sbin/ntpd waiting for kill zombie process [ 8097 ]
[INFO][2026-07-21 09:22:09][appmon-1761033662-main-4dfe916-dirty-4dfe916-M][2136] /usr/sbin/ntpd cleaned zombie process [ 8097 ] — not signal-terminated
[INFO][2026-07-21 09:22:09][appmon-1761033662-main-4dfe916-dirty-4dfe916-M][2136] [ ntpserver : 8107 ][ /usr/sbin/ntpd ] re-spawned!
[INFO][2026-07-21 09:22:09][appmon-1761033662-main-4dfe916-dirty-4dfe916-M][2136] /usr/sbin/ntpd waiting for kill zombie process [ 8107 ]
[INFO][2026-07-21 09:22:09][appmon-1761033662-main-4dfe916-dirty-4dfe916-M][2136] /usr/sbin/ntpd cleaned zombie process [ 8107 ] — not signal-terminated
[INFO][2026-07-21 09:22:10][appmon-1761033662-main-4dfe916-dirty-4dfe916-M][2136] [ ntpserver : 8117 ][ /usr/sbin/ntpd ] re-spawned!
[INFO][2026-07-21 09:22:10][appmon-1761033662-main-4dfe916-dirty-4dfe916-M][2136] /usr/sbin/ntpd waiting for kill zombie process [ 8117 ]
[INFO][2026-07-21 09:22:10][appmon-1761033662-main-4dfe916-dirty-4dfe916-M][2136] /usr/sbin/ntpd cleaned zombie process [ 8117 ] — not signal-terminated
[INFO][2026-07-21 09:22:11][appmon-1761033662-main-4dfe916-dirty-4dfe916-M][2136] [ ntpserver : 8127 ][ /usr/sbin/ntpd ] re-spawned!
[INFO][2026-07-21 09:22:11][appmon-1761033662-main-4dfe916-dirty-4dfe916-M][2136] /usr/sbin/ntpd waiting for kill zombie process [ 8127 ]
[INFO][2026-07-21 09:22:11][appmon-1761033662-main-4dfe916-dirty-4dfe916-M][2136] /usr/sbin/ntpd cleaned zombie process [ 8127 ] — not signal-terminated
[INFO][2026-07-21 09:22:12][appmon-1761033662-main-4dfe916-dirty-4dfe916-M][2136] [ ntpserver : 8137 ][ /usr/sbin/ntpd ] re-spawned!
[INFO][2026-07-21 09:22:12][appmon-1761033662-main-4dfe916-dirty-4dfe916-M][2136] /usr/sbin/ntpd waiting for kill zombie process [ 8137 ]
[INFO][2026-07-21 09:22:12][appmon-1761033662-main-4dfe916-dirty-4dfe916-M][2136] /usr/sbin/ntpd cleaned zombie process [ 8137 ] — not signal-terminated
[INFO][2026-07-21 09:22:13][appmon-1761033662-main-4dfe916-dirty-4dfe916-M][2136] [ ntpserver : 8147 ][ /usr/sbin/ntpd ] re-spawned!
[INFO][2026-07-21 09:22:13][appmon-1761033662-main-4dfe916-dirty-4dfe916-M][2136] /usr/sbin/ntpd waiting for kill zombie process [ 8147 ]
[INFO][2026-07-21 09:22:13][appmon-1761033662-main-4dfe916-dirty-4dfe916-M][2136] /usr/sbin/ntpd cleaned zombie process [ 8147 ] — not signal-terminated
[INFO][2026-07-21 09:22:14][appmon-1761033662-main-4dfe916-dirty-4dfe916-M][2136] [ ntpserver : 8162 ][ /usr/sbin/ntpd ] re-spawned!
[INFO][2026-07-21 09:22:14][appmon-1761033662-main-4dfe916-dirty-4dfe916-M][2136] /usr/sbin/ntpd waiting for kill zombie process [ 8162 ]
[INFO][2026-07-21 09:22:14][appmon-1761033662-main-4dfe916-dirty-4dfe916-M][2136] /usr/sbin/ntpd cleaned zombie process [ 8162 ] — not signal-terminated
[INFO][2026-07-21 09:22:14][appmon-1761033662-main-4dfe916-dirty-4dfe916-M][2136] [ ntpserver : 8181 ][ /usr/sbin/ntpd ] re-spawned!
[INFO][2026-07-21 09:22:15][appmon-1761033662-main-4dfe916-dirty-4dfe916-M][2136] /usr/sbin/ntpd waiting for kill zombie process [ 8181 ]
[INFO][2026-07-21 09:22:15][appmon-1761033662-main-4dfe916-dirty-4dfe916-M][2136] /usr/sbin/ntpd cleaned zombie process [ 8181 ] — not signal-terminated
[INFO][2026-07-21 09:22:15][appmon-1761033662-main-4dfe916-dirty-4dfe916-M][2136] [ ntpserver : 8191 ][ /usr/sbin/ntpd ] re-spawned!
[INFO][2026-07-21 09:22:16][appmon-1761033662-main-4dfe916-dirty-4dfe916-M][2136] /usr/sbin/ntpd waiting for kill zombie process [ 8191 ]
[INFO][2026-07-21 09:22:16][appmon-1761033662-main-4dfe916-dirty-4dfe916-M][2136] /usr/sbin/ntpd cleaned zombie process [ 8191 ] — not signal-terminated
[INFO][2026-07-21 09:22:16][appmon-1761033662-main-4dfe916-dirty-4dfe916-M][2136] [ ntpserver : 8201 ][ /usr/sbin/ntpd ] re-spawned!
[INFO][2026-07-21 09:22:17][appmon-1761033662-main-4dfe916-dirty-4dfe916-M][2136] /usr/sbin/ntpd waiting for kill zombie process [ 8201 ]
[INFO][2026-07-21 09:22:17][appmon-1761033662-main-4dfe916-dirty-4dfe916-M][2136] /usr/sbin/ntpd cleaned zombie process [ 8201 ] — not signal-terminated
[INFO][2026-07-21 09:22:17][appmon-1761033662-main-4dfe916-dirty-4dfe916-M][2136] Network activity (eth0) SMDA: 0.00 mbps / 0.00 mbps / 0.00 mbps / 0.00 mbps T: 0.00 mbps
[INFO][2026-07-21 09:22:17][appmon-1761033662-main-4dfe916-dirty-4dfe916-M][2136] Network activity (eth1) SMDA: 0.02 mbps / 0.01 mbps / 0.01 mbps / 0.01 mbps T: 0.01 mbps
[INFO][2026-07-21 09:22:17][appmon-1761033662-main-4dfe916-dirty-4dfe916-M][2136] Disk activity (Total Disk) SMDA: 0.47 mbps / 0.42 mbps / 0.36 mbps / 3.33 mbps T: 0.16 mbps
[INFO][2026-07-21 09:22:17][appmon-1761033662-main-4dfe916-dirty-4dfe916-M][2136] CPU activity (CPU) SMA: 0.63 % / 0.49 % / 1.03 % / 1.51 % T: 1.69 %
[INFO][2026-07-21 09:22:17][appmon-1761033662-main-4dfe916-dirty-4dfe916-M][2136] [ ntpserver : 8211 ][ /usr/sbin/ntpd ] re-spawned!
[INFO][2026-07-21 09:22:18][appmon-1761033662-main-4dfe916-dirty-4dfe916-M][2136] /usr/sbin/ntpd waiting for kill zombie process [ 8211 ]
[INFO][2026-07-21 09:22:18][appmon-1761033662-main-4dfe916-dirty-4dfe916-M][2136] /usr/sbin/ntpd cleaned zombie process [ 8211 ] — not signal-terminated
[INFO][2026-07-21 09:22:18][appmon-1761033662-main-4dfe916-dirty-4dfe916-M][2136] [ ntpserver : 8221 ][ /usr/sbin/ntpd ] re-spawned!
[INFO][2026-07-21 09:22:18][appmon-1761033662-main-4dfe916-dirty-4dfe916-M][2136] /usr/sbin/ntpd waiting for kill zombie process [ 8221 ]
[INFO][2026-07-21 09:22:18][appmon-1761033662-main-4dfe916-dirty-4dfe916-M][2136] /usr/sbin/ntpd cleaned zombie process [ 8221 ] — not signal-terminated
[INFO][2026-07-21 09:22:19][appmon-1761033662-main-4dfe916-dirty-4dfe916-M][2136] [ ntpserver : 8231 ][ /usr/sbin/ntpd ] re-spawned!
[INFO][2026-07-21 09:22:19][appmon-1761033662-main-4dfe916-dirty-4dfe916-M][2136] /usr/sbin/ntpd waiting for kill zombie process [ 8231 ]
[INFO][2026-07-21 09:22:19][appmon-1761033662-main-4dfe916-dirty-4dfe916-M][2136] /usr/sbin/ntpd cleaned zombie process [ 8231 ] — not signal-terminated
[INFO][2026-07-21 09:22:20][appmon-1761033662-main-4dfe916-dirty-4dfe916-M][2136] [ ntpserver : 8241 ][ /usr/sbin/ntpd ] re-spawned!
[INFO][2026-07-21 09:22:20][appmon-1761033662-main-4dfe916-dirty-4dfe916-M][2136] /usr/sbin/ntpd waiting for kill zombie process [ 8241 ]
[INFO][2026-07-21 09:22:20][appmon-1761033662-main-4dfe916-dirty-4dfe916-M][2136] /usr/sbin/ntpd cleaned zombie process [ 8241 ] — not signal-terminated
[INFO][2026-07-21 09:22:21][appmon-1761033662-main-4dfe916-dirty-4dfe916-M][2136] [ ntpserver : 8251 ][ /usr/sbin/ntpd ] re-spawned!
[INFO][2026-07-21 09:22:21][appmon-1761033662-main-4dfe916-dirty-4dfe916-M][2136] /usr/sbin/ntpd waiting for kill zombie process [ 8251 ]
[INFO][2026-07-21 09:22:21][appmon-1761033662-main-4dfe916-dirty-4dfe916-M][2136] /usr/sbin/ntpd cleaned zombie process [ 8251 ] — not signal-terminated
[INFO][2026-07-21 09:22:22][appmon-1761033662-main-4dfe916-dirty-4dfe916-M][2136] [ ntpserver : 8254 ][ /usr/sbin/ntpd ] re-spawned!
[INFO][2026-07-21 09:22:22][appmon-1761033662-main-4dfe916-dirty-4dfe916-M][2136] /usr/sbin/ntpd waiting for kill zombie process [ 8254 ]
[INFO][2026-07-21 09:22:22][appmon-1761033662-main-4dfe916-dirty-4dfe916-M][2136] /usr/sbin/ntpd cleaned zombie process [ 8254 ] — not signal-terminated
[INFO][2026-07-21 09:22:23][appmon-1761033662-main-4dfe916-dirty-4dfe916-M][2136] [ ntpserver : 8264 ][ /usr/sbin/ntpd ] re-spawned!
[INFO][2026-07-21 09:22:23][appmon-1761033662-main-4dfe916-dirty-4dfe916-M][2136] /usr/sbin/ntpd waiting for kill zombie process [ 8264 ]
[INFO][2026-07-21 09:22:23][appmon-1761033662-main-4dfe916-dirty-4dfe916-M][2136] /usr/sbin/ntpd cleaned zombie process [ 8264 ] — not signal-terminated
[INFO][2026-07-21 09:22:23][appmon-1761033662-main-4dfe916-dirty-4dfe916-M][2136] [ ntpserver : 8274 ][ /usr/sbin/ntpd ] re-spawned!
[INFO][2026-07-21 09:22:24][appmon-1761033662-main-4dfe916-dirty-4dfe916-M][2136] /usr/sbin/ntpd waiting for kill zombie process [ 8274 ]
[INFO][2026-07-21 09:22:24][appmon-1761033662-main-4dfe916-dirty-4dfe916-M][2136] /usr/sbin/ntpd cleaned zombie process [ 8274 ] — not signal-terminated
[INFO][2026-07-21 09:22:24][appmon-1761033662-main-4dfe916-dirty-4dfe916-M][2136] [ ntpserver : 8284 ][ /usr/sbin/ntpd ] re-spawned!
[INFO][2026-07-21 09:22:25][appmon-1761033662-main-4dfe916-dirty-4dfe916-M][2136] /usr/sbin/ntpd waiting for kill zombie process [ 8284 ]
[INFO][2026-07-21 09:22:25][appmon-1761033662-main-4dfe916-dirty-4dfe916-M][2136] /usr/sbin/ntpd cleaned zombie process [ 8284 ] — not signal-terminated
[INFO][2026-07-21 09:22:25][appmon-1761033662-main-4dfe916-dirty-4dfe916-M][2136] [ ntpserver : 8294 ][ /usr/sbin/ntpd ] re-spawned!
[INFO][2026-07-21 09:22:26][appmon-1761033662-main-4dfe916-dirty-4dfe916-M][2136] /usr/sbin/ntpd waiting for kill zombie process [ 8294 ]
[INFO][2026-07-21 09:22:26][appmon-1761033662-main-4dfe916-dirty-4dfe916-M][2136] /usr/sbin/ntpd cleaned zombie process [ 8294 ] — not signal-terminated
[INFO][2026-07-21 09:22:26][appmon-1761033662-main-4dfe916-dirty-4dfe916-M][2136] [ ntpserver : 8304 ][ /usr/sbin/ntpd ] re-spawned!
[INFO][2026-07-21 09:22:27][appmon-1761033662-main-4dfe916-dirty-4dfe916-M][2136] /usr/sbin/ntpd waiting for kill zombie process [ 8304 ]
[INFO][2026-07-21 09:22:27][appmon-1761033662-main-4dfe916-dirty-4dfe916-M][2136] /usr/sbin/ntpd cleaned zombie process [ 8304 ] — not signal-terminated
[INFO][2026-07-21 09:22:27][appmon-1761033662-main-4dfe916-dirty-4dfe916-M][2136] Network activity (eth0) SMDA: 0.00 mbps / 0.00 mbps / 0.00 mbps / 0.00 mbps T: 0.00 mbps
[INFO][2026-07-21 09:22:27][appmon-1761033662-main-4dfe916-dirty-4dfe916-M][2136] Network activity (eth1) SMDA: 0.02 mbps / 0.02 mbps / 0.01 mbps / 0.01 mbps T: 0.01 mbps
[INFO][2026-07-21 09:22:27][appmon-1761033662-main-4dfe916-dirty-4dfe916-M][2136] Disk activity (Total Disk) SMDA: 0.49 mbps / 0.38 mbps / 0.36 mbps / 2.66 mbps T: 0.16 mbps
[INFO][2026-07-21 09:22:27][appmon-1761033662-main-4dfe916-dirty-4dfe916-M][2136] CPU activity (CPU) SMA: 1.46 % / 0.70 % / 1.05 % / 1.39 % T: 1.68 %
[INFO][2026-07-21 09:22:27][appmon-1761033662-main-4dfe916-dirty-4dfe916-M][2136] [ ntpserver : 8314 ][ /usr/sbin/ntpd ] re-spawned!
[INFO][2026-07-21 09:22:27][appmon-1761033662-main-4dfe916-dirty-4dfe916-M][2136] /usr/sbin/ntpd waiting for kill zombie process [ 8314 ]
[INFO][2026-07-21 09:22:27][appmon-1761033662-main-4dfe916-dirty-4dfe916-M][2136] /usr/sbin/ntpd cleaned zombie process [ 8314 ] — not signal-terminated
[INFO][2026-07-21 09:22:28][appmon-1761033662-main-4dfe916-dirty-4dfe916-M][2136] [ ntpserver : 8324 ][ /usr/sbin/ntpd ] re-spawned!
[INFO][2026-07-21 09:22:28][appmon-1761033662-main-4dfe916-dirty-4dfe916-M][2136] /usr/sbin/ntpd waiting for kill zombie process [ 8324 ]
[INFO][2026-07-21 09:22:28][appmon-1761033662-main-4dfe916-dirty-4dfe916-M][2136] /usr/sbin/ntpd cleaned zombie process [ 8324 ] — not signal-terminated
[INFO][2026-07-21 09:22:29][appmon-1761033662-main-4dfe916-dirty-4dfe916-M][2136] [ ntpserver : 8327 ][ /usr/sbin/ntpd ] re-spawned!
[INFO][2026-07-21 09:22:29][appmon-1761033662-main-4dfe916-dirty-4dfe916-M][2136] /usr/sbin/ntpd waiting for kill zombie process [ 8327 ]
[INFO][2026-07-21 09:22:29][appmon-1761033662-main-4dfe916-dirty-4dfe916-M][2136] /usr/sbin/ntpd cleaned zombie process [ 8327 ] — not signal-terminated
[INFO][2026-07-21 09:22:30][appmon-1761033662-main-4dfe916-dirty-4dfe916-M][2136] [ ntpserver : 8337 ][ /usr/sbin/ntpd ] re-spawned!
[INFO][2026-07-21 09:22:30][appmon-1761033662-main-4dfe916-dirty-4dfe916-M][2136] /usr/sbin/ntpd waiting for kill zombie process [ 8337 ]
[INFO][2026-07-21 09:22:30][appmon-1761033662-main-4dfe916-dirty-4dfe916-M][2136] /usr/sbin/ntpd cleaned zombie process [ 8337 ] — not signal-terminated
[INFO][2026-07-21 09:22:31][appmon-1761033662-main-4dfe916-dirty-4dfe916-M][2136] [ ntpserver : 8347 ][ /usr/sbin/ntpd ] re-spawned!
[INFO][2026-07-21 09:22:31][appmon-1761033662-main-4dfe916-dirty-4dfe916-M][2136] /usr/sbin/ntpd waiting for kill zombie process [ 8347 ]
[INFO][2026-07-21 09:22:31][appmon-1761033662-main-4dfe916-dirty-4dfe916-M][2136] /usr/sbin/ntpd cleaned zombie process [ 8347 ] — not signal-terminated
[INFO][2026-07-21 09:22:32][appmon-1761033662-main-4dfe916-dirty-4dfe916-M][2136] [ ntpserver : 8357 ][ /usr/sbin/ntpd ] re-spawned!
[INFO][2026-07-21 09:22:32][appmon-1761033662-main-4dfe916-dirty-4dfe916-M][2136] /usr/sbin/ntpd waiting for kill zombie process [ 8357 ]
[INFO][2026-07-21 09:22:32][appmon-1761033662-main-4dfe916-dirty-4dfe916-M][2136] /usr/sbin/ntpd cleaned zombie process [ 8357 ] — not signal-terminated
[INFO][2026-07-21 09:22:32][appmon-1761033662-main-4dfe916-dirty-4dfe916-M][2136] [ ntpserver : 8367 ][ /usr/sbin/ntpd ] re-spawned!
[INFO][2026-07-21 09:22:33][appmon-1761033662-main-4dfe916-dirty-4dfe916-M][2136] /usr/sbin/ntpd waiting for kill zombie process [ 8367 ]
[INFO][2026-07-21 09:22:33][appmon-1761033662-main-4dfe916-dirty-4dfe916-M][2136] /usr/sbin/ntpd cleaned zombie process [ 8367 ] — not signal-terminated
[INFO][2026-07-21 09:22:33][appmon-1761033662-main-4dfe916-dirty-4dfe916-M][2136] [ ntpserver : 8377 ][ /usr/sbin/ntpd ] re-spawned!
[INFO][2026-07-21 09:22:34][appmon-1761033662-main-4dfe916-dirty-4dfe916-M][2136] /usr/sbin/ntpd waiting for kill zombie process [ 8377 ]
[INFO][2026-07-21 09:22:34][appmon-1761033662-main-4dfe916-dirty-4dfe916-M][2136] /usr/sbin/ntpd cleaned zombie process [ 8377 ] — not signal-terminated
[INFO][2026-07-21 09:22:34][appmon-1761033662-main-4dfe916-dirty-4dfe916-M][2136] [ ntpserver : 8387 ][ /usr/sbin/ntpd ] re-spawned!
[INFO][2026-07-21 09:22:35][appmon-1761033662-main-4dfe916-dirty-4dfe916-M][2136] /usr/sbin/ntpd waiting for kill zombie process [ 8387 ]
[INFO][2026-07-21 09:22:35][appmon-1761033662-main-4dfe916-dirty-4dfe916-M][2136] /usr/sbin/ntpd cleaned zombie process [ 8387 ] — not signal-terminated
[INFO][2026-07-21 09:22:35][appmon-1761033662-main-4dfe916-dirty-4dfe916-M][2136] [ ntpserver : 8397 ][ /usr/sbin/ntpd ] re-spawned!
[INFO][2026-07-21 09:22:36][appmon-1761033662-main-4dfe916-dirty-4dfe916-M][2136] /usr/sbin/ntpd waiting for kill zombie process [ 8397 ]
[INFO][2026-07-21 09:22:36][appmon-1761033662-main-4dfe916-dirty-4dfe916-M][2136] /usr/sbin/ntpd cleaned zombie process [ 8397 ] — not signal-terminated
[INFO][2026-07-21 09:22:36][appmon-1761033662-main-4dfe916-dirty-4dfe916-M][2136] [ ntpserver : 8407 ][ /usr/sbin/ntpd ] re-spawned!
[INFO][2026-07-21 09:22:36][appmon-1761033662-main-4dfe916-dirty-4dfe916-M][2136] /usr/sbin/ntpd waiting for kill zombie process [ 8407 ]
[INFO][2026-07-21 09:22:36][appmon-1761033662-main-4dfe916-dirty-4dfe916-M][2136] /usr/sbin/ntpd cleaned zombie process [ 8407 ] — not signal-terminated
[INFO][2026-07-21 09:22:37][appmon-1761033662-main-4dfe916-dirty-4dfe916-M][2136] Network activity (eth0) SMDA: 0.00 mbps / 0.00 mbps / 0.00 mbps / 0.00 mbps T: 0.00 mbps
[INFO][2026-07-21 09:22:37][appmon-1761033662-main-4dfe916-dirty-4dfe916-M][2136] Network activity (eth1) SMDA: 0.00 mbps / 0.02 mbps / 0.01 mbps / 0.01 mbps T: 0.01 mbps
[INFO][2026-07-21 09:22:37][appmon-1761033662-main-4dfe916-dirty-4dfe916-M][2136] Disk activity (Total Disk) SMDA: 0.15 mbps / 0.29 mbps / 0.33 mbps / 1.99 mbps T: 0.16 mbps
[INFO][2026-07-21 09:22:37][appmon-1761033662-main-4dfe916-dirty-4dfe916-M][2136] CPU activity (CPU) SMA: 2.08 % / 1.32 % / 1.10 % / 1.40 % T: 1.68 %
[INFO][2026-07-21 09:22:37][appmon-1761033662-main-4dfe916-dirty-4dfe916-M][2136] [ ntpserver : 8410 ][ /usr/sbin/ntpd ] re-spawned!
[INFO][2026-07-21 09:22:37][appmon-1761033662-main-4dfe916-dirty-4dfe916-M][2136] /usr/sbin/ntpd waiting for kill zombie process [ 8410 ]
[INFO][2026-07-21 09:22:37][appmon-1761033662-main-4dfe916-dirty-4dfe916-M][2136] /usr/sbin/ntpd cleaned zombie process [ 8410 ] — not signal-terminated
[INFO][2026-07-21 09:22:38][appmon-1761033662-main-4dfe916-dirty-4dfe916-M][2136] [ ntpserver : 8420 ][ /usr/sbin/ntpd ] re-spawned!
[INFO][2026-07-21 09:22:38][appmon-1761033662-main-4dfe916-dirty-4dfe916-M][2136] /usr/sbin/ntpd waiting for kill zombie process [ 8420 ]
[INFO][2026-07-21 09:22:38][appmon-1761033662-main-4dfe916-dirty-4dfe916-M][2136] /usr/sbin/ntpd cleaned zombie process [ 8420 ] — not signal-terminated
[INFO][2026-07-21 09:22:39][appmon-1761033662-main-4dfe916-dirty-4dfe916-M][2136] [ ntpserver : 8430 ][ /usr/sbin/ntpd ] re-spawned!
[INFO][2026-07-21 09:22:39][appmon-1761033662-main-4dfe916-dirty-4dfe916-M][2136] /usr/sbin/ntpd waiting for kill zombie process [ 8430 ]
[INFO][2026-07-21 09:22:39][appmon-1761033662-main-4dfe916-dirty-4dfe916-M][2136] /usr/sbin/ntpd cleaned zombie process [ 8430 ] — not signal-terminated
[INFO][2026-07-21 09:22:40][appmon-1761033662-main-4dfe916-dirty-4dfe916-M][2136] [ ntpserver : 8440 ][ /usr/sbin/ntpd ] re-spawned!
[INFO][2026-07-21 09:22:40][appmon-1761033662-main-4dfe916-dirty-4dfe916-M][2136] /usr/sbin/ntpd waiting for kill zombie process [ 8440 ]
[INFO][2026-07-21 09:22:40][appmon-1761033662-main-4dfe916-dirty-4dfe916-M][2136] /usr/sbin/ntpd cleaned zombie process [ 8440 ] — not signal-terminated
[INFO][2026-07-21 09:22:41][appmon-1761033662-main-4dfe916-dirty-4dfe916-M][2136] [ ntpserver : 8450 ][ /usr/sbin/ntpd ] re-spawned!
[INFO][2026-07-21 09:22:41][appmon-1761033662-main-4dfe916-dirty-4dfe916-M][2136] /usr/sbin/ntpd waiting for kill zombie process [ 8450 ]
[INFO][2026-07-21 09:22:41][appmon-1761033662-main-4dfe916-dirty-4dfe916-M][2136] /usr/sbin/ntpd cleaned zombie process [ 8450 ] — not signal-terminated
[INFO][2026-07-21 09:22:41][appmon-1761033662-main-4dfe916-dirty-4dfe916-M][2136] [ ntpserver : 8460 ][ /usr/sbin/ntpd ] re-spawned!
[INFO][2026-07-21 09:22:42][appmon-1761033662-main-4dfe916-dirty-4dfe916-M][2136] /usr/sbin/ntpd waiting for kill zombie process [ 8460 ]
[INFO][2026-07-21 09:22:42][appmon-1761033662-main-4dfe916-dirty-4dfe916-M][2136] /usr/sbin/ntpd cleaned zombie process [ 8460 ] — not signal-terminated
[INFO][2026-07-21 09:22:42][appmon-1761033662-main-4dfe916-dirty-4dfe916-M][2136] [ ntpserver : 8470 ][ /usr/sbin/ntpd ] re-spawned!
[INFO][2026-07-21 09:22:43][appmon-1761033662-main-4dfe916-dirty-4dfe916-M][2136] /usr/sbin/ntpd waiting for kill zombie process [ 8470 ]
[INFO][2026-07-21 09:22:43][appmon-1761033662-main-4dfe916-dirty-4dfe916-M][2136] /usr/sbin/ntpd cleaned zombie process [ 8470 ] — not signal-terminated
[INFO][2026-07-21 09:22:43][appmon-1761033662-main-4dfe916-dirty-4dfe916-M][2136] [ ntpserver : 8480 ][ /usr/sbin/ntpd ] re-spawned!
[INFO][2026-07-21 09:22:44][appmon-1761033662-main-4dfe916-dirty-4dfe916-M][2136] /usr/sbin/ntpd waiting for kill zombie process [ 8480 ]
[INFO][2026-07-21 09:22:44][appmon-1761033662-main-4dfe916-dirty-4dfe916-M][2136] /usr/sbin/ntpd cleaned zombie process [ 8480 ] — not signal-terminated
[INFO][2026-07-21 09:22:44][appmon-1761033662-main-4dfe916-dirty-4dfe916-M][2136] [ ntpserver : 8511 ][ /usr/sbin/ntpd ] re-spawned!
[INFO][2026-07-21 09:22:45][appmon-1761033662-main-4dfe916-dirty-4dfe916-M][2136] /usr/sbin/ntpd waiting for kill zombie process [ 8511 ]
[INFO][2026-07-21 09:22:45][appmon-1761033662-main-4dfe916-dirty-4dfe916-M][2136] /usr/sbin/ntpd cleaned zombie process [ 8511 ] — not signal-terminated
[INFO][2026-07-21 09:22:45][appmon-1761033662-main-4dfe916-dirty-4dfe916-M][2136] [ ntpserver : 8514 ][ /usr/sbin/ntpd ] re-spawned!
[INFO][2026-07-21 09:22:45][appmon-1761033662-main-4dfe916-dirty-4dfe916-M][2136] /usr/sbin/ntpd waiting for kill zombie process [ 8514 ]
[INFO][2026-07-21 09:22:45][appmon-1761033662-main-4dfe916-dirty-4dfe916-M][2136] /usr/sbin/ntpd cleaned zombie process [ 8514 ] — not signal-terminated
[INFO][2026-07-21 09:22:46][appmon-1761033662-main-4dfe916-dirty-4dfe916-M][2136] [ ntpserver : 8524 ][ /usr/sbin/ntpd ] re-spawned!
[INFO][2026-07-21 09:22:46][appmon-1761033662-main-4dfe916-dirty-4dfe916-M][2136] /usr/sbin/ntpd waiting for kill zombie process [ 8524 ]
[INFO][2026-07-21 09:22:46][appmon-1761033662-main-4dfe916-dirty-4dfe916-M][2136] /usr/sbin/ntpd cleaned zombie process [ 8524 ] — not signal-terminated
[INFO][2026-07-21 09:22:47][appmon-1761033662-main-4dfe916-dirty-4dfe916-M][2136] Network activity (eth0) SMDA: 0.00 mbps / 0.00 mbps / 0.00 mbps / 0.00 mbps T: 0.00 mbps
[INFO][2026-07-21 09:22:47][appmon-1761033662-main-4dfe916-dirty-4dfe916-M][2136] Network activity (eth1) SMDA: 0.01 mbps / 0.00 mbps / 0.01 mbps / 0.01 mbps T: 0.01 mbps
[INFO][2026-07-21 09:22:47][appmon-1761033662-main-4dfe916-dirty-4dfe916-M][2136] Disk activity (Total Disk) SMDA: 0.41 mbps / 0.39 mbps / 0.37 mbps / 1.32 mbps T: 0.16 mbps
[INFO][2026-07-21 09:22:47][appmon-1761033662-main-4dfe916-dirty-4dfe916-M][2136] CPU activity (CPU) SMA: 0.21 % / 1.04 % / 0.78 % / 1.35 % T: 1.65 %
[INFO][2026-07-21 09:22:47][appmon-1761033662-main-4dfe916-dirty-4dfe916-M][2136] [ ntpserver : 8534 ][ /usr/sbin/ntpd ] re-spawned!
[INFO][2026-07-21 09:22:47][appmon-1761033662-main-4dfe916-dirty-4dfe916-M][2136] /usr/sbin/ntpd waiting for kill zombie process [ 8534 ]
[INFO][2026-07-21 09:22:47][appmon-1761033662-main-4dfe916-dirty-4dfe916-M][2136] /usr/sbin/ntpd cleaned zombie process [ 8534 ] — not signal-terminated
[INFO][2026-07-21 09:22:48][appmon-1761033662-main-4dfe916-dirty-4dfe916-M][2136] [ ntpserver : 8544 ][ /usr/sbin/ntpd ] re-spawned!
[INFO][2026-07-21 09:22:48][appmon-1761033662-main-4dfe916-dirty-4dfe916-M][2136] /usr/sbin/ntpd waiting for kill zombie process [ 8544 ]
[INFO][2026-07-21 09:22:48][appmon-1761033662-main-4dfe916-dirty-4dfe916-M][2136] /usr/sbin/ntpd cleaned zombie process [ 8544 ] — not signal-terminated
[INFO][2026-07-21 09:22:49][appmon-1761033662-main-4dfe916-dirty-4dfe916-M][2136] [ ntpserver : 8554 ][ /usr/sbin/ntpd ] re-spawned!
[INFO][2026-07-21 09:22:49][appmon-1761033662-main-4dfe916-dirty-4dfe916-M][2136] /usr/sbin/ntpd waiting for kill zombie process [ 8554 ]
[INFO][2026-07-21 09:22:49][appmon-1761033662-main-4dfe916-dirty-4dfe916-M][2136] /usr/sbin/ntpd cleaned zombie process [ 8554 ] — not signal-terminated
[INFO][2026-07-21 09:22:50][appmon-1761033662-main-4dfe916-dirty-4dfe916-M][2136] [ ntpserver : 8564 ][ /usr/sbin/ntpd ] re-spawned!
[INFO][2026-07-21 09:22:50][appmon-1761033662-main-4dfe916-dirty-4dfe916-M][2136] /usr/sbin/ntpd waiting for kill zombie process [ 8564 ]
[INFO][2026-07-21 09:22:50][appmon-1761033662-main-4dfe916-dirty-4dfe916-M][2136] /usr/sbin/ntpd cleaned zombie process [ 8564 ] — not signal-terminated
[INFO][2026-07-21 09:22:50][appmon-1761033662-main-4dfe916-dirty-4dfe916-M][2136] [ ntpserver : 8574 ][ /usr/sbin/ntpd ] re-spawned!
[INFO][2026-07-21 09:22:51][appmon-1761033662-main-4dfe916-dirty-4dfe916-M][2136] /usr/sbin/ntpd waiting for kill zombie process [ 8574 ]
[INFO][2026-07-21 09:22:51][appmon-1761033662-main-4dfe916-dirty-4dfe916-M][2136] /usr/sbin/ntpd cleaned zombie process [ 8574 ] — not signal-terminated
[INFO][2026-07-21 09:22:51][appmon-1761033662-main-4dfe916-dirty-4dfe916-M][2136] [ ntpserver : 8584 ][ /usr/sbin/ntpd ] re-spawned!
[INFO][2026-07-21 09:22:52][appmon-1761033662-main-4dfe916-dirty-4dfe916-M][2136] /usr/sbin/ntpd waiting for kill zombie process [ 8584 ]
[INFO][2026-07-21 09:22:52][appmon-1761033662-main-4dfe916-dirty-4dfe916-M][2136] /usr/sbin/ntpd cleaned zombie process [ 8584 ] — not signal-terminated
[INFO][2026-07-21 09:22:52][appmon-1761033662-main-4dfe916-dirty-4dfe916-M][2136] [ ntpserver : 8587 ][ /usr/sbin/ntpd ] re-spawned!
[INFO][2026-07-21 09:22:53][appmon-1761033662-main-4dfe916-dirty-4dfe916-M][2136] /usr/sbin/ntpd waiting for kill zombie process [ 8587 ]
[INFO][2026-07-21 09:22:53][appmon-1761033662-main-4dfe916-dirty-4dfe916-M][2136] /usr/sbin/ntpd cleaned zombie process [ 8587 ] — not signal-terminated
[INFO][2026-07-21 09:22:53][appmon-1761033662-main-4dfe916-dirty-4dfe916-M][2136] [ ntpserver : 8597 ][ /usr/sbin/ntpd ] re-spawned!
[INFO][2026-07-21 09:22:54][appmon-1761033662-main-4dfe916-dirty-4dfe916-M][2136] /usr/sbin/ntpd waiting for kill zombie process [ 8597 ]
[INFO][2026-07-21 09:22:54][appmon-1761033662-main-4dfe916-dirty-4dfe916-M][2136] /usr/sbin/ntpd cleaned zombie process [ 8597 ] — not signal-terminated
[INFO][2026-07-21 09:22:54][appmon-1761033662-main-4dfe916-dirty-4dfe916-M][2136] [ ntpserver : 8607 ][ /usr/sbin/ntpd ] re-spawned!
[INFO][2026-07-21 09:22:54][appmon-1761033662-main-4dfe916-dirty-4dfe916-M][2136] /usr/sbin/ntpd waiting for kill zombie process [ 8607 ]
[INFO][2026-07-21 09:22:54][appmon-1761033662-main-4dfe916-dirty-4dfe916-M][2136] /usr/sbin/ntpd cleaned zombie process [ 8607 ] — not signal-terminated
[INFO][2026-07-21 09:22:55][appmon-1761033662-main-4dfe916-dirty-4dfe916-M][2136] [ ntpserver : 8617 ][ /usr/sbin/ntpd ] re-spawned!
[INFO][2026-07-21 09:22:55][appmon-1761033662-main-4dfe916-dirty-4dfe916-M][2136] /usr/sbin/ntpd waiting for kill zombie process [ 8617 ]
[INFO][2026-07-21 09:22:55][appmon-1761033662-main-4dfe916-dirty-4dfe916-M][2136] /usr/sbin/ntpd cleaned zombie process [ 8617 ] — not signal-terminated
[INFO][2026-07-21 09:22:56][appmon-1761033662-main-4dfe916-dirty-4dfe916-M][2136] [ ntpserver : 8627 ][ /usr/sbin/ntpd ] re-spawned!
[INFO][2026-07-21 09:22:56][appmon-1761033662-main-4dfe916-dirty-4dfe916-M][2136] /usr/sbin/ntpd waiting for kill zombie process [ 8627 ]
[INFO][2026-07-21 09:22:56][appmon-1761033662-main-4dfe916-dirty-4dfe916-M][2136] /usr/sbin/ntpd cleaned zombie process [ 8627 ] — not signal-terminated
[INFO][2026-07-21 09:22:57][appmon-1761033662-main-4dfe916-dirty-4dfe916-M][2136] Network activity (eth0) SMDA: 0.00 mbps / 0.00 mbps / 0.00 mbps / 0.00 mbps T: 0.00 mbps
[INFO][2026-07-21 09:22:57][appmon-1761033662-main-4dfe916-dirty-4dfe916-M][2136] Network activity (eth1) SMDA: 0.00 mbps / 0.00 mbps / 0.01 mbps / 0.01 mbps T: 0.01 mbps
[INFO][2026-07-21 09:22:57][appmon-1761033662-main-4dfe916-dirty-4dfe916-M][2136] Disk activity (Total Disk) SMDA: 0.10 mbps / 0.37 mbps / 0.36 mbps / 0.59 mbps T: 0.16 mbps
[INFO][2026-07-21 09:22:57][appmon-1761033662-main-4dfe916-dirty-4dfe916-M][2136] CPU activity (CPU) SMA: 2.30 % / 1.18 % / 1.08 % / 1.38 % T: 1.67 %
[INFO][2026-07-21 09:22:57][appmon-1761033662-main-4dfe916-dirty-4dfe916-M][2136] [ ntpserver : 8637 ][ /usr/sbin/ntpd ] re-spawned!
[INFO][2026-07-21 09:22:57][appmon-1761033662-main-4dfe916-dirty-4dfe916-M][2136] /usr/sbin/ntpd waiting for kill zombie process [ 8637 ]
[INFO][2026-07-21 09:22:57][appmon-1761033662-main-4dfe916-dirty-4dfe916-M][2136] /usr/sbin/ntpd cleaned zombie process [ 8637 ] — not signal-terminated
[INFO][2026-07-21 09:22:58][appmon-1761033662-main-4dfe916-dirty-4dfe916-M][2136] [ ntpserver : 8647 ][ /usr/sbin/ntpd ] re-spawned!
[INFO][2026-07-21 09:22:58][appmon-1761033662-main-4dfe916-dirty-4dfe916-M][2136] /usr/sbin/ntpd waiting for kill zombie process [ 8647 ]
[INFO][2026-07-21 09:22:58][appmon-1761033662-main-4dfe916-dirty-4dfe916-M][2136] /usr/sbin/ntpd cleaned zombie process [ 8647 ] — not signal-terminated
[INFO][2026-07-21 09:22:59][appmon-1761033662-main-4dfe916-dirty-4dfe916-M][2136] [ ntpserver : 8657 ][ /usr/sbin/ntpd ] re-spawned!
[INFO][2026-07-21 09:22:59][appmon-1761033662-main-4dfe916-dirty-4dfe916-M][2136] /usr/sbin/ntpd waiting for kill zombie process [ 8657 ]
[INFO][2026-07-21 09:22:59][appmon-1761033662-main-4dfe916-dirty-4dfe916-M][2136] /usr/sbin/ntpd cleaned zombie process [ 8657 ] — not signal-terminated
[INFO][2026-07-21 09:23:00][appmon-1761033662-main-4dfe916-dirty-4dfe916-M][2136] [ ntpserver : 8667 ][ /usr/sbin/ntpd ] re-spawned!
[INFO][2026-07-21 09:23:00][appmon-1761033662-main-4dfe916-dirty-4dfe916-M][2136] /usr/sbin/ntpd waiting for kill zombie process [ 8667 ]
[INFO][2026-07-21 09:23:00][appmon-1761033662-main-4dfe916-dirty-4dfe916-M][2136] /usr/sbin/ntpd cleaned zombie process [ 8667 ] — not signal-terminated
[INFO][2026-07-21 09:23:00][appmon-1761033662-main-4dfe916-dirty-4dfe916-M][2136] [ ntpserver : 8670 ][ /usr/sbin/ntpd ] re-spawned!
[INFO][2026-07-21 09:23:01][appmon-1761033662-main-4dfe916-dirty-4dfe916-M][2136] /usr/sbin/ntpd waiting for kill zombie process [ 8670 ]
[INFO][2026-07-21 09:23:01][appmon-1761033662-main-4dfe916-dirty-4dfe916-M][2136] /usr/sbin/ntpd cleaned zombie process [ 8670 ] — not signal-terminated
[INFO][2026-07-21 09:23:01][appmon-1761033662-main-4dfe916-dirty-4dfe916-M][2136] [ ntpserver : 8681 ][ /usr/sbin/ntpd ] re-spawned!
[INFO][2026-07-21 09:23:02][appmon-1761033662-main-4dfe916-dirty-4dfe916-M][2136] /usr/sbin/ntpd waiting for kill zombie process [ 8681 ]
[INFO][2026-07-21 09:23:02][appmon-1761033662-main-4dfe916-dirty-4dfe916-M][2136] /usr/sbin/ntpd cleaned zombie process [ 8681 ] — not signal-terminated
[INFO][2026-07-21 09:23:02][appmon-1761033662-main-4dfe916-dirty-4dfe916-M][2136] [ ntpserver : 8691 ][ /usr/sbin/ntpd ] re-spawned!
[INFO][2026-07-21 09:23:03][appmon-1761033662-main-4dfe916-dirty-4dfe916-M][2136] /usr/sbin/ntpd waiting for kill zombie process [ 8691 ]
[INFO][2026-07-21 09:23:03][appmon-1761033662-main-4dfe916-dirty-4dfe916-M][2136] /usr/sbin/ntpd cleaned zombie process [ 8691 ] — not signal-terminated
[INFO][2026-07-21 09:23:03][appmon-1761033662-main-4dfe916-dirty-4dfe916-M][2136] [ ntpserver : 8701 ][ /usr/sbin/ntpd ] re-spawned!
[INFO][2026-07-21 09:23:04][appmon-1761033662-main-4dfe916-dirty-4dfe916-M][2136] /usr/sbin/ntpd waiting for kill zombie process [ 8701 ]
[INFO][2026-07-21 09:23:04][appmon-1761033662-main-4dfe916-dirty-4dfe916-M][2136] /usr/sbin/ntpd cleaned zombie process [ 8701 ] — not signal-terminated
[INFO][2026-07-21 09:23:04][appmon-1761033662-main-4dfe916-dirty-4dfe916-M][2136] [ ntpserver : 8711 ][ /usr/sbin/ntpd ] re-spawned!
[INFO][2026-07-21 09:23:04][appmon-1761033662-main-4dfe916-dirty-4dfe916-M][2136] /usr/sbin/ntpd waiting for kill zombie process [ 8711 ]
[INFO][2026-07-21 09:23:04][appmon-1761033662-main-4dfe916-dirty-4dfe916-M][2136] /usr/sbin/ntpd cleaned zombie process [ 8711 ] — not signal-terminated
[INFO][2026-07-21 09:23:05][appmon-1761033662-main-4dfe916-dirty-4dfe916-M][2136] [ ntpserver : 8721 ][ /usr/sbin/ntpd ] re-spawned!
[INFO][2026-07-21 09:23:05][appmon-1761033662-main-4dfe916-dirty-4dfe916-M][2136] /usr/sbin/ntpd waiting for kill zombie process [ 8721 ]
[INFO][2026-07-21 09:23:05][appmon-1761033662-main-4dfe916-dirty-4dfe916-M][2136] /usr/sbin/ntpd cleaned zombie process [ 8721 ] — not signal-terminated
[INFO][2026-07-21 09:23:06][appmon-1761033662-main-4dfe916-dirty-4dfe916-M][2136] [ ntpserver : 8731 ][ /usr/sbin/ntpd ] re-spawned!
[INFO][2026-07-21 09:23:06][appmon-1761033662-main-4dfe916-dirty-4dfe916-M][2136] /usr/sbin/ntpd waiting for kill zombie process [ 8731 ]
[INFO][2026-07-21 09:23:06][appmon-1761033662-main-4dfe916-dirty-4dfe916-M][2136] /usr/sbin/ntpd cleaned zombie process [ 8731 ] — not signal-terminated
[INFO][2026-07-21 09:23:07][appmon-1761033662-main-4dfe916-dirty-4dfe916-M][2136] [ ntpserver : 8741 ][ /usr/sbin/ntpd ] re-spawned!
[INFO][2026-07-21 09:23:07][appmon-1761033662-main-4dfe916-dirty-4dfe916-M][2136] Network activity (eth0) SMDA: 0.00 mbps / 0.00 mbps / 0.00 mbps / 0.00 mbps T: 0.00 mbps
[INFO][2026-07-21 09:23:07][appmon-1761033662-main-4dfe916-dirty-4dfe916-M][2136] Network activity (eth1) SMDA: 0.03 mbps / 0.01 mbps / 0.01 mbps / 0.01 mbps T: 0.01 mbps
[INFO][2026-07-21 09:23:07][appmon-1761033662-main-4dfe916-dirty-4dfe916-M][2136] Disk activity (Total Disk) SMDA: 0.57 mbps / 0.41 mbps / 0.39 mbps / 0.37 mbps T: 0.16 mbps
[INFO][2026-07-21 09:23:07][appmon-1761033662-main-4dfe916-dirty-4dfe916-M][2136] CPU activity (CPU) SMA: 0.83 % / 1.67 % / 1.18 % / 1.38 % T: 1.66 %
[INFO][2026-07-21 09:23:07][appmon-1761033662-main-4dfe916-dirty-4dfe916-M][2136] /usr/sbin/ntpd waiting for kill zombie process [ 8741 ]
[INFO][2026-07-21 09:23:07][appmon-1761033662-main-4dfe916-dirty-4dfe916-M][2136] /usr/sbin/ntpd cleaned zombie process [ 8741 ] — not signal-terminated
[INFO][2026-07-21 09:23:08][appmon-1761033662-main-4dfe916-dirty-4dfe916-M][2136] [ ntpserver : 8751 ][ /usr/sbin/ntpd ] re-spawned!
[INFO][2026-07-21 09:23:08][appmon-1761033662-main-4dfe916-dirty-4dfe916-M][2136] /usr/sbin/ntpd waiting for kill zombie process [ 8751 ]
[INFO][2026-07-21 09:23:08][appmon-1761033662-main-4dfe916-dirty-4dfe916-M][2136] /usr/sbin/ntpd cleaned zombie process [ 8751 ] — not signal-terminated
[INFO][2026-07-21 09:23:09][appmon-1761033662-main-4dfe916-dirty-4dfe916-M][2136] [ ntpserver : 8754 ][ /usr/sbin/ntpd ] re-spawned!
[INFO][2026-07-21 09:23:09][appmon-1761033662-main-4dfe916-dirty-4dfe916-M][2136] /usr/sbin/ntpd waiting for kill zombie process [ 8754 ]
[INFO][2026-07-21 09:23:09][appmon-1761033662-main-4dfe916-dirty-4dfe916-M][2136] /usr/sbin/ntpd cleaned zombie process [ 8754 ] — not signal-terminated
[INFO][2026-07-21 09:23:09][appmon-1761033662-main-4dfe916-dirty-4dfe916-M][2136] [ ntpserver : 8764 ][ /usr/sbin/ntpd ] re-spawned!
[INFO][2026-07-21 09:23:10][appmon-1761033662-main-4dfe916-dirty-4dfe916-M][2136] /usr/sbin/ntpd waiting for kill zombie process [ 8764 ]
[INFO][2026-07-21 09:23:10][appmon-1761033662-main-4dfe916-dirty-4dfe916-M][2136] /usr/sbin/ntpd cleaned zombie process [ 8764 ] — not signal-terminated
[INFO][2026-07-21 09:23:10][appmon-1761033662-main-4dfe916-dirty-4dfe916-M][2136] [ ntpserver : 8774 ][ /usr/sbin/ntpd ] re-spawned!
[INFO][2026-07-21 09:23:11][appmon-1761033662-main-4dfe916-dirty-4dfe916-M][2136] /usr/sbin/ntpd waiting for kill zombie process [ 8774 ]
[INFO][2026-07-21 09:23:11][appmon-1761033662-main-4dfe916-dirty-4dfe916-M][2136] /usr/sbin/ntpd cleaned zombie process [ 8774 ] — not signal-terminated
[INFO][2026-07-21 09:23:11][appmon-1761033662-main-4dfe916-dirty-4dfe916-M][2136] [ ntpserver : 8784 ][ /usr/sbin/ntpd ] re-spawned!
[INFO][2026-07-21 09:23:12][appmon-1761033662-main-4dfe916-dirty-4dfe916-M][2136] /usr/sbin/ntpd waiting for kill zombie process [ 8784 ]
[INFO][2026-07-21 09:23:12][appmon-1761033662-main-4dfe916-dirty-4dfe916-M][2136] /usr/sbin/ntpd cleaned zombie process [ 8784 ] — not signal-terminated
[INFO][2026-07-21 09:23:12][appmon-1761033662-main-4dfe916-dirty-4dfe916-M][2136] [ ntpserver : 8794 ][ /usr/sbin/ntpd ] re-spawned!
[INFO][2026-07-21 09:23:13][appmon-1761033662-main-4dfe916-dirty-4dfe916-M][2136] /usr/sbin/ntpd waiting for kill zombie process [ 8794 ]
[INFO][2026-07-21 09:23:13][appmon-1761033662-main-4dfe916-dirty-4dfe916-M][2136] /usr/sbin/ntpd cleaned zombie process [ 8794 ] — not signal-terminated
[INFO][2026-07-21 09:23:13][appmon-1761033662-main-4dfe916-dirty-4dfe916-M][2136] [ ntpserver : 8804 ][ /usr/sbin/ntpd ] re-spawned!
[INFO][2026-07-21 09:23:13][appmon-1761033662-main-4dfe916-dirty-4dfe916-M][2136] /usr/sbin/ntpd waiting for kill zombie process [ 8804 ]
[INFO][2026-07-21 09:23:13][appmon-1761033662-main-4dfe916-dirty-4dfe916-M][2136] /usr/sbin/ntpd cleaned zombie process [ 8804 ] — not signal-terminated
[INFO][2026-07-21 09:23:14][appmon-1761033662-main-4dfe916-dirty-4dfe916-M][2136] [ ntpserver : 8835 ][ /usr/sbin/ntpd ] re-spawned!
[INFO][2026-07-21 09:23:14][appmon-1761033662-main-4dfe916-dirty-4dfe916-M][2136] /usr/sbin/ntpd waiting for kill zombie process [ 8835 ]
[INFO][2026-07-21 09:23:14][appmon-1761033662-main-4dfe916-dirty-4dfe916-M][2136] /usr/sbin/ntpd cleaned zombie process [ 8835 ] — not signal-terminated
[INFO][2026-07-21 09:23:15][appmon-1761033662-main-4dfe916-dirty-4dfe916-M][2136] [ ntpserver : 8845 ][ /usr/sbin/ntpd ] re-spawned!
[INFO][2026-07-21 09:23:15][appmon-1761033662-main-4dfe916-dirty-4dfe916-M][2136] /usr/sbin/ntpd waiting for kill zombie process [ 8845 ]
[INFO][2026-07-21 09:23:15][appmon-1761033662-main-4dfe916-dirty-4dfe916-M][2136] /usr/sbin/ntpd cleaned zombie process [ 8845 ] — not signal-terminated
[INFO][2026-07-21 09:23:16][appmon-1761033662-main-4dfe916-dirty-4dfe916-M][2136] [ ntpserver : 8848 ][ /usr/sbin/ntpd ] re-spawned!
[INFO][2026-07-21 09:23:16][appmon-1761033662-main-4dfe916-dirty-4dfe916-M][2136] /usr/sbin/ntpd waiting for kill zombie process [ 8848 ]
[INFO][2026-07-21 09:23:16][appmon-1761033662-main-4dfe916-dirty-4dfe916-M][2136] /usr/sbin/ntpd cleaned zombie process [ 8848 ] — not signal-terminated
[INFO][2026-07-21 09:23:17][appmon-1761033662-main-4dfe916-dirty-4dfe916-M][2136] [ ntpserver : 8858 ][ /usr/sbin/ntpd ] re-spawned!
[INFO][2026-07-21 09:23:17][appmon-1761033662-main-4dfe916-dirty-4dfe916-M][2136] Network activity (eth0) SMDA: 0.00 mbps / 0.00 mbps / 0.00 mbps / 0.00 mbps T: 0.00 mbps
[INFO][2026-07-21 09:23:17][appmon-1761033662-main-4dfe916-dirty-4dfe916-M][2136] Network activity (eth1) SMDA: 0.01 mbps / 0.01 mbps / 0.01 mbps / 0.01 mbps T: 0.01 mbps
[INFO][2026-07-21 09:23:17][appmon-1761033662-main-4dfe916-dirty-4dfe916-M][2136] Disk activity (Total Disk) SMDA: 0.30 mbps / 0.39 mbps / 0.35 mbps / 0.37 mbps T: 0.16 mbps
[INFO][2026-07-21 09:23:17][appmon-1761033662-main-4dfe916-dirty-4dfe916-M][2136] CPU activity (CPU) SMA: 1.25 % / 1.04 % / 1.28 % / 1.38 % T: 1.64 %
[INFO][2026-07-21 09:23:17][appmon-1761033662-main-4dfe916-dirty-4dfe916-M][2136] /usr/sbin/ntpd waiting for kill zombie process [ 8858 ]
[INFO][2026-07-21 09:23:17][appmon-1761033662-main-4dfe916-dirty-4dfe916-M][2136] /usr/sbin/ntpd cleaned zombie process [ 8858 ] — not signal-terminated
[INFO][2026-07-21 09:23:18][appmon-1761033662-main-4dfe916-dirty-4dfe916-M][2136] [ ntpserver : 8868 ][ /usr/sbin/ntpd ] re-spawned!
[INFO][2026-07-21 09:23:18][appmon-1761033662-main-4dfe916-dirty-4dfe916-M][2136] /usr/sbin/ntpd waiting for kill zombie process [ 8868 ]
[INFO][2026-07-21 09:23:18][appmon-1761033662-main-4dfe916-dirty-4dfe916-M][2136] /usr/sbin/ntpd cleaned zombie process [ 8868 ] — not signal-terminated
[INFO][2026-07-21 09:23:18][appmon-1761033662-main-4dfe916-dirty-4dfe916-M][2136] [ ntpserver : 8878 ][ /usr/sbin/ntpd ] re-spawned!
[INFO][2026-07-21 09:23:19][appmon-1761033662-main-4dfe916-dirty-4dfe916-M][2136] /usr/sbin/ntpd waiting for kill zombie process [ 8878 ]
[INFO][2026-07-21 09:23:19][appmon-1761033662-main-4dfe916-dirty-4dfe916-M][2136] /usr/sbin/ntpd cleaned zombie process [ 8878 ] — not signal-terminated
[INFO][2026-07-21 09:23:19][appmon-1761033662-main-4dfe916-dirty-4dfe916-M][2136] [ ntpserver : 8888 ][ /usr/sbin/ntpd ] re-spawned!
[INFO][2026-07-21 09:23:20][appmon-1761033662-main-4dfe916-dirty-4dfe916-M][2136] /usr/sbin/ntpd waiting for kill zombie process [ 8888 ]
[INFO][2026-07-21 09:23:20][appmon-1761033662-main-4dfe916-dirty-4dfe916-M][2136] /usr/sbin/ntpd cleaned zombie process [ 8888 ] — not signal-terminated
[INFO][2026-07-21 09:23:20][appmon-1761033662-main-4dfe916-dirty-4dfe916-M][2136] [ ntpserver : 8898 ][ /usr/sbin/ntpd ] re-spawned!
[INFO][2026-07-21 09:23:21][appmon-1761033662-main-4dfe916-dirty-4dfe916-M][2136] /usr/sbin/ntpd waiting for kill zombie process [ 8898 ]
[INFO][2026-07-21 09:23:21][appmon-1761033662-main-4dfe916-dirty-4dfe916-M][2136] /usr/sbin/ntpd cleaned zombie process [ 8898 ] — not signal-terminated
[INFO][2026-07-21 09:23:21][appmon-1761033662-main-4dfe916-dirty-4dfe916-M][2136] [ ntpserver : 8908 ][ /usr/sbin/ntpd ] re-spawned!
[INFO][2026-07-21 09:23:22][appmon-1761033662-main-4dfe916-dirty-4dfe916-M][2136] /usr/sbin/ntpd waiting for kill zombie process [ 8908 ]
[INFO][2026-07-21 09:23:22][appmon-1761033662-main-4dfe916-dirty-4dfe916-M][2136] /usr/sbin/ntpd cleaned zombie process [ 8908 ] — not signal-terminated
[INFO][2026-07-21 09:23:22][appmon-1761033662-main-4dfe916-dirty-4dfe916-M][2136] [ ntpserver : 8918 ][ /usr/sbin/ntpd ] re-spawned!
[INFO][2026-07-21 09:23:22][appmon-1761033662-main-4dfe916-dirty-4dfe916-M][2136] /usr/sbin/ntpd waiting for kill zombie process [ 8918 ]
[INFO][2026-07-21 09:23:22][appmon-1761033662-main-4dfe916-dirty-4dfe916-M][2136] /usr/sbin/ntpd cleaned zombie process [ 8918 ] — not signal-terminated
[INFO][2026-07-21 09:23:23][appmon-1761033662-main-4dfe916-dirty-4dfe916-M][2136] [ ntpserver : 8928 ][ /usr/sbin/ntpd ] re-spawned!
[INFO][2026-07-21 09:23:23][appmon-1761033662-main-4dfe916-dirty-4dfe916-M][2136] /usr/sbin/ntpd waiting for kill zombie process [ 8928 ]
[INFO][2026-07-21 09:23:23][appmon-1761033662-main-4dfe916-dirty-4dfe916-M][2136] /usr/sbin/ntpd cleaned zombie process [ 8928 ] — not signal-terminated
[INFO][2026-07-21 09:23:24][appmon-1761033662-main-4dfe916-dirty-4dfe916-M][2136] [ ntpserver : 8931 ][ /usr/sbin/ntpd ] re-spawned!
[INFO][2026-07-21 09:23:24][appmon-1761033662-main-4dfe916-dirty-4dfe916-M][2136] /usr/sbin/ntpd waiting for kill zombie process [ 8931 ]
[INFO][2026-07-21 09:23:24][appmon-1761033662-main-4dfe916-dirty-4dfe916-M][2136] /usr/sbin/ntpd cleaned zombie process [ 8931 ] — not signal-terminated
[INFO][2026-07-21 09:23:25][appmon-1761033662-main-4dfe916-dirty-4dfe916-M][2136] [ ntpserver : 8941 ][ /usr/sbin/ntpd ] re-spawned!
[INFO][2026-07-21 09:23:25][appmon-1761033662-main-4dfe916-dirty-4dfe916-M][2136] /usr/sbin/ntpd waiting for kill zombie process [ 8941 ]
[INFO][2026-07-21 09:23:25][appmon-1761033662-main-4dfe916-dirty-4dfe916-M][2136] /usr/sbin/ntpd cleaned zombie process [ 8941 ] — not signal-terminated
[INFO][2026-07-21 09:23:26][appmon-1761033662-main-4dfe916-dirty-4dfe916-M][2136] [ ntpserver : 8951 ][ /usr/sbin/ntpd ] re-spawned!
[INFO][2026-07-21 09:23:26][appmon-1761033662-main-4dfe916-dirty-4dfe916-M][2136] /usr/sbin/ntpd waiting for kill zombie process [ 8951 ]
[INFO][2026-07-21 09:23:26][appmon-1761033662-main-4dfe916-dirty-4dfe916-M][2136] /usr/sbin/ntpd cleaned zombie process [ 8951 ] — not signal-terminated
[INFO][2026-07-21 09:23:27][appmon-1761033662-main-4dfe916-dirty-4dfe916-M][2136] [ ntpserver : 8961 ][ /usr/sbin/ntpd ] re-spawned!
[INFO][2026-07-21 09:23:27][appmon-1761033662-main-4dfe916-dirty-4dfe916-M][2136] Network activity (eth0) SMDA: 0.00 mbps / 0.00 mbps / 0.00 mbps / 0.00 mbps T: 0.00 mbps
[INFO][2026-07-21 09:23:27][appmon-1761033662-main-4dfe916-dirty-4dfe916-M][2136] Network activity (eth1) SMDA: 0.01 mbps / 0.01 mbps / 0.01 mbps / 0.01 mbps T: 0.01 mbps
[INFO][2026-07-21 09:23:27][appmon-1761033662-main-4dfe916-dirty-4dfe916-M][2136] Disk activity (Total Disk) SMDA: 0.03 mbps / 0.13 mbps / 0.31 mbps / 0.36 mbps T: 0.16 mbps
[INFO][2026-07-21 09:23:27][appmon-1761033662-main-4dfe916-dirty-4dfe916-M][2136] CPU activity (CPU) SMA: 2.71 % / 1.87 % / 1.55 % / 1.38 % T: 1.66 %
[INFO][2026-07-21 09:23:27][appmon-1761033662-main-4dfe916-dirty-4dfe916-M][2136] /usr/sbin/ntpd waiting for kill zombie process [ 8961 ]
[INFO][2026-07-21 09:23:27][appmon-1761033662-main-4dfe916-dirty-4dfe916-M][2136] /usr/sbin/ntpd cleaned zombie process [ 8961 ] — not signal-terminated
[INFO][2026-07-21 09:23:27][appmon-1761033662-main-4dfe916-dirty-4dfe916-M][2136] [ ntpserver : 8971 ][ /usr/sbin/ntpd ] re-spawned!
[INFO][2026-07-21 09:23:28][appmon-1761033662-main-4dfe916-dirty-4dfe916-M][2136] /usr/sbin/ntpd waiting for kill zombie process [ 8971 ]
[INFO][2026-07-21 09:23:28][appmon-1761033662-main-4dfe916-dirty-4dfe916-M][2136] /usr/sbin/ntpd cleaned zombie process [ 8971 ] — not signal-terminated
[INFO][2026-07-21 09:23:28][appmon-1761033662-main-4dfe916-dirty-4dfe916-M][2136] [ ntpserver : 8981 ][ /usr/sbin/ntpd ] re-spawned!
[INFO][2026-07-21 09:23:29][appmon-1761033662-main-4dfe916-dirty-4dfe916-M][2136] /usr/sbin/ntpd waiting for kill zombie process [ 8981 ]
[INFO][2026-07-21 09:23:29][appmon-1761033662-main-4dfe916-dirty-4dfe916-M][2136] /usr/sbin/ntpd cleaned zombie process [ 8981 ] — not signal-terminated
[INFO][2026-07-21 09:23:29][appmon-1761033662-main-4dfe916-dirty-4dfe916-M][2136] [ ntpserver : 8991 ][ /usr/sbin/ntpd ] re-spawned!
[INFO][2026-07-21 09:23:30][appmon-1761033662-main-4dfe916-dirty-4dfe916-M][2136] /usr/sbin/ntpd waiting for kill zombie process [ 8991 ]
[INFO][2026-07-21 09:23:30][appmon-1761033662-main-4dfe916-dirty-4dfe916-M][2136] /usr/sbin/ntpd cleaned zombie process [ 8991 ] — not signal-terminated
[INFO][2026-07-21 09:23:30][appmon-1761033662-main-4dfe916-dirty-4dfe916-M][2136] [ ntpserver : 9001 ][ /usr/sbin/ntpd ] re-spawned!
[INFO][2026-07-21 09:23:31][appmon-1761033662-main-4dfe916-dirty-4dfe916-M][2136] /usr/sbin/ntpd waiting for kill zombie process [ 9001 ]
[INFO][2026-07-21 09:23:31][appmon-1761033662-main-4dfe916-dirty-4dfe916-M][2136] /usr/sbin/ntpd cleaned zombie process [ 9001 ] — not signal-terminated
[INFO][2026-07-21 09:23:31][appmon-1761033662-main-4dfe916-dirty-4dfe916-M][2136] [ ntpserver : 9011 ][ /usr/sbin/ntpd ] re-spawned!
[INFO][2026-07-21 09:23:31][appmon-1761033662-main-4dfe916-dirty-4dfe916-M][2136] /usr/sbin/ntpd waiting for kill zombie process [ 9011 ]
[INFO][2026-07-21 09:23:31][appmon-1761033662-main-4dfe916-dirty-4dfe916-M][2136] /usr/sbin/ntpd cleaned zombie process [ 9011 ] — not signal-terminated
[INFO][2026-07-21 09:23:32][appmon-1761033662-main-4dfe916-dirty-4dfe916-M][2136] [ ntpserver : 9014 ][ /usr/sbin/ntpd ] re-spawned!
[INFO][2026-07-21 09:23:32][appmon-1761033662-main-4dfe916-dirty-4dfe916-M][2136] /usr/sbin/ntpd waiting for kill zombie process [ 9014 ]
[INFO][2026-07-21 09:23:32][appmon-1761033662-main-4dfe916-dirty-4dfe916-M][2136] /usr/sbin/ntpd cleaned zombie process [ 9014 ] — not signal-terminated
[INFO][2026-07-21 09:23:33][appmon-1761033662-main-4dfe916-dirty-4dfe916-M][2136] [ ntpserver : 9024 ][ /usr/sbin/ntpd ] re-spawned!
[INFO][2026-07-21 09:23:33][appmon-1761033662-main-4dfe916-dirty-4dfe916-M][2136] /usr/sbin/ntpd waiting for kill zombie process [ 9024 ]
[INFO][2026-07-21 09:23:33][appmon-1761033662-main-4dfe916-dirty-4dfe916-M][2136] /usr/sbin/ntpd cleaned zombie process [ 9024 ] — not signal-terminated
[INFO][2026-07-21 09:23:34][appmon-1761033662-main-4dfe916-dirty-4dfe916-M][2136] [ ntpserver : 9034 ][ /usr/sbin/ntpd ] re-spawned!
[INFO][2026-07-21 09:23:34][appmon-1761033662-main-4dfe916-dirty-4dfe916-M][2136] /usr/sbin/ntpd waiting for kill zombie process [ 9034 ]
[INFO][2026-07-21 09:23:34][appmon-1761033662-main-4dfe916-dirty-4dfe916-M][2136] /usr/sbin/ntpd cleaned zombie process [ 9034 ] — not signal-terminated
[INFO][2026-07-21 09:23:35][appmon-1761033662-main-4dfe916-dirty-4dfe916-M][2136] [ ntpserver : 9044 ][ /usr/sbin/ntpd ] re-spawned!
[INFO][2026-07-21 09:23:35][appmon-1761033662-main-4dfe916-dirty-4dfe916-M][2136] /usr/sbin/ntpd waiting for kill zombie process [ 9044 ]
[INFO][2026-07-21 09:23:35][appmon-1761033662-main-4dfe916-dirty-4dfe916-M][2136] /usr/sbin/ntpd cleaned zombie process [ 9044 ] — not signal-terminated
[INFO][2026-07-21 09:23:36][appmon-1761033662-main-4dfe916-dirty-4dfe916-M][2136] [ ntpserver : 9054 ][ /usr/sbin/ntpd ] re-spawned!
[INFO][2026-07-21 09:23:36][appmon-1761033662-main-4dfe916-dirty-4dfe916-M][2136] /usr/sbin/ntpd waiting for kill zombie process [ 9054 ]
[INFO][2026-07-21 09:23:36][appmon-1761033662-main-4dfe916-dirty-4dfe916-M][2136] /usr/sbin/ntpd cleaned zombie process [ 9054 ] — not signal-terminated
[INFO][2026-07-21 09:23:36][appmon-1761033662-main-4dfe916-dirty-4dfe916-M][2136] [ ntpserver : 9064 ][ /usr/sbin/ntpd ] re-spawned!
[INFO][2026-07-21 09:23:37][appmon-1761033662-main-4dfe916-dirty-4dfe916-M][2136] Network activity (eth0) SMDA: 0.00 mbps / 0.00 mbps / 0.00 mbps / 0.00 mbps T: 0.00 mbps
[INFO][2026-07-21 09:23:37][appmon-1761033662-main-4dfe916-dirty-4dfe916-M][2136] Network activity (eth1) SMDA: 0.02 mbps / 0.01 mbps / 0.01 mbps / 0.01 mbps T: 0.01 mbps
[INFO][2026-07-21 09:23:37][appmon-1761033662-main-4dfe916-dirty-4dfe916-M][2136] Disk activity (Total Disk) SMDA: 0.08 mbps / 0.08 mbps / 0.28 mbps / 0.35 mbps T: 0.16 mbps
[INFO][2026-07-21 09:23:37][appmon-1761033662-main-4dfe916-dirty-4dfe916-M][2136] CPU activity (CPU) SMA: 1.25 % / 1.87 % / 1.35 % / 1.38 % T: 1.65 %
[INFO][2026-07-21 09:23:37][appmon-1761033662-main-4dfe916-dirty-4dfe916-M][2136] /usr/sbin/ntpd waiting for kill zombie process [ 9064 ]
[INFO][2026-07-21 09:23:37][appmon-1761033662-main-4dfe916-dirty-4dfe916-M][2136] /usr/sbin/ntpd cleaned zombie process [ 9064 ] — not signal-terminated
[INFO][2026-07-21 09:23:37][appmon-1761033662-main-4dfe916-dirty-4dfe916-M][2136] [ ntpserver : 9074 ][ /usr/sbin/ntpd ] re-spawned!
[INFO][2026-07-21 09:23:38][appmon-1761033662-main-4dfe916-dirty-4dfe916-M][2136] /usr/sbin/ntpd waiting for kill zombie process [ 9074 ]
[INFO][2026-07-21 09:23:38][appmon-1761033662-main-4dfe916-dirty-4dfe916-M][2136] /usr/sbin/ntpd cleaned zombie process [ 9074 ] — not signal-terminated
[INFO][2026-07-21 09:23:38][appmon-1761033662-main-4dfe916-dirty-4dfe916-M][2136] [ ntpserver : 9084 ][ /usr/sbin/ntpd ] re-spawned!
[INFO][2026-07-21 09:23:39][appmon-1761033662-main-4dfe916-dirty-4dfe916-M][2136] /usr/sbin/ntpd waiting for kill zombie process [ 9084 ]
[INFO][2026-07-21 09:23:39][appmon-1761033662-main-4dfe916-dirty-4dfe916-M][2136] /usr/sbin/ntpd cleaned zombie process [ 9084 ] — not signal-terminated
[INFO][2026-07-21 09:23:39][appmon-1761033662-main-4dfe916-dirty-4dfe916-M][2136] [ ntpserver : 9087 ][ /usr/sbin/ntpd ] re-spawned!
[INFO][2026-07-21 09:23:40][appmon-1761033662-main-4dfe916-dirty-4dfe916-M][2136] /usr/sbin/ntpd waiting for kill zombie process [ 9087 ]
[INFO][2026-07-21 09:23:40][appmon-1761033662-main-4dfe916-dirty-4dfe916-M][2136] /usr/sbin/ntpd cleaned zombie process [ 9087 ] — not signal-terminated
[INFO][2026-07-21 09:23:40][appmon-1761033662-main-4dfe916-dirty-4dfe916-M][2136] [ ntpserver : 9097 ][ /usr/sbin/ntpd ] re-spawned!
[INFO][2026-07-21 09:23:40][appmon-1761033662-main-4dfe916-dirty-4dfe916-M][2136] /usr/sbin/ntpd waiting for kill zombie process [ 9097 ]
[INFO][2026-07-21 09:23:40][appmon-1761033662-main-4dfe916-dirty-4dfe916-M][2136] /usr/sbin/ntpd cleaned zombie process [ 9097 ] — not signal-terminated
[INFO][2026-07-21 09:23:41][appmon-1761033662-main-4dfe916-dirty-4dfe916-M][2136] [ ntpserver : 9107 ][ /usr/sbin/ntpd ] re-spawned!
[INFO][2026-07-21 09:23:41][appmon-1761033662-main-4dfe916-dirty-4dfe916-M][2136] /usr/sbin/ntpd waiting for kill zombie process [ 9107 ]
[INFO][2026-07-21 09:23:41][appmon-1761033662-main-4dfe916-dirty-4dfe916-M][2136] /usr/sbin/ntpd cleaned zombie process [ 9107 ] — not signal-terminated
[INFO][2026-07-21 09:23:42][appmon-1761033662-main-4dfe916-dirty-4dfe916-M][2136] [ ntpserver : 9117 ][ /usr/sbin/ntpd ] re-spawned!
[INFO][2026-07-21 09:23:42][appmon-1761033662-main-4dfe916-dirty-4dfe916-M][2136] /usr/sbin/ntpd waiting for kill zombie process [ 9117 ]
[INFO][2026-07-21 09:23:42][appmon-1761033662-main-4dfe916-dirty-4dfe916-M][2136] /usr/sbin/ntpd cleaned zombie process [ 9117 ] — not signal-terminated
[INFO][2026-07-21 09:23:43][appmon-1761033662-main-4dfe916-dirty-4dfe916-M][2136] [ ntpserver : 9127 ][ /usr/sbin/ntpd ] re-spawned!
[INFO][2026-07-21 09:23:43][appmon-1761033662-main-4dfe916-dirty-4dfe916-M][2136] /usr/sbin/ntpd waiting for kill zombie process [ 9127 ]
[INFO][2026-07-21 09:23:43][appmon-1761033662-main-4dfe916-dirty-4dfe916-M][2136] /usr/sbin/ntpd cleaned zombie process [ 9127 ] — not signal-terminated
[INFO][2026-07-21 09:23:44][appmon-1761033662-main-4dfe916-dirty-4dfe916-M][2136] [ ntpserver : 9158 ][ /usr/sbin/ntpd ] re-spawned!
[INFO][2026-07-21 09:23:44][appmon-1761033662-main-4dfe916-dirty-4dfe916-M][2136] /usr/sbin/ntpd waiting for kill zombie process [ 9158 ]
[INFO][2026-07-21 09:23:44][appmon-1761033662-main-4dfe916-dirty-4dfe916-M][2136] /usr/sbin/ntpd cleaned zombie process [ 9158 ] — not signal-terminated
[INFO][2026-07-21 09:23:45][appmon-1761033662-main-4dfe916-dirty-4dfe916-M][2136] [ ntpserver : 9168 ][ /usr/sbin/ntpd ] re-spawned!
[INFO][2026-07-21 09:23:45][appmon-1761033662-main-4dfe916-dirty-4dfe916-M][2136] /usr/sbin/ntpd waiting for kill zombie process [ 9168 ]
[INFO][2026-07-21 09:23:45][appmon-1761033662-main-4dfe916-dirty-4dfe916-M][2136] /usr/sbin/ntpd cleaned zombie process [ 9168 ] — not signal-terminated
[INFO][2026-07-21 09:23:45][appmon-1761033662-main-4dfe916-dirty-4dfe916-M][2136] [ ntpserver : 9178 ][ /usr/sbin/ntpd ] re-spawned!
[INFO][2026-07-21 09:23:46][appmon-1761033662-main-4dfe916-dirty-4dfe916-M][2136] /usr/sbin/ntpd waiting for kill zombie process [ 9178 ]
[INFO][2026-07-21 09:23:46][appmon-1761033662-main-4dfe916-dirty-4dfe916-M][2136] /usr/sbin/ntpd cleaned zombie process [ 9178 ] — not signal-terminated
[INFO][2026-07-21 09:23:46][appmon-1761033662-main-4dfe916-dirty-4dfe916-M][2136] [ ntpserver : 9188 ][ /usr/sbin/ntpd ] re-spawned!
[INFO][2026-07-21 09:23:47][appmon-1761033662-main-4dfe916-dirty-4dfe916-M][2136] Network activity (eth0) SMDA: 0.00 mbps / 0.00 mbps / 0.00 mbps / 0.00 mbps T: 0.00 mbps
[INFO][2026-07-21 09:23:47][appmon-1761033662-main-4dfe916-dirty-4dfe916-M][2136] Network activity (eth1) SMDA: 0.01 mbps / 0.01 mbps / 0.01 mbps / 0.01 mbps T: 0.01 mbps
[INFO][2026-07-21 09:23:47][appmon-1761033662-main-4dfe916-dirty-4dfe916-M][2136] Disk activity (Total Disk) SMDA: 0.09 mbps / 0.28 mbps / 0.28 mbps / 0.35 mbps T: 0.16 mbps
[INFO][2026-07-21 09:23:47][appmon-1761033662-main-4dfe916-dirty-4dfe916-M][2136] CPU activity (CPU) SMA: 0.84 % / 1.53 % / 1.55 % / 1.40 % T: 1.64 %
[INFO][2026-07-21 09:23:47][appmon-1761033662-main-4dfe916-dirty-4dfe916-M][2136] /usr/sbin/ntpd waiting for kill zombie process [ 9188 ]
[INFO][2026-07-21 09:23:47][appmon-1761033662-main-4dfe916-dirty-4dfe916-M][2136] /usr/sbin/ntpd cleaned zombie process [ 9188 ] — not signal-terminated
[INFO][2026-07-21 09:23:47][appmon-1761033662-main-4dfe916-dirty-4dfe916-M][2136] [ ntpserver : 9191 ][ /usr/sbin/ntpd ] re-spawned!
[INFO][2026-07-21 09:23:48][appmon-1761033662-main-4dfe916-dirty-4dfe916-M][2136] /usr/sbin/ntpd waiting for kill zombie process [ 9191 ]
[INFO][2026-07-21 09:23:48][appmon-1761033662-main-4dfe916-dirty-4dfe916-M][2136] /usr/sbin/ntpd cleaned zombie process [ 9191 ] — not signal-terminated
[INFO][2026-07-21 09:23:48][appmon-1761033662-main-4dfe916-dirty-4dfe916-M][2136] [ ntpserver : 9201 ][ /usr/sbin/ntpd ] re-spawned!
[INFO][2026-07-21 09:23:49][appmon-1761033662-main-4dfe916-dirty-4dfe916-M][2136] /usr/sbin/ntpd waiting for kill zombie process [ 9201 ]
[INFO][2026-07-21 09:23:49][appmon-1761033662-main-4dfe916-dirty-4dfe916-M][2136] /usr/sbin/ntpd cleaned zombie process [ 9201 ] — not signal-terminated
[INFO][2026-07-21 09:23:49][appmon-1761033662-main-4dfe916-dirty-4dfe916-M][2136] [ ntpserver : 9211 ][ /usr/sbin/ntpd ] re-spawned!
[INFO][2026-07-21 09:23:50][appmon-1761033662-main-4dfe916-dirty-4dfe916-M][2136] /usr/sbin/ntpd waiting for kill zombie process [ 9211 ]
[INFO][2026-07-21 09:23:50][appmon-1761033662-main-4dfe916-dirty-4dfe916-M][2136] /usr/sbin/ntpd cleaned zombie process [ 9211 ] — not signal-terminated
[INFO][2026-07-21 09:23:50][appmon-1761033662-main-4dfe916-dirty-4dfe916-M][2136] [ ntpserver : 9222 ][ /usr/sbin/ntpd ] re-spawned!
[INFO][2026-07-21 09:23:50][appmon-1761033662-main-4dfe916-dirty-4dfe916-M][2136] /usr/sbin/ntpd waiting for kill zombie process [ 9222 ]
[INFO][2026-07-21 09:23:50][appmon-1761033662-main-4dfe916-dirty-4dfe916-M][2136] /usr/sbin/ntpd cleaned zombie process [ 9222 ] — not signal-terminated
[INFO][2026-07-21 09:23:51][appmon-1761033662-main-4dfe916-dirty-4dfe916-M][2136] [ ntpserver : 9232 ][ /usr/sbin/ntpd ] re-spawned!
[INFO][2026-07-21 09:23:51][appmon-1761033662-main-4dfe916-dirty-4dfe916-M][2136] /usr/sbin/ntpd waiting for kill zombie process [ 9232 ]
[INFO][2026-07-21 09:23:51][appmon-1761033662-main-4dfe916-dirty-4dfe916-M][2136] /usr/sbin/ntpd cleaned zombie process [ 9232 ] — not signal-terminated
[INFO][2026-07-21 09:23:52][appmon-1761033662-main-4dfe916-dirty-4dfe916-M][2136] [ ntpserver : 9242 ][ /usr/sbin/ntpd ] re-spawned!
[INFO][2026-07-21 09:23:52][appmon-1761033662-main-4dfe916-dirty-4dfe916-M][2136] /usr/sbin/ntpd waiting for kill zombie process [ 9242 ]
[INFO][2026-07-21 09:23:52][appmon-1761033662-main-4dfe916-dirty-4dfe916-M][2136] /usr/sbin/ntpd cleaned zombie process [ 9242 ] — not signal-terminated
[INFO][2026-07-21 09:23:53][appmon-1761033662-main-4dfe916-dirty-4dfe916-M][2136] [ ntpserver : 9252 ][ /usr/sbin/ntpd ] re-spawned!
[INFO][2026-07-21 09:23:53][appmon-1761033662-main-4dfe916-dirty-4dfe916-M][2136] /usr/sbin/ntpd waiting for kill zombie process [ 9252 ]
[INFO][2026-07-21 09:23:53][appmon-1761033662-main-4dfe916-dirty-4dfe916-M][2136] /usr/sbin/ntpd cleaned zombie process [ 9252 ] — not signal-terminated
[INFO][2026-07-21 09:23:54][appmon-1761033662-main-4dfe916-dirty-4dfe916-M][2136] [ ntpserver : 9262 ][ /usr/sbin/ntpd ] re-spawned!
[INFO][2026-07-21 09:23:54][appmon-1761033662-main-4dfe916-dirty-4dfe916-M][2136] /usr/sbin/ntpd waiting for kill zombie process [ 9262 ]
[INFO][2026-07-21 09:23:54][appmon-1761033662-main-4dfe916-dirty-4dfe916-M][2136] /usr/sbin/ntpd cleaned zombie process [ 9262 ] — not signal-terminated
[INFO][2026-07-21 09:23:55][appmon-1761033662-main-4dfe916-dirty-4dfe916-M][2136] [ ntpserver : 9272 ][ /usr/sbin/ntpd ] re-spawned!
[INFO][2026-07-21 09:23:55][appmon-1761033662-main-4dfe916-dirty-4dfe916-M][2136] /usr/sbin/ntpd waiting for kill zombie process [ 9272 ]
[INFO][2026-07-21 09:23:55][appmon-1761033662-main-4dfe916-dirty-4dfe916-M][2136] /usr/sbin/ntpd cleaned zombie process [ 9272 ] — not signal-terminated
[INFO][2026-07-21 09:23:55][appmon-1761033662-main-4dfe916-dirty-4dfe916-M][2136] [ ntpserver : 9275 ][ /usr/sbin/ntpd ] re-spawned!
[INFO][2026-07-21 09:23:56][appmon-1761033662-main-4dfe916-dirty-4dfe916-M][2136] /usr/sbin/ntpd waiting for kill zombie process [ 9275 ]
[INFO][2026-07-21 09:23:56][appmon-1761033662-main-4dfe916-dirty-4dfe916-M][2136] /usr/sbin/ntpd cleaned zombie process [ 9275 ] — not signal-terminated
[INFO][2026-07-21 09:23:56][appmon-1761033662-main-4dfe916-dirty-4dfe916-M][2136] [ ntpserver : 9285 ][ /usr/sbin/ntpd ] re-spawned!
[INFO][2026-07-21 09:23:57][appmon-1761033662-main-4dfe916-dirty-4dfe916-M][2136] /usr/sbin/ntpd waiting for kill zombie process [ 9285 ]
[INFO][2026-07-21 09:23:57][appmon-1761033662-main-4dfe916-dirty-4dfe916-M][2136] /usr/sbin/ntpd cleaned zombie process [ 9285 ] — not signal-terminated
[INFO][2026-07-21 09:23:57][appmon-1761033662-main-4dfe916-dirty-4dfe916-M][2136] Network activity (eth0) SMDA: 0.00 mbps / 0.00 mbps / 0.00 mbps / 0.00 mbps T: 0.00 mbps
[INFO][2026-07-21 09:23:57][appmon-1761033662-main-4dfe916-dirty-4dfe916-M][2136] Network activity (eth1) SMDA: 0.00 mbps / 0.00 mbps / 0.01 mbps / 0.01 mbps T: 0.01 mbps
[INFO][2026-07-21 09:23:57][appmon-1761033662-main-4dfe916-dirty-4dfe916-M][2136] Disk activity (Total Disk) SMDA: 0.08 mbps / 0.28 mbps / 0.25 mbps / 0.34 mbps T: 0.16 mbps
[INFO][2026-07-21 09:23:57][appmon-1761033662-main-4dfe916-dirty-4dfe916-M][2136] CPU activity (CPU) SMA: 1.45 % / 1.53 % / 1.33 % / 1.37 % T: 1.63 %
[INFO][2026-07-21 09:23:57][appmon-1761033662-main-4dfe916-dirty-4dfe916-M][2136] [ ntpserver : 9295 ][ /usr/sbin/ntpd ] re-spawned!
[INFO][2026-07-21 09:23:58][appmon-1761033662-main-4dfe916-dirty-4dfe916-M][2136] /usr/sbin/ntpd waiting for kill zombie process [ 9295 ]
[INFO][2026-07-21 09:23:58][appmon-1761033662-main-4dfe916-dirty-4dfe916-M][2136] /usr/sbin/ntpd cleaned zombie process [ 9295 ] — not signal-terminated
[INFO][2026-07-21 09:23:58][appmon-1761033662-main-4dfe916-dirty-4dfe916-M][2136] [ ntpserver : 9305 ][ /usr/sbin/ntpd ] re-spawned!
[INFO][2026-07-21 09:23:59][appmon-1761033662-main-4dfe916-dirty-4dfe916-M][2136] /usr/sbin/ntpd waiting for kill zombie process [ 9305 ]
[INFO][2026-07-21 09:23:59][appmon-1761033662-main-4dfe916-dirty-4dfe916-M][2136] /usr/sbin/ntpd cleaned zombie process [ 9305 ] — not signal-terminated
[INFO][2026-07-21 09:23:59][appmon-1761033662-main-4dfe916-dirty-4dfe916-M][2136] [ ntpserver : 9315 ][ /usr/sbin/ntpd ] re-spawned!
[INFO][2026-07-21 09:23:59][appmon-1761033662-main-4dfe916-dirty-4dfe916-M][2136] /usr/sbin/ntpd waiting for kill zombie process [ 9315 ]
[INFO][2026-07-21 09:23:59][appmon-1761033662-main-4dfe916-dirty-4dfe916-M][2136] /usr/sbin/ntpd cleaned zombie process [ 9315 ] — not signal-terminated
[INFO][2026-07-21 09:24:00][appmon-1761033662-main-4dfe916-dirty-4dfe916-M][2136] [ ntpserver : 9325 ][ /usr/sbin/ntpd ] re-spawned!
[INFO][2026-07-21 09:24:00][appmon-1761033662-main-4dfe916-dirty-4dfe916-M][2136] /usr/sbin/ntpd waiting for kill zombie process [ 9325 ]
[INFO][2026-07-21 09:24:00][appmon-1761033662-main-4dfe916-dirty-4dfe916-M][2136] /usr/sbin/ntpd cleaned zombie process [ 9325 ] — not signal-terminated
[INFO][2026-07-21 09:24:01][appmon-1761033662-main-4dfe916-dirty-4dfe916-M][2136] [ ntpserver : 9335 ][ /usr/sbin/ntpd ] re-spawned!
[INFO][2026-07-21 09:24:01][appmon-1761033662-main-4dfe916-dirty-4dfe916-M][2136] /usr/sbin/ntpd waiting for kill zombie process [ 9335 ]
[INFO][2026-07-21 09:24:01][appmon-1761033662-main-4dfe916-dirty-4dfe916-M][2136] /usr/sbin/ntpd cleaned zombie process [ 9335 ] — not signal-terminated
[INFO][2026-07-21 09:24:02][appmon-1761033662-main-4dfe916-dirty-4dfe916-M][2136] [ ntpserver : 9345 ][ /usr/sbin/ntpd ] re-spawned!
[INFO][2026-07-21 09:24:02][appmon-1761033662-main-4dfe916-dirty-4dfe916-M][2136] /usr/sbin/ntpd waiting for kill zombie process [ 9345 ]
[INFO][2026-07-21 09:24:02][appmon-1761033662-main-4dfe916-dirty-4dfe916-M][2136] /usr/sbin/ntpd cleaned zombie process [ 9345 ] — not signal-terminated
[INFO][2026-07-21 09:24:03][appmon-1761033662-main-4dfe916-dirty-4dfe916-M][2136] [ ntpserver : 9348 ][ /usr/sbin/ntpd ] re-spawned!
[INFO][2026-07-21 09:24:03][appmon-1761033662-main-4dfe916-dirty-4dfe916-M][2136] /usr/sbin/ntpd waiting for kill zombie process [ 9348 ]
[INFO][2026-07-21 09:24:03][appmon-1761033662-main-4dfe916-dirty-4dfe916-M][2136] /usr/sbin/ntpd cleaned zombie process [ 9348 ] — not signal-terminated
[INFO][2026-07-21 09:24:04][appmon-1761033662-main-4dfe916-dirty-4dfe916-M][2136] [ ntpserver : 9358 ][ /usr/sbin/ntpd ] re-spawned!
[INFO][2026-07-21 09:24:04][appmon-1761033662-main-4dfe916-dirty-4dfe916-M][2136] /usr/sbin/ntpd waiting for kill zombie process [ 9358 ]
[INFO][2026-07-21 09:24:04][appmon-1761033662-main-4dfe916-dirty-4dfe916-M][2136] /usr/sbin/ntpd cleaned zombie process [ 9358 ] — not signal-terminated
[INFO][2026-07-21 09:24:04][appmon-1761033662-main-4dfe916-dirty-4dfe916-M][2136] [ ntpserver : 9368 ][ /usr/sbin/ntpd ] re-spawned!
[INFO][2026-07-21 09:24:05][appmon-1761033662-main-4dfe916-dirty-4dfe916-M][2136] /usr/sbin/ntpd waiting for kill zombie process [ 9368 ]
[INFO][2026-07-21 09:24:05][appmon-1761033662-main-4dfe916-dirty-4dfe916-M][2136] /usr/sbin/ntpd cleaned zombie process [ 9368 ] — not signal-terminated
[INFO][2026-07-21 09:24:05][appmon-1761033662-main-4dfe916-dirty-4dfe916-M][2136] [ ntpserver : 9378 ][ /usr/sbin/ntpd ] re-spawned!
[INFO][2026-07-21 09:24:06][appmon-1761033662-main-4dfe916-dirty-4dfe916-M][2136] /usr/sbin/ntpd waiting for kill zombie process [ 9378 ]
[INFO][2026-07-21 09:24:06][appmon-1761033662-main-4dfe916-dirty-4dfe916-M][2136] /usr/sbin/ntpd cleaned zombie process [ 9378 ] — not signal-terminated
[INFO][2026-07-21 09:24:06][appmon-1761033662-main-4dfe916-dirty-4dfe916-M][2136] [ ntpserver : 9388 ][ /usr/sbin/ntpd ] re-spawned!
[INFO][2026-07-21 09:24:07][appmon-1761033662-main-4dfe916-dirty-4dfe916-M][2136] /usr/sbin/ntpd waiting for kill zombie process [ 9388 ]
[INFO][2026-07-21 09:24:07][appmon-1761033662-main-4dfe916-dirty-4dfe916-M][2136] /usr/sbin/ntpd cleaned zombie process [ 9388 ] — not signal-terminated
[INFO][2026-07-21 09:24:07][appmon-1761033662-main-4dfe916-dirty-4dfe916-M][2136] Network activity (eth0) SMDA: 0.00 mbps / 0.00 mbps / 0.00 mbps / 0.00 mbps T: 0.00 mbps
[INFO][2026-07-21 09:24:07][appmon-1761033662-main-4dfe916-dirty-4dfe916-M][2136] Network activity (eth1) SMDA: 0.01 mbps / 0.01 mbps / 0.01 mbps / 0.01 mbps T: 0.01 mbps
[INFO][2026-07-21 09:24:07][appmon-1761033662-main-4dfe916-dirty-4dfe916-M][2136] Disk activity (Total Disk) SMDA: 0.14 mbps / 0.11 mbps / 0.17 mbps / 0.33 mbps T: 0.16 mbps
[INFO][2026-07-21 09:24:07][appmon-1761033662-main-4dfe916-dirty-4dfe916-M][2136] CPU activity (CPU) SMA: 1.04 % / 0.83 % / 1.35 % / 1.30 % T: 1.61 %
[INFO][2026-07-21 09:24:07][appmon-1761033662-main-4dfe916-dirty-4dfe916-M][2136] [ ntpserver : 9398 ][ /usr/sbin/ntpd ] re-spawned!
[INFO][2026-07-21 09:24:08][appmon-1761033662-main-4dfe916-dirty-4dfe916-M][2136] /usr/sbin/ntpd waiting for kill zombie process [ 9398 ]
[INFO][2026-07-21 09:24:08][appmon-1761033662-main-4dfe916-dirty-4dfe916-M][2136] /usr/sbin/ntpd cleaned zombie process [ 9398 ] — not signal-terminated
[INFO][2026-07-21 09:24:08][appmon-1761033662-main-4dfe916-dirty-4dfe916-M][2136] [ ntpserver : 9408 ][ /usr/sbin/ntpd ] re-spawned!
[INFO][2026-07-21 09:24:08][appmon-1761033662-main-4dfe916-dirty-4dfe916-M][2136] /usr/sbin/ntpd waiting for kill zombie process [ 9408 ]
[INFO][2026-07-21 09:24:08][appmon-1761033662-main-4dfe916-dirty-4dfe916-M][2136] /usr/sbin/ntpd cleaned zombie process [ 9408 ] — not signal-terminated
[INFO][2026-07-21 09:24:09][appmon-1761033662-main-4dfe916-dirty-4dfe916-M][2136] [ ntpserver : 9418 ][ /usr/sbin/ntpd ] re-spawned!
[INFO][2026-07-21 09:24:09][appmon-1761033662-main-4dfe916-dirty-4dfe916-M][2136] /usr/sbin/ntpd waiting for kill zombie process [ 9418 ]
[INFO][2026-07-21 09:24:09][appmon-1761033662-main-4dfe916-dirty-4dfe916-M][2136] /usr/sbin/ntpd cleaned zombie process [ 9418 ] — not signal-terminated
[INFO][2026-07-21 09:24:10][appmon-1761033662-main-4dfe916-dirty-4dfe916-M][2136] [ ntpserver : 9428 ][ /usr/sbin/ntpd ] re-spawned!
[INFO][2026-07-21 09:24:10][appmon-1761033662-main-4dfe916-dirty-4dfe916-M][2136] /usr/sbin/ntpd waiting for kill zombie process [ 9428 ]
[INFO][2026-07-21 09:24:10][appmon-1761033662-main-4dfe916-dirty-4dfe916-M][2136] /usr/sbin/ntpd cleaned zombie process [ 9428 ] — not signal-terminated
[INFO][2026-07-21 09:24:11][appmon-1761033662-main-4dfe916-dirty-4dfe916-M][2136] [ ntpserver : 9431 ][ /usr/sbin/ntpd ] re-spawned!
[INFO][2026-07-21 09:24:11][appmon-1761033662-main-4dfe916-dirty-4dfe916-M][2136] /usr/sbin/ntpd waiting for kill zombie process [ 9431 ]
[INFO][2026-07-21 09:24:11][appmon-1761033662-main-4dfe916-dirty-4dfe916-M][2136] /usr/sbin/ntpd cleaned zombie process [ 9431 ] — not signal-terminated
[INFO][2026-07-21 09:24:12][appmon-1761033662-main-4dfe916-dirty-4dfe916-M][2136] [ ntpserver : 9441 ][ /usr/sbin/ntpd ] re-spawned!
[INFO][2026-07-21 09:24:12][appmon-1761033662-main-4dfe916-dirty-4dfe916-M][2136] /usr/sbin/ntpd waiting for kill zombie process [ 9441 ]
[INFO][2026-07-21 09:24:12][appmon-1761033662-main-4dfe916-dirty-4dfe916-M][2136] /usr/sbin/ntpd cleaned zombie process [ 9441 ] — not signal-terminated
[INFO][2026-07-21 09:24:13][appmon-1761033662-main-4dfe916-dirty-4dfe916-M][2136] [ ntpserver : 9451 ][ /usr/sbin/ntpd ] re-spawned!
[INFO][2026-07-21 09:24:13][appmon-1761033662-main-4dfe916-dirty-4dfe916-M][2136] /usr/sbin/ntpd waiting for kill zombie process [ 9451 ]
[INFO][2026-07-21 09:24:13][appmon-1761033662-main-4dfe916-dirty-4dfe916-M][2136] /usr/sbin/ntpd cleaned zombie process [ 9451 ] — not signal-terminated
[INFO][2026-07-21 09:24:13][appmon-1761033662-main-4dfe916-dirty-4dfe916-M][2136] [ ntpserver : 9464 ][ /usr/sbin/ntpd ] re-spawned!
[INFO][2026-07-21 09:24:14][appmon-1761033662-main-4dfe916-dirty-4dfe916-M][2136] /usr/sbin/ntpd waiting for kill zombie process [ 9464 ]
[INFO][2026-07-21 09:24:14][appmon-1761033662-main-4dfe916-dirty-4dfe916-M][2136] /usr/sbin/ntpd cleaned zombie process [ 9464 ] — not signal-terminated
[INFO][2026-07-21 09:24:14][appmon-1761033662-main-4dfe916-dirty-4dfe916-M][2136] [ ntpserver : 9492 ][ /usr/sbin/ntpd ] re-spawned!
[INFO][2026-07-21 09:24:15][appmon-1761033662-main-4dfe916-dirty-4dfe916-M][2136] /usr/sbin/ntpd waiting for kill zombie process [ 9492 ]
[INFO][2026-07-21 09:24:15][appmon-1761033662-main-4dfe916-dirty-4dfe916-M][2136] /usr/sbin/ntpd cleaned zombie process [ 9492 ] — not signal-terminated
[INFO][2026-07-21 09:24:15][appmon-1761033662-main-4dfe916-dirty-4dfe916-M][2136] [ ntpserver : 9502 ][ /usr/sbin/ntpd ] re-spawned!
[INFO][2026-07-21 09:24:16][appmon-1761033662-main-4dfe916-dirty-4dfe916-M][2136] /usr/sbin/ntpd waiting for kill zombie process [ 9502 ]
[INFO][2026-07-21 09:24:16][appmon-1761033662-main-4dfe916-dirty-4dfe916-M][2136] /usr/sbin/ntpd cleaned zombie process [ 9502 ] — not signal-terminated
[INFO][2026-07-21 09:24:16][appmon-1761033662-main-4dfe916-dirty-4dfe916-M][2136] [ ntpserver : 9512 ][ /usr/sbin/ntpd ] re-spawned!
[INFO][2026-07-21 09:24:17][appmon-1761033662-main-4dfe916-dirty-4dfe916-M][2136] /usr/sbin/ntpd waiting for kill zombie process [ 9512 ]
[INFO][2026-07-21 09:24:17][appmon-1761033662-main-4dfe916-dirty-4dfe916-M][2136] /usr/sbin/ntpd cleaned zombie process [ 9512 ] — not signal-terminated
[INFO][2026-07-21 09:24:17][appmon-1761033662-main-4dfe916-dirty-4dfe916-M][2136] Network activity (eth0) SMDA: 0.00 mbps / 0.00 mbps / 0.00 mbps / 0.00 mbps T: 0.00 mbps
[INFO][2026-07-21 09:24:17][appmon-1761033662-main-4dfe916-dirty-4dfe916-M][2136] Network activity (eth1) SMDA: 0.00 mbps / 0.01 mbps / 0.01 mbps / 0.01 mbps T: 0.01 mbps
[INFO][2026-07-21 09:24:17][appmon-1761033662-main-4dfe916-dirty-4dfe916-M][2136] Disk activity (Total Disk) SMDA: 0.11 mbps / 0.31 mbps / 0.22 mbps / 0.34 mbps T: 0.16 mbps
[INFO][2026-07-21 09:24:17][appmon-1761033662-main-4dfe916-dirty-4dfe916-M][2136] CPU activity (CPU) SMA: 4.62 % / 1.96 % / 1.75 % / 1.39 % T: 1.65 %
[INFO][2026-07-21 09:24:17][appmon-1761033662-main-4dfe916-dirty-4dfe916-M][2136] [ ntpserver : 9522 ][ /usr/sbin/ntpd ] re-spawned!
[INFO][2026-07-21 09:24:17][appmon-1761033662-main-4dfe916-dirty-4dfe916-M][2136] [ logrotate : 9523 ][ /mnt/tools/bin/logrotate ] re-spawned!
[INFO][2026-07-21 09:24:17][appmon-1761033662-main-4dfe916-dirty-4dfe916-M][2136] /usr/sbin/ntpd waiting for kill zombie process [ 9522 ]
[INFO][2026-07-21 09:24:17][appmon-1761033662-main-4dfe916-dirty-4dfe916-M][2136] /usr/sbin/ntpd cleaned zombie process [ 9522 ] — not signal-terminated
[INFO][2026-07-21 09:24:18][appmon-1761033662-main-4dfe916-dirty-4dfe916-M][2136] [ ntpserver : 9533 ][ /usr/sbin/ntpd ] re-spawned!
[INFO][2026-07-21 09:24:18][appmon-1761033662-main-4dfe916-dirty-4dfe916-M][2136] /mnt/tools/bin/logrotate waiting for kill zombie process [ 9523 ]
[INFO][2026-07-21 09:24:18][appmon-1761033662-main-4dfe916-dirty-4dfe916-M][2136] /mnt/tools/bin/logrotate cleaned zombie process [ 9523 ] — not signal-terminated
[INFO][2026-07-21 09:24:19][appmon-1761033662-main-4dfe916-dirty-4dfe916-M][2136] /usr/sbin/ntpd waiting for kill zombie process [ 9533 ]
[INFO][2026-07-21 09:24:19][appmon-1761033662-main-4dfe916-dirty-4dfe916-M][2136] /usr/sbin/ntpd cleaned zombie process [ 9533 ] — not signal-terminated
[INFO][2026-07-21 09:24:19][appmon-1761033662-main-4dfe916-dirty-4dfe916-M][2136] [ ntpserver : 9543 ][ /usr/sbin/ntpd ] re-spawned!
[INFO][2026-07-21 09:24:20][appmon-1761033662-main-4dfe916-dirty-4dfe916-M][2136] /usr/sbin/ntpd waiting for kill zombie process [ 9543 ]
[INFO][2026-07-21 09:24:20][appmon-1761033662-main-4dfe916-dirty-4dfe916-M][2136] /usr/sbin/ntpd cleaned zombie process [ 9543 ] — not signal-terminated
[INFO][2026-07-21 09:24:20][appmon-1761033662-main-4dfe916-dirty-4dfe916-M][2136] [ ntpserver : 9553 ][ /usr/sbin/ntpd ] re-spawned!
[INFO][2026-07-21 09:24:21][appmon-1761033662-main-4dfe916-dirty-4dfe916-M][2136] /usr/sbin/ntpd waiting for kill zombie process [ 9553 ]
[INFO][2026-07-21 09:24:21][appmon-1761033662-main-4dfe916-dirty-4dfe916-M][2136] /usr/sbin/ntpd cleaned zombie process [ 9553 ] — not signal-terminated
[INFO][2026-07-21 09:24:21][appmon-1761033662-main-4dfe916-dirty-4dfe916-M][2136] [ ntpserver : 9563 ][ /usr/sbin/ntpd ] re-spawned!
[INFO][2026-07-21 09:24:22][appmon-1761033662-main-4dfe916-dirty-4dfe916-M][2136] /usr/sbin/ntpd waiting for kill zombie process [ 9563 ]
[INFO][2026-07-21 09:24:22][appmon-1761033662-main-4dfe916-dirty-4dfe916-M][2136] /usr/sbin/ntpd cleaned zombie process [ 9563 ] — not signal-terminated
[INFO][2026-07-21 09:24:22][appmon-1761033662-main-4dfe916-dirty-4dfe916-M][2136] [ ntpserver : 9573 ][ /usr/sbin/ntpd ] re-spawned!
[INFO][2026-07-21 09:24:22][appmon-1761033662-main-4dfe916-dirty-4dfe916-M][2136] /usr/sbin/ntpd waiting for kill zombie process [ 9573 ]
[INFO][2026-07-21 09:24:22][appmon-1761033662-main-4dfe916-dirty-4dfe916-M][2136] /usr/sbin/ntpd cleaned zombie process [ 9573 ] — not signal-terminated
[INFO][2026-07-21 09:24:23][appmon-1761033662-main-4dfe916-dirty-4dfe916-M][2136] [ ntpserver : 9576 ][ /usr/sbin/ntpd ] re-spawned!
[INFO][2026-07-21 09:24:23][appmon-1761033662-main-4dfe916-dirty-4dfe916-M][2136] /usr/sbin/ntpd waiting for kill zombie process [ 9576 ]
[INFO][2026-07-21 09:24:23][appmon-1761033662-main-4dfe916-dirty-4dfe916-M][2136] /usr/sbin/ntpd cleaned zombie process [ 9576 ] — not signal-terminated
[INFO][2026-07-21 09:24:24][appmon-1761033662-main-4dfe916-dirty-4dfe916-M][2136] [ ntpserver : 9586 ][ /usr/sbin/ntpd ] re-spawned!
[INFO][2026-07-21 09:24:24][appmon-1761033662-main-4dfe916-dirty-4dfe916-M][2136] /usr/sbin/ntpd waiting for kill zombie process [ 9586 ]
[INFO][2026-07-21 09:24:24][appmon-1761033662-main-4dfe916-dirty-4dfe916-M][2136] /usr/sbin/ntpd cleaned zombie process [ 9586 ] — not signal-terminated
[INFO][2026-07-21 09:24:25][appmon-1761033662-main-4dfe916-dirty-4dfe916-M][2136] [ ntpserver : 9596 ][ /usr/sbin/ntpd ] re-spawned!
[INFO][2026-07-21 09:24:25][appmon-1761033662-main-4dfe916-dirty-4dfe916-M][2136] /usr/sbin/ntpd waiting for kill zombie process [ 9596 ]
[INFO][2026-07-21 09:24:25][appmon-1761033662-main-4dfe916-dirty-4dfe916-M][2136] /usr/sbin/ntpd cleaned zombie process [ 9596 ] — not signal-terminated
[INFO][2026-07-21 09:24:26][appmon-1761033662-main-4dfe916-dirty-4dfe916-M][2136] [ ntpserver : 9606 ][ /usr/sbin/ntpd ] re-spawned!
[INFO][2026-07-21 09:24:26][appmon-1761033662-main-4dfe916-dirty-4dfe916-M][2136] /usr/sbin/ntpd waiting for kill zombie process [ 9606 ]
[INFO][2026-07-21 09:24:26][appmon-1761033662-main-4dfe916-dirty-4dfe916-M][2136] /usr/sbin/ntpd cleaned zombie process [ 9606 ] — not signal-terminated
[INFO][2026-07-21 09:24:27][appmon-1761033662-main-4dfe916-dirty-4dfe916-M][2136] [ ntpserver : 9616 ][ /usr/sbin/ntpd ] re-spawned!
[INFO][2026-07-21 09:24:27][appmon-1761033662-main-4dfe916-dirty-4dfe916-M][2136] Network activity (eth0) SMDA: 0.00 mbps / 0.00 mbps / 0.00 mbps / 0.00 mbps T: 0.00 mbps
[INFO][2026-07-21 09:24:27][appmon-1761033662-main-4dfe916-dirty-4dfe916-M][2136] Network activity (eth1) SMDA: 0.01 mbps / 0.01 mbps / 0.01 mbps / 0.01 mbps T: 0.01 mbps
[INFO][2026-07-21 09:24:27][appmon-1761033662-main-4dfe916-dirty-4dfe916-M][2136] Disk activity (Total Disk) SMDA: 0.11 mbps / 0.32 mbps / 0.24 mbps / 0.33 mbps T: 0.16 mbps
[INFO][2026-07-21 09:24:27][appmon-1761033662-main-4dfe916-dirty-4dfe916-M][2136] CPU activity (CPU) SMA: 0.84 % / 1.96 % / 1.56 % / 1.39 % T: 1.64 %
[INFO][2026-07-21 09:24:27][appmon-1761033662-main-4dfe916-dirty-4dfe916-M][2136] /usr/sbin/ntpd waiting for kill zombie process [ 9616 ]
[INFO][2026-07-21 09:24:27][appmon-1761033662-main-4dfe916-dirty-4dfe916-M][2136] /usr/sbin/ntpd cleaned zombie process [ 9616 ] — not signal-terminated
[INFO][2026-07-21 09:24:27][appmon-1761033662-main-4dfe916-dirty-4dfe916-M][2136] [ ntpserver : 9626 ][ /usr/sbin/ntpd ] re-spawned!
[INFO][2026-07-21 09:24:28][appmon-1761033662-main-4dfe916-dirty-4dfe916-M][2136] /usr/sbin/ntpd waiting for kill zombie process [ 9626 ]
[INFO][2026-07-21 09:24:28][appmon-1761033662-main-4dfe916-dirty-4dfe916-M][2136] /usr/sbin/ntpd cleaned zombie process [ 9626 ] — not signal-terminated
[INFO][2026-07-21 09:24:28][appmon-1761033662-main-4dfe916-dirty-4dfe916-M][2136] [ ntpserver : 9636 ][ /usr/sbin/ntpd ] re-spawned!
[INFO][2026-07-21 09:24:29][appmon-1761033662-main-4dfe916-dirty-4dfe916-M][2136] /usr/sbin/ntpd waiting for kill zombie process [ 9636 ]
[INFO][2026-07-21 09:24:29][appmon-1761033662-main-4dfe916-dirty-4dfe916-M][2136] /usr/sbin/ntpd cleaned zombie process [ 9636 ] — not signal-terminated
[INFO][2026-07-21 09:24:29][appmon-1761033662-main-4dfe916-dirty-4dfe916-M][2136] [ ntpserver : 9646 ][ /usr/sbin/ntpd ] re-spawned!
[INFO][2026-07-21 09:24:30][appmon-1761033662-main-4dfe916-dirty-4dfe916-M][2136] /usr/sbin/ntpd waiting for kill zombie process [ 9646 ]
[INFO][2026-07-21 09:24:30][appmon-1761033662-main-4dfe916-dirty-4dfe916-M][2136] /usr/sbin/ntpd cleaned zombie process [ 9646 ] — not signal-terminated
[INFO][2026-07-21 09:24:30][appmon-1761033662-main-4dfe916-dirty-4dfe916-M][2136] [ ntpserver : 9656 ][ /usr/sbin/ntpd ] re-spawned!
[INFO][2026-07-21 09:24:31][appmon-1761033662-main-4dfe916-dirty-4dfe916-M][2136] /usr/sbin/ntpd waiting for kill zombie process [ 9656 ]
[INFO][2026-07-21 09:24:31][appmon-1761033662-main-4dfe916-dirty-4dfe916-M][2136] /usr/sbin/ntpd cleaned zombie process [ 9656 ] — not signal-terminated
[INFO][2026-07-21 09:24:31][appmon-1761033662-main-4dfe916-dirty-4dfe916-M][2136] [ ntpserver : 9659 ][ /usr/sbin/ntpd ] re-spawned!
[INFO][2026-07-21 09:24:31][appmon-1761033662-main-4dfe916-dirty-4dfe916-M][2136] /usr/sbin/ntpd waiting for kill zombie process [ 9659 ]
[INFO][2026-07-21 09:24:31][appmon-1761033662-main-4dfe916-dirty-4dfe916-M][2136] /usr/sbin/ntpd cleaned zombie process [ 9659 ] — not signal-terminated
[INFO][2026-07-21 09:24:32][appmon-1761033662-main-4dfe916-dirty-4dfe916-M][2136] [ ntpserver : 9669 ][ /usr/sbin/ntpd ] re-spawned!
[INFO][2026-07-21 09:24:32][appmon-1761033662-main-4dfe916-dirty-4dfe916-M][2136] /usr/sbin/ntpd waiting for kill zombie process [ 9669 ]
[INFO][2026-07-21 09:24:32][appmon-1761033662-main-4dfe916-dirty-4dfe916-M][2136] /usr/sbin/ntpd cleaned zombie process [ 9669 ] — not signal-terminated
[INFO][2026-07-21 09:24:33][appmon-1761033662-main-4dfe916-dirty-4dfe916-M][2136] [ ntpserver : 9686 ][ /usr/sbin/ntpd ] re-spawned!
[INFO][2026-07-21 09:24:33][appmon-1761033662-main-4dfe916-dirty-4dfe916-M][2136] /usr/sbin/ntpd waiting for kill zombie process [ 9686 ]
[INFO][2026-07-21 09:24:33][appmon-1761033662-main-4dfe916-dirty-4dfe916-M][2136] /usr/sbin/ntpd cleaned zombie process [ 9686 ] — not signal-terminated
[INFO][2026-07-21 09:24:34][appmon-1761033662-main-4dfe916-dirty-4dfe916-M][2136] [ ntpserver : 9696 ][ /usr/sbin/ntpd ] re-spawned!
[INFO][2026-07-21 09:24:34][appmon-1761033662-main-4dfe916-dirty-4dfe916-M][2136] /usr/sbin/ntpd waiting for kill zombie process [ 9696 ]
[INFO][2026-07-21 09:24:34][appmon-1761033662-main-4dfe916-dirty-4dfe916-M][2136] /usr/sbin/ntpd cleaned zombie process [ 9696 ] — not signal-terminated
[INFO][2026-07-21 09:24:35][appmon-1761033662-main-4dfe916-dirty-4dfe916-M][2136] [ ntpserver : 9706 ][ /usr/sbin/ntpd ] re-spawned!
[INFO][2026-07-21 09:24:35][appmon-1761033662-main-4dfe916-dirty-4dfe916-M][2136] /usr/sbin/ntpd waiting for kill zombie process [ 9706 ]
[INFO][2026-07-21 09:24:35][appmon-1761033662-main-4dfe916-dirty-4dfe916-M][2136] /usr/sbin/ntpd cleaned zombie process [ 9706 ] — not signal-terminated
[INFO][2026-07-21 09:24:36][appmon-1761033662-main-4dfe916-dirty-4dfe916-M][2136] [ ntpserver : 9716 ][ /usr/sbin/ntpd ] re-spawned!
[INFO][2026-07-21 09:24:36][appmon-1761033662-main-4dfe916-dirty-4dfe916-M][2136] /usr/sbin/ntpd waiting for kill zombie process [ 9716 ]
[INFO][2026-07-21 09:24:36][appmon-1761033662-main-4dfe916-dirty-4dfe916-M][2136] /usr/sbin/ntpd cleaned zombie process [ 9716 ] — not signal-terminated
[INFO][2026-07-21 09:24:36][appmon-1761033662-main-4dfe916-dirty-4dfe916-M][2136] [ ntpserver : 9727 ][ /usr/sbin/ntpd ] re-spawned!
[INFO][2026-07-21 09:24:37][appmon-1761033662-main-4dfe916-dirty-4dfe916-M][2136] Network activity (eth0) SMDA: 0.00 mbps / 0.00 mbps / 0.00 mbps / 0.00 mbps T: 0.00 mbps
[INFO][2026-07-21 09:24:37][appmon-1761033662-main-4dfe916-dirty-4dfe916-M][2136] Network activity (eth1) SMDA: 0.01 mbps / 0.00 mbps / 0.01 mbps / 0.01 mbps T: 0.01 mbps
[INFO][2026-07-21 09:24:37][appmon-1761033662-main-4dfe916-dirty-4dfe916-M][2136] Disk activity (Total Disk) SMDA: 0.12 mbps / 0.13 mbps / 0.24 mbps / 0.32 mbps T: 0.16 mbps
[INFO][2026-07-21 09:24:37][appmon-1761033662-main-4dfe916-dirty-4dfe916-M][2136] CPU activity (CPU) SMA: 0.00 % / 0.70 % / 1.41 % / 1.36 % T: 1.61 %
[INFO][2026-07-21 09:24:37][appmon-1761033662-main-4dfe916-dirty-4dfe916-M][2136] /usr/sbin/ntpd waiting for kill zombie process [ 9727 ]
[INFO][2026-07-21 09:24:37][appmon-1761033662-main-4dfe916-dirty-4dfe916-M][2136] /usr/sbin/ntpd cleaned zombie process [ 9727 ] — not signal-terminated
[INFO][2026-07-21 09:24:37][appmon-1761033662-main-4dfe916-dirty-4dfe916-M][2136] [ ntpserver : 9737 ][ /usr/sbin/ntpd ] re-spawned!
[INFO][2026-07-21 09:24:38][appmon-1761033662-main-4dfe916-dirty-4dfe916-M][2136] /usr/sbin/ntpd waiting for kill zombie process [ 9737 ]
[INFO][2026-07-21 09:24:38][appmon-1761033662-main-4dfe916-dirty-4dfe916-M][2136] /usr/sbin/ntpd cleaned zombie process [ 9737 ] — not signal-terminated
[INFO][2026-07-21 09:24:38][appmon-1761033662-main-4dfe916-dirty-4dfe916-M][2136] [ ntpserver : 9740 ][ /usr/sbin/ntpd ] re-spawned!
[INFO][2026-07-21 09:24:39][appmon-1761033662-main-4dfe916-dirty-4dfe916-M][2136] /usr/sbin/ntpd waiting for kill zombie process [ 9740 ]
[INFO][2026-07-21 09:24:39][appmon-1761033662-main-4dfe916-dirty-4dfe916-M][2136] /usr/sbin/ntpd cleaned zombie process [ 9740 ] — not signal-terminated
[INFO][2026-07-21 09:24:39][appmon-1761033662-main-4dfe916-dirty-4dfe916-M][2136] [ ntpserver : 9750 ][ /usr/sbin/ntpd ] re-spawned!
[INFO][2026-07-21 09:24:40][appmon-1761033662-main-4dfe916-dirty-4dfe916-M][2136] /usr/sbin/ntpd waiting for kill zombie process [ 9750 ]
[INFO][2026-07-21 09:24:40][appmon-1761033662-main-4dfe916-dirty-4dfe916-M][2136] /usr/sbin/ntpd cleaned zombie process [ 9750 ] — not signal-terminated
[INFO][2026-07-21 09:24:40][appmon-1761033662-main-4dfe916-dirty-4dfe916-M][2136] [ ntpserver : 9760 ][ /usr/sbin/ntpd ] re-spawned!
[INFO][2026-07-21 09:24:40][appmon-1761033662-main-4dfe916-dirty-4dfe916-M][2136] /usr/sbin/ntpd waiting for kill zombie process [ 9760 ]
[INFO][2026-07-21 09:24:40][appmon-1761033662-main-4dfe916-dirty-4dfe916-M][2136] /usr/sbin/ntpd cleaned zombie process [ 9760 ] — not signal-terminated
[INFO][2026-07-21 09:24:41][appmon-1761033662-main-4dfe916-dirty-4dfe916-M][2136] [ ntpserver : 9770 ][ /usr/sbin/ntpd ] re-spawned!
[INFO][2026-07-21 09:24:41][appmon-1761033662-main-4dfe916-dirty-4dfe916-M][2136] /usr/sbin/ntpd waiting for kill zombie process [ 9770 ]
[INFO][2026-07-21 09:24:41][appmon-1761033662-main-4dfe916-dirty-4dfe916-M][2136] /usr/sbin/ntpd cleaned zombie process [ 9770 ] — not signal-terminated
[INFO][2026-07-21 09:24:42][appmon-1761033662-main-4dfe916-dirty-4dfe916-M][2136] [ ntpserver : 9780 ][ /usr/sbin/ntpd ] re-spawned!
[INFO][2026-07-21 09:24:42][appmon-1761033662-main-4dfe916-dirty-4dfe916-M][2136] /usr/sbin/ntpd waiting for kill zombie process [ 9780 ]
[INFO][2026-07-21 09:24:42][appmon-1761033662-main-4dfe916-dirty-4dfe916-M][2136] /usr/sbin/ntpd cleaned zombie process [ 9780 ] — not signal-terminated
[INFO][2026-07-21 09:24:43][appmon-1761033662-main-4dfe916-dirty-4dfe916-M][2136] [ ntpserver : 9790 ][ /usr/sbin/ntpd ] re-spawned!
[INFO][2026-07-21 09:24:43][appmon-1761033662-main-4dfe916-dirty-4dfe916-M][2136] /usr/sbin/ntpd waiting for kill zombie process [ 9790 ]
[INFO][2026-07-21 09:24:43][appmon-1761033662-main-4dfe916-dirty-4dfe916-M][2136] /usr/sbin/ntpd cleaned zombie process [ 9790 ] — not signal-terminated
[INFO][2026-07-21 09:24:44][appmon-1761033662-main-4dfe916-dirty-4dfe916-M][2136] [ ntpserver : 9821 ][ /usr/sbin/ntpd ] re-spawned!
[INFO][2026-07-21 09:24:44][appmon-1761033662-main-4dfe916-dirty-4dfe916-M][2136] /usr/sbin/ntpd waiting for kill zombie process [ 9821 ]
[INFO][2026-07-21 09:24:44][appmon-1761033662-main-4dfe916-dirty-4dfe916-M][2136] /usr/sbin/ntpd cleaned zombie process [ 9821 ] — not signal-terminated
[INFO][2026-07-21 09:24:45][appmon-1761033662-main-4dfe916-dirty-4dfe916-M][2136] [ ntpserver : 9831 ][ /usr/sbin/ntpd ] re-spawned!
[INFO][2026-07-21 09:24:45][appmon-1761033662-main-4dfe916-dirty-4dfe916-M][2136] /usr/sbin/ntpd waiting for kill zombie process [ 9831 ]
[INFO][2026-07-21 09:24:45][appmon-1761033662-main-4dfe916-dirty-4dfe916-M][2136] /usr/sbin/ntpd cleaned zombie process [ 9831 ] — not signal-terminated
[INFO][2026-07-21 09:24:45][appmon-1761033662-main-4dfe916-dirty-4dfe916-M][2136] [ ntpserver : 9841 ][ /usr/sbin/ntpd ] re-spawned!
[INFO][2026-07-21 09:24:46][appmon-1761033662-main-4dfe916-dirty-4dfe916-M][2136] /usr/sbin/ntpd waiting for kill zombie process [ 9841 ]
[INFO][2026-07-21 09:24:46][appmon-1761033662-main-4dfe916-dirty-4dfe916-M][2136] /usr/sbin/ntpd cleaned zombie process [ 9841 ] — not signal-terminated
[INFO][2026-07-21 09:24:46][appmon-1761033662-main-4dfe916-dirty-4dfe916-M][2136] [ ntpserver : 9844 ][ /usr/sbin/ntpd ] re-spawned!
[INFO][2026-07-21 09:24:47][appmon-1761033662-main-4dfe916-dirty-4dfe916-M][2136] Network activity (eth0) SMDA: 0.00 mbps / 0.00 mbps / 0.00 mbps / 0.00 mbps T: 0.00 mbps
[INFO][2026-07-21 09:24:47][appmon-1761033662-main-4dfe916-dirty-4dfe916-M][2136] Network activity (eth1) SMDA: 0.01 mbps / 0.01 mbps / 0.01 mbps / 0.01 mbps T: 0.01 mbps
[INFO][2026-07-21 09:24:47][appmon-1761033662-main-4dfe916-dirty-4dfe916-M][2136] Disk activity (Total Disk) SMDA: 0.09 mbps / 0.34 mbps / 0.26 mbps / 0.32 mbps T: 0.16 mbps
[INFO][2026-07-21 09:24:47][appmon-1761033662-main-4dfe916-dirty-4dfe916-M][2136] CPU activity (CPU) SMA: 1.04 % / 1.05 % / 1.28 % / 1.40 % T: 1.61 %
[INFO][2026-07-21 09:24:47][appmon-1761033662-main-4dfe916-dirty-4dfe916-M][2136] /usr/sbin/ntpd waiting for kill zombie process [ 9844 ]
[INFO][2026-07-21 09:24:47][appmon-1761033662-main-4dfe916-dirty-4dfe916-M][2136] /usr/sbin/ntpd cleaned zombie process [ 9844 ] — not signal-terminated
[INFO][2026-07-21 09:24:47][appmon-1761033662-main-4dfe916-dirty-4dfe916-M][2136] [ ntpserver : 9854 ][ /usr/sbin/ntpd ] re-spawned!
[INFO][2026-07-21 09:24:48][appmon-1761033662-main-4dfe916-dirty-4dfe916-M][2136] /usr/sbin/ntpd waiting for kill zombie process [ 9854 ]
[INFO][2026-07-21 09:24:48][appmon-1761033662-main-4dfe916-dirty-4dfe916-M][2136] /usr/sbin/ntpd cleaned zombie process [ 9854 ] — not signal-terminated
[INFO][2026-07-21 09:24:48][appmon-1761033662-main-4dfe916-dirty-4dfe916-M][2136] [ ntpserver : 9864 ][ /usr/sbin/ntpd ] re-spawned!
[INFO][2026-07-21 09:24:48][appmon-1761033662-main-4dfe916-dirty-4dfe916-M][2136] Received terminate signal (15). Terminating
[WARNING][2026-07-21 09:24:48][appmon-1761033662-main-4dfe916-dirty-4dfe916-M][2136] STACK INFO CAPTURED: ## crash date:2026-07-21 17:24:48
## exe:       NvrCore
## signal:    18
## stack:     
[0]: /mnt/app/NvrCore(+0x61c28c) [0x55885ac28c]
[1]: /mnt/app/NvrCore(+0x61cb9c) [0x55885acb9c]
[2]: /mnt/app/NvrCore(+0x61d008) [0x55885ad008]
[3]: linux-vdso.so.1(__kernel_rt_sigreturn+0) [0x7fbf5d1780]
[4]: /mnt/app/NvrCore(+0x61cfc0) [0x55885acfc0]
[5]: linux-vdso.so.1(__kernel_rt_sigreturn+0) [0x7fbf5d1780]
[6]: /lib/aarch64-linux-gnu/libc.so.6(ppoll+0xc0) [0x7fbae3bf50]
[7]: /mnt/qt515/lib/libQt5Core.so.5(_Z12qt_safe_pollP6pollfdmPK8timespec+0x70) [0x7fbd57e244]
[8]: /mnt/qt515/lib/libQt5Core.so.5(_ZN20QEventDispatcherUNIX13processEventsE6QFlagsIN10QEventLoop17ProcessEventsFlagEE+0x264) [0x7fbd57fc24]
[9]: /mnt/qt515/plugins/platforms/libqlinuxfb.so(+0x28144) [0x7fb86a8144]
[10]: /mnt/qt515/lib/libQt5Core.so.5(_ZN10QEventLoop4execE6QFlagsINS_17ProcessEventsFlagEE+0x124) [0x7fbd525988]
[11]: /mnt/qt515/lib/libQt5Widgets.so.5(_ZN7QDialog4execEv+0x1f4) [0x7fbe7b66f4]
[12]: /mnt/app/NvrCore(+0x286020) [0x5588216020]
[13]: /mnt/app/NvrCore(+0x27a008) [0x558820a008]
[14]: /mnt/app/NvrCore(+0x2332a4) [0x55881c32a4]
[15]: /lib/aarch64-linux-gnu/libc.so.6(+0x273fc) [0x7fbad873fc]
[16]: /lib/aarch64-linux-gnu/libc.so.6(__libc_start_main+0x98) [0x7fbad874cc]
[17]: /mnt/app/NvrCore(+0x22c930) [0x55881bc930]

[WARNING][2026-07-21 09:24:48][appmon-1761033662-main-4dfe916-dirty-4dfe916-M][2136] STACK INFO CAPTURED: ## crash date:2026-07-21 17:24:48
## exe:       NvrCore
## signal:    15
## stack:     
[0]: /mnt/app/NvrCore(+0x61c28c) [0x55885ac28c]
[1]: /mnt/app/NvrCore(+0x61cb9c) [0x55885acb9c]
[2]: /mnt/app/NvrCore(+0x61d008) [0x55885ad008]
[3]: linux-vdso.so.1(__kernel_rt_sigreturn+0) [0x7fbf5d1780]
[4]: /lib/aarch64-linux-gnu/libc.so.6(ppoll+0xc0) [0x7fbae3bf50]
[5]: /mnt/qt515/lib/libQt5Core.so.5(_Z12qt_safe_pollP6pollfdmPK8timespec+0x70) [0x7fbd57e244]
[6]: /mnt/qt515/lib/libQt5Core.so.5(_ZN20QEventDispatcherUNIX13processEventsE6QFlagsIN10QEventLoop17ProcessEventsFlagEE+0x264) [0x7fbd57fc24]
[7]: /mnt/qt515/plugins/platforms/libqlinuxfb.so(+0x28144) [0x7fb86a8144]
[8]: /mnt/qt515/lib/libQt5Core.so.5(_ZN10QEventLoop4execE6QFlagsINS_17ProcessEventsFlagEE+0x124) [0x7fbd525988]
[9]: /mnt/qt515/lib/libQt5Widgets.so.5(_ZN7QDialog4execEv+0x1f4) [0x7fbe7b66f4]
[10]: /mnt/app/NvrCore(+0x286020) [0x5588216020]
[11]: /mnt/app/NvrCore(+0x27a008) [0x558820a008]
[12]: /mnt/app/NvrCore(+0x2332a4) [0x55881c32a4]
[13]: /lib/aarch64-linux-gnu/libc.so.6(+0x273fc) [0x7fbad873fc]
[14]: /lib/aarch64-linux-gnu/libc.so.6(__libc_start_main+0x98) [0x7fbad874cc]
[15]: /mnt/app/NvrCore(+0x22c930) [0x55881bc930]

[INFO][2026-07-21 09:24:49][appmon-1761033662-main-4dfe916-dirty-4dfe916-M][2136] Lets terminate all process gracefully..
[WARNING][2026-07-21 09:24:49][appmon-1761033662-main-4dfe916-dirty-4dfe916-M][2136] STACK INFO CAPTURED: ## crash date:2026-07-21 17:24:49
## exe:       NvrCore
## signal:    2
## stack:     
[0]: /mnt/app/NvrCore(+0x61c28c) [0x55885ac28c]
[1]: /mnt/app/NvrCore(+0x61cb9c) [0x55885acb9c]
[2]: /mnt/app/NvrCore(+0x61d008) [0x55885ad008]
[3]: linux-vdso.so.1(__kernel_rt_sigreturn+0) [0x7fbf5d1780]
[4]: /lib/aarch64-linux-gnu/libc.so.6(ppoll+0xc0) [0x7fbae3bf50]
[5]: /mnt/qt515/lib/libQt5Core.so.5(_Z12qt_safe_pollP6pollfdmPK8timespec+0x70) [0x7fbd57e244]
[6]: /mnt/qt515/lib/libQt5Core.so.5(_ZN20QEventDispatcherUNIX13processEventsE6QFlagsIN10QEventLoop17ProcessEventsFlagEE+0x264) [0x7fbd57fc24]
[7]: /mnt/qt515/plugins/platforms/libqlinuxfb.so(+0x28144) [0x7fb86a8144]
[8]: /mnt/qt515/lib/libQt5Core.so.5(_ZN10QEventLoop4execE6QFlagsINS_17ProcessEventsFlagEE+0x124) [0x7fbd525988]
[9]: /mnt/qt515/lib/libQt5Core.so.5(_ZN16QCoreApplication4execEv+0x88) [0x7fbd52e258]
[10]: /mnt/app/NvrCore(+0x27a00c) [0x558820a00c]
[11]: /mnt/app/NvrCore(+0x2332a4) [0x55881c32a4]
[12]: /lib/aarch64-linux-gnu/libc.so.6(+0x273fc) [0x7fbad873fc]
[13]: /lib/aarch64-linux-gnu/libc.so.6(__libc_start_main+0x98) [0x7fbad874cc]
[14]: /mnt/app/NvrCore(+0x22c930) [0x55881bc930]

