2026-07-21 09:14:37.000 I HEAD-75323ba [ NvrCore] main.cpp:119 initLog : [ Start the work process success , sub pid = 2842 ] 
2026-07-21 09:14:37.003 W HEAD-75323ba [ NvrCore] main.cpp:854 main : 


#     # #     # ######   #####  ####### ######  #######
##    # #     # #     # #     # #     # #     # #
# #   # #     # #     # #       #     # #     # #
#  #  # #     # ######  #       #     # ######  #####
#   # #  #   #  #   #   #       #     # #   #   #
#    ##   # #   #    #  #     # #     # #    #  #
#     #    #    #     #  #####  ####### #     # #######


2026-07-21 09:14:37.122 I HEAD-75323ba [ NvrCore] database.h:175 connect : ready to open databse: /mnt/app/db/powerview_nvr.db
2026-07-21 09:14:37.122 I HEAD-75323ba [ NvrCore] database.h:180 connect : sqlite version 3.47.0
2026-07-21 09:14:37.122 I HEAD-75323ba [ NvrCore] database.h:181 connect : database: /mnt/app/db/powerview_nvr.db, msg: not an error
2026-07-21 09:14:37.124 I HEAD-75323ba [ NvrCore] database.h:205 readSqlFile : ready to open sql file: /mnt/app/db/powerview_nvr_schema.sql
2026-07-21 09:14:37.217 I HEAD-75323ba [ NvrCore] database.h:224 readSqlFile : not an error
2026-07-21 09:14:37.217 I HEAD-75323ba [ NvrCore] SqlProc.cpp:82 SqlProc : Nvr type: 0
2026-07-21 09:14:37.218 I HEAD-75323ba [ NvrCore] SqlProc.cpp:122 SqlProc : GlobalValue init ...
2026-07-21 09:14:37.269 I HEAD-75323ba [ NvrCore] SqlProc.cpp:124 SqlProc : Disk init ...
2026-07-21 09:14:37.274 I HEAD-75323ba [ NvrCore] SqlProc.cpp:126 SqlProc : Channel init ... 
2026-07-21 09:14:37.281 I HEAD-75323ba [ NvrCore] SqlProc.cpp:128 SqlProc : User init ... 
2026-07-21 09:14:37.281 W HEAD-75323ba [ NvrCore] UserService.cpp:34 checkAdmin : User [account: admin] dose not found!
2026-07-21 09:14:37.281 W HEAD-75323ba [ NvrCore] UserService.cpp:35 checkAdmin : Register user [account: admin] ...
2026-07-21 09:14:37.284 I HEAD-75323ba [ NvrCore] SqlProc.cpp:130 SqlProc : ChannelAssign init ... 
2026-07-21 09:14:37.288 W HEAD-75323ba [ NvrCore] ChannelAssignService.cpp:32 initAdminAssign : Init User [account: admin] assign ...
2026-07-21 09:14:37.292 I HEAD-75323ba [ NvrCore] SqlProc.cpp:132 SqlProc : Cruise init ... 
2026-07-21 09:14:37.315 I HEAD-75323ba [ NvrCore] SqlProc.cpp:134 SqlProc : RecordPlan init ... 
2026-07-21 09:14:37.373 I HEAD-75323ba [ NvrCore] RecordPlanService.cpp:54 initPlanNum : Insert recordPlan 840: 54ms
2026-07-21 09:14:37.379 W HEAD-75323ba [ NvrCore] RecordPlanService.cpp:84 initPlanNum : Insert recordPlan 56: 6ms
2026-07-21 09:14:37.380 I HEAD-75323ba [ NvrCore] SqlProc.cpp:136 SqlProc : IPCAlarmSetting init ...
2026-07-21 09:14:37.389 I HEAD-75323ba [ NvrCore] SqlProc.cpp:138 SqlProc : Metadata init...
2026-07-21 09:14:37.459 W HEAD-75323ba [ NvrCore] SqlProc.cpp:354 SqlProc : Adding listener to NVR Device Events 
2026-07-21 09:14:37.460 I HEAD-75323ba [ NvrCore] ThreadPool.cpp:112 initSingeThread : ========Start create the singe thread pool ===========
2026-07-21 09:14:37.460 I HEAD-75323ba [ NvrCore] ThreadPool.cpp:142 initSingeThread : ======== Create the singe thread pool success===========
2026-07-21 09:14:37.460 I HEAD-75323ba [ NvrCore] ThreadPool.cpp:112 initSingeThread : ========Start create the singe thread pool ===========
2026-07-21 09:14:37.460 I HEAD-75323ba [ NvrCore] ThreadPool.cpp:142 initSingeThread : ======== Create the singe thread pool success===========
2026-07-21 09:14:37.461 I HEAD-75323ba [ NvrCore] ThreadPool.cpp:112 initSingeThread : ========Start create the singe thread pool ===========
2026-07-21 09:14:37.461 I HEAD-75323ba [ NvrCore] ThreadPool.cpp:142 initSingeThread : ======== Create the singe thread pool success===========
2026-07-21 09:14:37.461 I HEAD-75323ba [ NvrCore] ThreadPool.cpp:148 initPTZThread : ========Start create the single thread pool ===========
2026-07-21 09:14:37.461 I HEAD-75323ba [ NvrCore] ThreadPool.cpp:185 initPTZThread : ======== Create the singe thread pool success===========
2026-07-21 09:14:37.461 I HEAD-75323ba [ NvrCore] ThreadPool.cpp:106 initNormalThread : Init the standard thread success ... i = 0
2026-07-21 09:14:37.461 I HEAD-75323ba [ NvrCore] ThreadPool.cpp:106 initNormalThread : Init the standard thread success ... i = 1
2026-07-21 09:14:37.461 I HEAD-75323ba [ NvrCore] ThreadPool.cpp:106 initNormalThread : Init the standard thread success ... i = 2
2026-07-21 09:14:37.461 I HEAD-75323ba [ NvrCore] ThreadPool.cpp:106 initNormalThread : Init the standard thread success ... i = 3
2026-07-21 09:14:37.462 I HEAD-75323ba [ NvrCore] ThreadPool.cpp:106 initNormalThread : Init the standard thread success ... i = 0
2026-07-21 09:14:37.462 I HEAD-75323ba [ NvrCore] ThreadPool.cpp:106 initNormalThread : Init the standard thread success ... i = 1
2026-07-21 09:14:37.468 I HEAD-75323ba [ NvrCore] RecordService.cpp:16 RecordService :  [ RECORD  SERVICE START SUCCESS 0] 
2026-07-21 09:14:37.468 I HEAD-75323ba [ NvrCore] RecordService.cpp:16 RecordService :  [ RECORD  SERVICE START SUCCESS 1] 
2026-07-21 09:14:37.468 I HEAD-75323ba [ NvrCore] RecordService.cpp:16 RecordService :  [ RECORD  SERVICE START SUCCESS 2] 
2026-07-21 09:14:37.468 I HEAD-75323ba [ NvrCore] RecordService.cpp:16 RecordService :  [ RECORD  SERVICE START SUCCESS 3] 
2026-07-21 09:14:37.468 I HEAD-75323ba [ NvrCore] RecordService.cpp:16 RecordService :  [ RECORD  SERVICE START SUCCESS 4] 
2026-07-21 09:14:37.468 I HEAD-75323ba [ NvrCore] RecordService.cpp:16 RecordService :  [ RECORD  SERVICE START SUCCESS 5] 
2026-07-21 09:14:37.468 I HEAD-75323ba [ NvrCore] RecordService.cpp:16 RecordService :  [ RECORD  SERVICE START SUCCESS 6] 
2026-07-21 09:14:37.468 I HEAD-75323ba [ NvrCore] RecordService.cpp:16 RecordService :  [ RECORD  SERVICE START SUCCESS 7] 
2026-07-21 09:14:37.468 I HEAD-75323ba [ NvrCore] RecordService.cpp:16 RecordService :  [ RECORD  SERVICE START SUCCESS 8] 
2026-07-21 09:14:37.469 I HEAD-75323ba [ NvrCore] RecordService.cpp:16 RecordService :  [ RECORD  SERVICE START SUCCESS 9] 
2026-07-21 09:14:37.469 I HEAD-75323ba [ NvrCore] RecordService.cpp:16 RecordService :  [ RECORD  SERVICE START SUCCESS 10] 
2026-07-21 09:14:37.469 I HEAD-75323ba [ NvrCore] RecordService.cpp:16 RecordService :  [ RECORD  SERVICE START SUCCESS 11] 
2026-07-21 09:14:37.469 I HEAD-75323ba [ NvrCore] RecordService.cpp:16 RecordService :  [ RECORD  SERVICE START SUCCESS 12] 
2026-07-21 09:14:37.469 I HEAD-75323ba [ NvrCore] RecordService.cpp:16 RecordService :  [ RECORD  SERVICE START SUCCESS 13] 
2026-07-21 09:14:37.469 I HEAD-75323ba [ NvrCore] RecordService.cpp:16 RecordService :  [ RECORD  SERVICE START SUCCESS 14] 
2026-07-21 09:14:37.469 I HEAD-75323ba [ NvrCore] RecordService.cpp:16 RecordService :  [ RECORD  SERVICE START SUCCESS 15] 
2026-07-21 09:14:37.479 I HEAD-75323ba [ NvrCore] MediaProc.cpp:239 MediaProc : MediaProc api instance success . 
2026-07-21 09:14:37.481 I HEAD-75323ba [ NvrCore] EventPoller.cpp:558 EventPollerPool : Create EventPoller size : 2
2026-07-21 09:14:37.485 I HEAD-75323ba [ NvrCore] TcpServer.cpp:187 start_l : TCP Server listening on 0.0.0.0:554
2026-07-21 09:14:37.485 I HEAD-75323ba [ NvrCore] main.cpp:878 main : ==========RtspServer start success ============
2026-07-21 09:14:37.485 I HEAD-75323ba [ NvrCore] TcpServer.cpp:187 start_l : TCP Server listening on 0.0.0.0:80
2026-07-21 09:14:37.485 I HEAD-75323ba [ NvrCore] main.cpp:894 main : ==========HttpServer start success ============
2026-07-21 09:14:37.487 I HEAD-75323ba [ NvrCore] UdpServer.cpp:83 start_l : UDP Server bind to 0.0.0.0:10000
2026-07-21 09:14:37.488 I HEAD-75323ba [ NvrCore] main.cpp:911 main : ==========RTPPROXY SERVER start success ============
2026-07-21 09:14:37.488 I HEAD-75323ba [ NvrCore] HttpServer.cpp:267 addWhiteApi : addWhiteApi,api path=/sys/reset
2026-07-21 09:14:37.488 I HEAD-75323ba [ NvrCore] HttpServer.cpp:273 addWhiteDir : addWhiteDir,dir path=/
2026-07-21 09:14:37.488 I HEAD-75323ba [ NvrCore] HttpServer.cpp:267 addWhiteApi : addWhiteApi,api path=/login
2026-07-21 09:14:37.488 I HEAD-75323ba [ NvrCore] HttpServer.cpp:267 addWhiteApi : addWhiteApi,api path=/logout
2026-07-21 09:14:37.488 I HEAD-75323ba [ NvrCore] main.cpp:919 main : GUI is starting..
2026-07-21 09:14:37.529 W HEAD-75323ba [ NvrCore] main.cpp:194 operator() : clean database: fail.
2026-07-21 09:14:39.993 W HEAD-75323ba [ NvrCore] systemsetting.cpp:335 SystemSetting : Adding listener to NVR Device Events 
2026-07-21 09:14:40.765 I HEAD-75323ba [ NvrCore] MediaProc.cpp:788 rtcStopVideoByAllScreens : Stopping all channes on all screens!
2026-07-21 09:14:41.223 I HEAD-75323ba [ NvrCore] signal_handler.cpp:36 InstallHandlers : Installed handler for signal: 18 (SIGCONT)
2026-07-21 09:14:41.223 I HEAD-75323ba [ NvrCore] signal_handler.cpp:36 InstallHandlers : Installed handler for signal: 16 (SIGSTKFLT)
2026-07-21 09:14:41.223 I HEAD-75323ba [ NvrCore] signal_handler.cpp:36 InstallHandlers : Installed handler for signal: 15 (SIGTERM)
2026-07-21 09:14:41.223 I HEAD-75323ba [ NvrCore] signal_handler.cpp:36 InstallHandlers : Installed handler for signal: 1 (SIGHUP)
2026-07-21 09:14:41.223 I HEAD-75323ba [ NvrCore] signal_handler.cpp:36 InstallHandlers : Installed handler for signal: 14 (SIGALRM)
2026-07-21 09:14:41.223 I HEAD-75323ba [ NvrCore] signal_handler.cpp:36 InstallHandlers : Installed handler for signal: 2 (SIGINT)
2026-07-21 09:14:41.223 I HEAD-75323ba [ NvrCore] signal_handler.cpp:36 InstallHandlers : Installed handler for signal: 3 (SIGQUIT)
2026-07-21 09:14:41.223 I HEAD-75323ba [ NvrCore] signal_handler.cpp:36 InstallHandlers : Installed handler for signal: 4 (SIGILL)
2026-07-21 09:14:41.223 I HEAD-75323ba [ NvrCore] signal_handler.cpp:36 InstallHandlers : Installed handler for signal: 5 (SIGTRAP)
2026-07-21 09:14:41.223 I HEAD-75323ba [ NvrCore] signal_handler.cpp:36 InstallHandlers : Installed handler for signal: 6 (SIGABRT)
2026-07-21 09:14:41.223 I HEAD-75323ba [ NvrCore] signal_handler.cpp:36 InstallHandlers : Installed handler for signal: 7 (SIGBUS)
2026-07-21 09:14:41.223 I HEAD-75323ba [ NvrCore] signal_handler.cpp:36 InstallHandlers : Installed handler for signal: 8 (SIGFPE)
2026-07-21 09:14:41.223 I HEAD-75323ba [ NvrCore] signal_handler.cpp:36 InstallHandlers : Installed handler for signal: 10 (SIGUSR1)
2026-07-21 09:14:41.223 I HEAD-75323ba [ NvrCore] signal_handler.cpp:36 InstallHandlers : Installed handler for signal: 11 (SIGSEGV)
2026-07-21 09:14:41.223 I HEAD-75323ba [ NvrCore] signal_handler.cpp:36 InstallHandlers : Installed handler for signal: 12 (SIGUSR2)
2026-07-21 09:14:41.223 I HEAD-75323ba [ NvrCore] signal_handler.cpp:36 InstallHandlers : Installed handler for signal: 13 (SIGPIPE)
2026-07-21 09:14:41.223 I HEAD-75323ba [ NvrCore] signal_handler.cpp:42 InstallHandlers : All signal handlers installed successfully.
2026-07-21 09:14:41.486 I HEAD-75323ba [ event poller 0] EventPoller.cpp:228 async_l : Epoll Async Task Size : 1
2026-07-21 09:14:42.488 W HEAD-75323ba [ event poller 1] EventPoller.cpp:511 getMinDelay : Total 6 delay tasks found, we will flush them
2026-07-21 09:14:42.488 I HEAD-75323ba [ NvrCore] ThreadPool.cpp:464 CreateUtilizationReports : Thread utilization report :
2026-07-21 09:14:42.488 I HEAD-75323ba [ NvrCore] ThreadPool.cpp:465 CreateUtilizationReports : db thread utilization : %0 awaiting task count in queue 0
2026-07-21 09:14:42.488 I HEAD-75323ba [ NvrCore] ThreadPool.cpp:466 CreateUtilizationReports : file master thread utilization : %0 awaiting task count in queue 0
2026-07-21 09:14:42.488 I HEAD-75323ba [ NvrCore] ThreadPool.cpp:467 CreateUtilizationReports : file slave thread utilization :%0 awaiting task count in queue 0
2026-07-21 09:14:42.488 I HEAD-75323ba [ NvrCore] ThreadPool.cpp:468 CreateUtilizationReports : ptz thread utilization : %0 awaiting task count in queue 0
2026-07-21 09:14:42.489 I HEAD-75323ba [ NvrCore] ThreadPool.cpp:472 CreateUtilizationReports : standard task 0 thread utilization : %0 awaiting task count in queue 0
2026-07-21 09:14:42.489 I HEAD-75323ba [ NvrCore] ThreadPool.cpp:472 CreateUtilizationReports : standard task 1 thread utilization : %1 awaiting task count in queue 0
2026-07-21 09:14:42.489 I HEAD-75323ba [ NvrCore] ThreadPool.cpp:472 CreateUtilizationReports : standard task 2 thread utilization : %0 awaiting task count in queue 0
2026-07-21 09:14:42.489 I HEAD-75323ba [ NvrCore] ThreadPool.cpp:472 CreateUtilizationReports : standard task 3 thread utilization : %0 awaiting task count in queue 0
2026-07-21 09:14:42.489 I HEAD-75323ba [ NvrCore] ThreadPool.cpp:476 CreateUtilizationReports : preview cache task 0 thread utilization : %0 awaiting task count in queue 0
2026-07-21 09:14:42.489 I HEAD-75323ba [ NvrCore] ThreadPool.cpp:476 CreateUtilizationReports : preview cache task 1 thread utilization : %0 awaiting task count in queue 0
2026-07-21 09:14:42.489 I HEAD-75323ba [ NvrCore] ThreadPool.cpp:483 CreateUtilizationReports : Event Loop thread [0] thread utilization : %0
2026-07-21 09:14:42.489 I HEAD-75323ba [ NvrCore] ThreadPool.cpp:483 CreateUtilizationReports : Event Loop thread [1] thread utilization : %0
2026-07-21 09:14:42.489 I HEAD-75323ba [ NvrCore] main.cpp:232 operator() : Create thread utilization reports end ...
2026-07-21 09:14:45.490 W HEAD-75323ba [ event poller 0] EventPoller.cpp:511 getMinDelay : Total 8 delay tasks found, we will flush them
2026-07-21 09:14:45.490 I HEAD-75323ba [ event poller 0] EventPoller.cpp:228 async_l : Epoll Async Task Size : 1
2026-07-21 09:14:47.489 I HEAD-75323ba [ NvrCore] ThreadPool.cpp:464 CreateUtilizationReports : Thread utilization report :
2026-07-21 09:14:47.489 I HEAD-75323ba [ NvrCore] ThreadPool.cpp:465 CreateUtilizationReports : db thread utilization : %0 awaiting task count in queue 0
2026-07-21 09:14:47.489 I HEAD-75323ba [ NvrCore] ThreadPool.cpp:466 CreateUtilizationReports : file master thread utilization : %0 awaiting task count in queue 0
2026-07-21 09:14:47.489 I HEAD-75323ba [ NvrCore] ThreadPool.cpp:467 CreateUtilizationReports : file slave thread utilization :%0 awaiting task count in queue 0
2026-07-21 09:14:47.489 I HEAD-75323ba [ NvrCore] ThreadPool.cpp:468 CreateUtilizationReports : ptz thread utilization : %0 awaiting task count in queue 0
2026-07-21 09:14:47.489 I HEAD-75323ba [ NvrCore] ThreadPool.cpp:472 CreateUtilizationReports : standard task 0 thread utilization : %0 awaiting task count in queue 0
2026-07-21 09:14:47.489 I HEAD-75323ba [ NvrCore] ThreadPool.cpp:472 CreateUtilizationReports : standard task 1 thread utilization : %0 awaiting task count in queue 0
2026-07-21 09:14:47.489 I HEAD-75323ba [ NvrCore] ThreadPool.cpp:472 CreateUtilizationReports : standard task 2 thread utilization : %0 awaiting task count in queue 0
2026-07-21 09:14:47.489 I HEAD-75323ba [ NvrCore] ThreadPool.cpp:472 CreateUtilizationReports : standard task 3 thread utilization : %0 awaiting task count in queue 0
2026-07-21 09:14:47.489 I HEAD-75323ba [ NvrCore] ThreadPool.cpp:476 CreateUtilizationReports : preview cache task 0 thread utilization : %0 awaiting task count in queue 0
2026-07-21 09:14:47.489 I HEAD-75323ba [ NvrCore] ThreadPool.cpp:476 CreateUtilizationReports : preview cache task 1 thread utilization : %0 awaiting task count in queue 0
2026-07-21 09:14:47.489 I HEAD-75323ba [ NvrCore] ThreadPool.cpp:483 CreateUtilizationReports : Event Loop thread [0] thread utilization : %0
2026-07-21 09:14:47.489 I HEAD-75323ba [ NvrCore] ThreadPool.cpp:483 CreateUtilizationReports : Event Loop thread [1] thread utilization : %0
2026-07-21 09:14:47.489 I HEAD-75323ba [ NvrCore] main.cpp:232 operator() : Create thread utilization reports end ...
2026-07-21 09:14:49.490 W HEAD-75323ba [ event poller 1] EventPoller.cpp:511 getMinDelay : Total 6 delay tasks found, we will flush them
2026-07-21 09:14:49.493 I HEAD-75323ba [ event poller 0] EventPoller.cpp:228 async_l : Epoll Async Task Size : 1
2026-07-21 09:14:52.489 I HEAD-75323ba [ NvrCore] ThreadPool.cpp:464 CreateUtilizationReports : Thread utilization report :
2026-07-21 09:14:52.489 I HEAD-75323ba [ NvrCore] ThreadPool.cpp:465 CreateUtilizationReports : db thread utilization : %0 awaiting task count in queue 0
2026-07-21 09:14:52.489 I HEAD-75323ba [ NvrCore] ThreadPool.cpp:466 CreateUtilizationReports : file master thread utilization : %0 awaiting task count in queue 0
2026-07-21 09:14:52.489 I HEAD-75323ba [ NvrCore] ThreadPool.cpp:467 CreateUtilizationReports : file slave thread utilization :%0 awaiting task count in queue 0
2026-07-21 09:14:52.489 I HEAD-75323ba [ NvrCore] ThreadPool.cpp:468 CreateUtilizationReports : ptz thread utilization : %0 awaiting task count in queue 0
2026-07-21 09:14:52.489 I HEAD-75323ba [ NvrCore] ThreadPool.cpp:472 CreateUtilizationReports : standard task 0 thread utilization : %0 awaiting task count in queue 0
2026-07-21 09:14:52.489 I HEAD-75323ba [ NvrCore] ThreadPool.cpp:472 CreateUtilizationReports : standard task 1 thread utilization : %0 awaiting task count in queue 0
2026-07-21 09:14:52.489 I HEAD-75323ba [ NvrCore] ThreadPool.cpp:472 CreateUtilizationReports : standard task 2 thread utilization : %0 awaiting task count in queue 0
2026-07-21 09:14:52.489 I HEAD-75323ba [ NvrCore] ThreadPool.cpp:472 CreateUtilizationReports : standard task 3 thread utilization : %0 awaiting task count in queue 0
2026-07-21 09:14:52.489 I HEAD-75323ba [ NvrCore] ThreadPool.cpp:476 CreateUtilizationReports : preview cache task 0 thread utilization : %0 awaiting task count in queue 0
2026-07-21 09:14:52.489 I HEAD-75323ba [ NvrCore] ThreadPool.cpp:476 CreateUtilizationReports : preview cache task 1 thread utilization : %0 awaiting task count in queue 0
2026-07-21 09:14:52.489 I HEAD-75323ba [ NvrCore] ThreadPool.cpp:483 CreateUtilizationReports : Event Loop thread [0] thread utilization : %0
2026-07-21 09:14:52.489 I HEAD-75323ba [ NvrCore] ThreadPool.cpp:483 CreateUtilizationReports : Event Loop thread [1] thread utilization : %0
2026-07-21 09:14:52.489 I HEAD-75323ba [ NvrCore] main.cpp:232 operator() : Create thread utilization reports end ...
2026-07-21 09:14:53.491 W HEAD-75323ba [ event poller 1] EventPoller.cpp:511 getMinDelay : Total 6 delay tasks found, we will flush them
2026-07-21 09:14:53.497 I HEAD-75323ba [ event poller 0] EventPoller.cpp:228 async_l : Epoll Async Task Size : 1
2026-07-21 09:14:57.491 W HEAD-75323ba [ event poller 1] EventPoller.cpp:511 getMinDelay : Total 6 delay tasks found, we will flush them
2026-07-21 09:14:57.491 I HEAD-75323ba [ NvrCore] ThreadPool.cpp:464 CreateUtilizationReports : Thread utilization report :
2026-07-21 09:14:57.491 I HEAD-75323ba [ NvrCore] ThreadPool.cpp:465 CreateUtilizationReports : db thread utilization : %0 awaiting task count in queue 0
2026-07-21 09:14:57.491 I HEAD-75323ba [ NvrCore] ThreadPool.cpp:466 CreateUtilizationReports : file master thread utilization : %0 awaiting task count in queue 0
2026-07-21 09:14:57.491 I HEAD-75323ba [ NvrCore] ThreadPool.cpp:467 CreateUtilizationReports : file slave thread utilization :%0 awaiting task count in queue 0
2026-07-21 09:14:57.491 I HEAD-75323ba [ NvrCore] ThreadPool.cpp:468 CreateUtilizationReports : ptz thread utilization : %0 awaiting task count in queue 0
2026-07-21 09:14:57.491 I HEAD-75323ba [ NvrCore] ThreadPool.cpp:472 CreateUtilizationReports : standard task 0 thread utilization : %0 awaiting task count in queue 0
2026-07-21 09:14:57.491 I HEAD-75323ba [ NvrCore] ThreadPool.cpp:472 CreateUtilizationReports : standard task 1 thread utilization : %0 awaiting task count in queue 0
2026-07-21 09:14:57.491 I HEAD-75323ba [ NvrCore] ThreadPool.cpp:472 CreateUtilizationReports : standard task 2 thread utilization : %0 awaiting task count in queue 0
2026-07-21 09:14:57.491 I HEAD-75323ba [ NvrCore] ThreadPool.cpp:472 CreateUtilizationReports : standard task 3 thread utilization : %0 awaiting task count in queue 0
2026-07-21 09:14:57.491 I HEAD-75323ba [ NvrCore] ThreadPool.cpp:476 CreateUtilizationReports : preview cache task 0 thread utilization : %0 awaiting task count in queue 0
2026-07-21 09:14:57.491 I HEAD-75323ba [ NvrCore] ThreadPool.cpp:476 CreateUtilizationReports : preview cache task 1 thread utilization : %0 awaiting task count in queue 0
2026-07-21 09:14:57.491 I HEAD-75323ba [ NvrCore] ThreadPool.cpp:483 CreateUtilizationReports : Event Loop thread [0] thread utilization : %0
2026-07-21 09:14:57.491 I HEAD-75323ba [ NvrCore] ThreadPool.cpp:483 CreateUtilizationReports : Event Loop thread [1] thread utilization : %0
2026-07-21 09:14:57.491 I HEAD-75323ba [ NvrCore] main.cpp:232 operator() : Create thread utilization reports end ...
2026-07-21 09:14:57.499 I HEAD-75323ba [ event poller 0] EventPoller.cpp:228 async_l : Epoll Async Task Size : 1
2026-07-21 09:15:01.497 W HEAD-75323ba [ event poller 1] EventPoller.cpp:511 getMinDelay : Total 6 delay tasks found, we will flush them
2026-07-21 09:15:01.503 I HEAD-75323ba [ event poller 0] EventPoller.cpp:228 async_l : Epoll Async Task Size : 1
2026-07-21 09:15:02.492 I HEAD-75323ba [ NvrCore] ThreadPool.cpp:464 CreateUtilizationReports : Thread utilization report :
2026-07-21 09:15:02.492 I HEAD-75323ba [ NvrCore] ThreadPool.cpp:465 CreateUtilizationReports : db thread utilization : %0 awaiting task count in queue 0
2026-07-21 09:15:02.492 I HEAD-75323ba [ NvrCore] ThreadPool.cpp:466 CreateUtilizationReports : file master thread utilization : %0 awaiting task count in queue 0
2026-07-21 09:15:02.492 I HEAD-75323ba [ NvrCore] ThreadPool.cpp:467 CreateUtilizationReports : file slave thread utilization :%0 awaiting task count in queue 0
2026-07-21 09:15:02.492 I HEAD-75323ba [ NvrCore] ThreadPool.cpp:468 CreateUtilizationReports : ptz thread utilization : %0 awaiting task count in queue 0
2026-07-21 09:15:02.492 I HEAD-75323ba [ NvrCore] ThreadPool.cpp:472 CreateUtilizationReports : standard task 0 thread utilization : %0 awaiting task count in queue 0
2026-07-21 09:15:02.492 I HEAD-75323ba [ NvrCore] ThreadPool.cpp:472 CreateUtilizationReports : standard task 1 thread utilization : %0 awaiting task count in queue 0
2026-07-21 09:15:02.492 I HEAD-75323ba [ NvrCore] ThreadPool.cpp:472 CreateUtilizationReports : standard task 2 thread utilization : %0 awaiting task count in queue 0
2026-07-21 09:15:02.492 I HEAD-75323ba [ NvrCore] ThreadPool.cpp:472 CreateUtilizationReports : standard task 3 thread utilization : %0 awaiting task count in queue 0
2026-07-21 09:15:02.492 I HEAD-75323ba [ NvrCore] ThreadPool.cpp:476 CreateUtilizationReports : preview cache task 0 thread utilization : %0 awaiting task count in queue 0
2026-07-21 09:15:02.492 I HEAD-75323ba [ NvrCore] ThreadPool.cpp:476 CreateUtilizationReports : preview cache task 1 thread utilization : %0 awaiting task count in queue 0
2026-07-21 09:15:02.492 I HEAD-75323ba [ NvrCore] ThreadPool.cpp:483 CreateUtilizationReports : Event Loop thread [0] thread utilization : %0
2026-07-21 09:15:02.492 I HEAD-75323ba [ NvrCore] ThreadPool.cpp:483 CreateUtilizationReports : Event Loop thread [1] thread utilization : %0
2026-07-21 09:15:02.492 I HEAD-75323ba [ NvrCore] main.cpp:232 operator() : Create thread utilization reports end ...
2026-07-21 09:15:05.501 W HEAD-75323ba [ event poller 1] EventPoller.cpp:511 getMinDelay : Total 6 delay tasks found, we will flush them
2026-07-21 09:15:05.507 I HEAD-75323ba [ event poller 0] EventPoller.cpp:228 async_l : Epoll Async Task Size : 1
2026-07-21 09:15:07.490 W HEAD-75323ba [ NvrCore] main.cpp:177 operator() : ======================= [Sys run : Day = 0 , Hour = 0 , Min= 0 , Sec= 30 ]========================= 
2026-07-21 09:15:07.493 I HEAD-75323ba [ NvrCore] ThreadPool.cpp:464 CreateUtilizationReports : Thread utilization report :
2026-07-21 09:15:07.493 I HEAD-75323ba [ NvrCore] ThreadPool.cpp:465 CreateUtilizationReports : db thread utilization : %0 awaiting task count in queue 0
2026-07-21 09:15:07.493 I HEAD-75323ba [ NvrCore] ThreadPool.cpp:466 CreateUtilizationReports : file master thread utilization : %0 awaiting task count in queue 0
2026-07-21 09:15:07.493 I HEAD-75323ba [ NvrCore] ThreadPool.cpp:467 CreateUtilizationReports : file slave thread utilization :%0 awaiting task count in queue 0
2026-07-21 09:15:07.493 I HEAD-75323ba [ NvrCore] ThreadPool.cpp:468 CreateUtilizationReports : ptz thread utilization : %0 awaiting task count in queue 0
2026-07-21 09:15:07.493 I HEAD-75323ba [ NvrCore] ThreadPool.cpp:472 CreateUtilizationReports : standard task 0 thread utilization : %100 awaiting task count in queue 0
2026-07-21 09:15:07.493 I HEAD-75323ba [ NvrCore] ThreadPool.cpp:472 CreateUtilizationReports : standard task 1 thread utilization : %0 awaiting task count in queue 0
2026-07-21 09:15:07.493 I HEAD-75323ba [ NvrCore] ThreadPool.cpp:472 CreateUtilizationReports : standard task 2 thread utilization : %0 awaiting task count in queue 0
2026-07-21 09:15:07.493 I HEAD-75323ba [ NvrCore] ThreadPool.cpp:472 CreateUtilizationReports : standard task 3 thread utilization : %0 awaiting task count in queue 0
2026-07-21 09:15:07.493 I HEAD-75323ba [ NvrCore] ThreadPool.cpp:476 CreateUtilizationReports : preview cache task 0 thread utilization : %0 awaiting task count in queue 0
2026-07-21 09:15:07.493 I HEAD-75323ba [ NvrCore] ThreadPool.cpp:476 CreateUtilizationReports : preview cache task 1 thread utilization : %0 awaiting task count in queue 0
2026-07-21 09:15:07.493 I HEAD-75323ba [ NvrCore] ThreadPool.cpp:483 CreateUtilizationReports : Event Loop thread [0] thread utilization : %0
2026-07-21 09:15:07.493 I HEAD-75323ba [ NvrCore] ThreadPool.cpp:483 CreateUtilizationReports : Event Loop thread [1] thread utilization : %0
2026-07-21 09:15:07.493 I HEAD-75323ba [ NvrCore] main.cpp:232 operator() : Create thread utilization reports end ...
2026-07-21 09:15:09.503 W HEAD-75323ba [ event poller 1] EventPoller.cpp:511 getMinDelay : Total 6 delay tasks found, we will flush them
2026-07-21 09:15:09.509 I HEAD-75323ba [ event poller 0] EventPoller.cpp:228 async_l : Epoll Async Task Size : 1
2026-07-21 09:15:12.493 I HEAD-75323ba [ NvrCore] ThreadPool.cpp:464 CreateUtilizationReports : Thread utilization report :
2026-07-21 09:15:12.493 I HEAD-75323ba [ NvrCore] ThreadPool.cpp:465 CreateUtilizationReports : db thread utilization : %0 awaiting task count in queue 0
2026-07-21 09:15:12.493 I HEAD-75323ba [ NvrCore] ThreadPool.cpp:466 CreateUtilizationReports : file master thread utilization : %0 awaiting task count in queue 0
2026-07-21 09:15:12.493 I HEAD-75323ba [ NvrCore] ThreadPool.cpp:467 CreateUtilizationReports : file slave thread utilization :%0 awaiting task count in queue 0
2026-07-21 09:15:12.493 I HEAD-75323ba [ NvrCore] ThreadPool.cpp:468 CreateUtilizationReports : ptz thread utilization : %0 awaiting task count in queue 0
2026-07-21 09:15:12.493 I HEAD-75323ba [ NvrCore] ThreadPool.cpp:472 CreateUtilizationReports : standard task 0 thread utilization : %0 awaiting task count in queue 0
2026-07-21 09:15:12.493 I HEAD-75323ba [ NvrCore] ThreadPool.cpp:472 CreateUtilizationReports : standard task 1 thread utilization : %0 awaiting task count in queue 0
2026-07-21 09:15:12.493 I HEAD-75323ba [ NvrCore] ThreadPool.cpp:472 CreateUtilizationReports : standard task 2 thread utilization : %0 awaiting task count in queue 0
2026-07-21 09:15:12.493 I HEAD-75323ba [ NvrCore] ThreadPool.cpp:472 CreateUtilizationReports : standard task 3 thread utilization : %0 awaiting task count in queue 0
2026-07-21 09:15:12.493 I HEAD-75323ba [ NvrCore] ThreadPool.cpp:476 CreateUtilizationReports : preview cache task 0 thread utilization : %0 awaiting task count in queue 0
2026-07-21 09:15:12.493 I HEAD-75323ba [ NvrCore] ThreadPool.cpp:476 CreateUtilizationReports : preview cache task 1 thread utilization : %0 awaiting task count in queue 0
2026-07-21 09:15:12.493 I HEAD-75323ba [ NvrCore] ThreadPool.cpp:483 CreateUtilizationReports : Event Loop thread [0] thread utilization : %0
2026-07-21 09:15:12.493 I HEAD-75323ba [ NvrCore] ThreadPool.cpp:483 CreateUtilizationReports : Event Loop thread [1] thread utilization : %0
2026-07-21 09:15:12.493 I HEAD-75323ba [ NvrCore] main.cpp:232 operator() : Create thread utilization reports end ...
2026-07-21 09:15:13.507 W HEAD-75323ba [ event poller 1] EventPoller.cpp:511 getMinDelay : Total 6 delay tasks found, we will flush them
2026-07-21 09:15:13.514 I HEAD-75323ba [ event poller 0] EventPoller.cpp:228 async_l : Epoll Async Task Size : 1
2026-07-21 09:15:17.495 W HEAD-75323ba [ event poller 1] EventPoller.cpp:511 getMinDelay : Total 6 delay tasks found, we will flush them
2026-07-21 09:15:17.495 I HEAD-75323ba [ NvrCore] ThreadPool.cpp:464 CreateUtilizationReports : Thread utilization report :
2026-07-21 09:15:17.495 I HEAD-75323ba [ NvrCore] ThreadPool.cpp:465 CreateUtilizationReports : db thread utilization : %0 awaiting task count in queue 0
2026-07-21 09:15:17.495 I HEAD-75323ba [ NvrCore] ThreadPool.cpp:466 CreateUtilizationReports : file master thread utilization : %0 awaiting task count in queue 0
2026-07-21 09:15:17.495 I HEAD-75323ba [ NvrCore] ThreadPool.cpp:467 CreateUtilizationReports : file slave thread utilization :%0 awaiting task count in queue 0
2026-07-21 09:15:17.495 I HEAD-75323ba [ NvrCore] ThreadPool.cpp:468 CreateUtilizationReports : ptz thread utilization : %0 awaiting task count in queue 0
2026-07-21 09:15:17.495 I HEAD-75323ba [ NvrCore] ThreadPool.cpp:472 CreateUtilizationReports : standard task 0 thread utilization : %0 awaiting task count in queue 0
2026-07-21 09:15:17.495 I HEAD-75323ba [ NvrCore] ThreadPool.cpp:472 CreateUtilizationReports : standard task 1 thread utilization : %0 awaiting task count in queue 0
2026-07-21 09:15:17.495 I HEAD-75323ba [ NvrCore] ThreadPool.cpp:472 CreateUtilizationReports : standard task 2 thread utilization : %0 awaiting task count in queue 0
2026-07-21 09:15:17.495 I HEAD-75323ba [ NvrCore] ThreadPool.cpp:472 CreateUtilizationReports : standard task 3 thread utilization : %100 awaiting task count in queue 0
2026-07-21 09:15:17.495 I HEAD-75323ba [ NvrCore] ThreadPool.cpp:476 CreateUtilizationReports : preview cache task 0 thread utilization : %0 awaiting task count in queue 0
2026-07-21 09:15:17.495 I HEAD-75323ba [ NvrCore] ThreadPool.cpp:476 CreateUtilizationReports : preview cache task 1 thread utilization : %0 awaiting task count in queue 0
2026-07-21 09:15:17.495 I HEAD-75323ba [ NvrCore] ThreadPool.cpp:483 CreateUtilizationReports : Event Loop thread [0] thread utilization : %0
2026-07-21 09:15:17.495 I HEAD-75323ba [ NvrCore] ThreadPool.cpp:483 CreateUtilizationReports : Event Loop thread [1] thread utilization : %0
2026-07-21 09:15:17.495 I HEAD-75323ba [ NvrCore] main.cpp:232 operator() : Create thread utilization reports end ...
2026-07-21 09:15:17.516 I HEAD-75323ba [ event poller 0] EventPoller.cpp:228 async_l : Epoll Async Task Size : 1
2026-07-21 09:15:21.511 W HEAD-75323ba [ event poller 1] EventPoller.cpp:511 getMinDelay : Total 6 delay tasks found, we will flush them
2026-07-21 09:15:21.520 I HEAD-75323ba [ event poller 0] EventPoller.cpp:228 async_l : Epoll Async Task Size : 1
2026-07-21 09:15:22.495 I HEAD-75323ba [ NvrCore] ThreadPool.cpp:464 CreateUtilizationReports : Thread utilization report :
2026-07-21 09:15:22.495 I HEAD-75323ba [ NvrCore] ThreadPool.cpp:465 CreateUtilizationReports : db thread utilization : %0 awaiting task count in queue 0
2026-07-21 09:15:22.495 I HEAD-75323ba [ NvrCore] ThreadPool.cpp:466 CreateUtilizationReports : file master thread utilization : %0 awaiting task count in queue 0
2026-07-21 09:15:22.495 I HEAD-75323ba [ NvrCore] ThreadPool.cpp:467 CreateUtilizationReports : file slave thread utilization :%0 awaiting task count in queue 0
2026-07-21 09:15:22.495 I HEAD-75323ba [ NvrCore] ThreadPool.cpp:468 CreateUtilizationReports : ptz thread utilization : %0 awaiting task count in queue 0
2026-07-21 09:15:22.495 I HEAD-75323ba [ NvrCore] ThreadPool.cpp:472 CreateUtilizationReports : standard task 0 thread utilization : %0 awaiting task count in queue 0
2026-07-21 09:15:22.495 I HEAD-75323ba [ NvrCore] ThreadPool.cpp:472 CreateUtilizationReports : standard task 1 thread utilization : %0 awaiting task count in queue 0
2026-07-21 09:15:22.495 I HEAD-75323ba [ NvrCore] ThreadPool.cpp:472 CreateUtilizationReports : standard task 2 thread utilization : %28 awaiting task count in queue 0
2026-07-21 09:15:22.495 I HEAD-75323ba [ NvrCore] ThreadPool.cpp:472 CreateUtilizationReports : standard task 3 thread utilization : %0 awaiting task count in queue 0
2026-07-21 09:15:22.495 I HEAD-75323ba [ NvrCore] ThreadPool.cpp:476 CreateUtilizationReports : preview cache task 0 thread utilization : %0 awaiting task count in queue 0
2026-07-21 09:15:22.495 I HEAD-75323ba [ NvrCore] ThreadPool.cpp:476 CreateUtilizationReports : preview cache task 1 thread utilization : %0 awaiting task count in queue 0
2026-07-21 09:15:22.496 I HEAD-75323ba [ NvrCore] ThreadPool.cpp:483 CreateUtilizationReports : Event Loop thread [0] thread utilization : %0
2026-07-21 09:15:22.496 I HEAD-75323ba [ NvrCore] ThreadPool.cpp:483 CreateUtilizationReports : Event Loop thread [1] thread utilization : %0
2026-07-21 09:15:22.496 I HEAD-75323ba [ NvrCore] main.cpp:232 operator() : Create thread utilization reports end ...
2026-07-21 09:15:25.511 W HEAD-75323ba [ event poller 1] EventPoller.cpp:511 getMinDelay : Total 6 delay tasks found, we will flush them
2026-07-21 09:15:25.523 I HEAD-75323ba [ event poller 0] EventPoller.cpp:228 async_l : Epoll Async Task Size : 1
2026-07-21 09:15:27.497 I HEAD-75323ba [ NvrCore] ThreadPool.cpp:464 CreateUtilizationReports : Thread utilization report :
2026-07-21 09:15:27.498 I HEAD-75323ba [ NvrCore] ThreadPool.cpp:465 CreateUtilizationReports : db thread utilization : %0 awaiting task count in queue 0
2026-07-21 09:15:27.498 I HEAD-75323ba [ NvrCore] ThreadPool.cpp:466 CreateUtilizationReports : file master thread utilization : %0 awaiting task count in queue 0
2026-07-21 09:15:27.498 I HEAD-75323ba [ NvrCore] ThreadPool.cpp:467 CreateUtilizationReports : file slave thread utilization :%0 awaiting task count in queue 0
2026-07-21 09:15:27.498 I HEAD-75323ba [ NvrCore] ThreadPool.cpp:468 CreateUtilizationReports : ptz thread utilization : %0 awaiting task count in queue 0
2026-07-21 09:15:27.498 I HEAD-75323ba [ NvrCore] ThreadPool.cpp:472 CreateUtilizationReports : standard task 0 thread utilization : %0 awaiting task count in queue 0
2026-07-21 09:15:27.498 I HEAD-75323ba [ NvrCore] ThreadPool.cpp:472 CreateUtilizationReports : standard task 1 thread utilization : %0 awaiting task count in queue 0
2026-07-21 09:15:27.498 I HEAD-75323ba [ NvrCore] ThreadPool.cpp:472 CreateUtilizationReports : standard task 2 thread utilization : %0 awaiting task count in queue 0
2026-07-21 09:15:27.498 I HEAD-75323ba [ NvrCore] ThreadPool.cpp:472 CreateUtilizationReports : standard task 3 thread utilization : %100 awaiting task count in queue 0
2026-07-21 09:15:27.498 I HEAD-75323ba [ NvrCore] ThreadPool.cpp:476 CreateUtilizationReports : preview cache task 0 thread utilization : %0 awaiting task count in queue 0
2026-07-21 09:15:27.498 I HEAD-75323ba [ NvrCore] ThreadPool.cpp:476 CreateUtilizationReports : preview cache task 1 thread utilization : %0 awaiting task count in queue 0
2026-07-21 09:15:27.498 I HEAD-75323ba [ NvrCore] ThreadPool.cpp:483 CreateUtilizationReports : Event Loop thread [0] thread utilization : %0
2026-07-21 09:15:27.498 I HEAD-75323ba [ NvrCore] ThreadPool.cpp:483 CreateUtilizationReports : Event Loop thread [1] thread utilization : %0
2026-07-21 09:15:27.498 I HEAD-75323ba [ NvrCore] main.cpp:232 operator() : Create thread utilization reports end ...
2026-07-21 09:15:29.512 W HEAD-75323ba [ event poller 1] EventPoller.cpp:511 getMinDelay : Total 6 delay tasks found, we will flush them
2026-07-21 09:15:29.525 I HEAD-75323ba [ event poller 0] EventPoller.cpp:228 async_l : Epoll Async Task Size : 1
2026-07-21 09:15:32.498 I HEAD-75323ba [ NvrCore] ThreadPool.cpp:464 CreateUtilizationReports : Thread utilization report :
2026-07-21 09:15:32.498 I HEAD-75323ba [ NvrCore] ThreadPool.cpp:465 CreateUtilizationReports : db thread utilization : %0 awaiting task count in queue 0
2026-07-21 09:15:32.498 I HEAD-75323ba [ NvrCore] ThreadPool.cpp:466 CreateUtilizationReports : file master thread utilization : %0 awaiting task count in queue 0
2026-07-21 09:15:32.498 I HEAD-75323ba [ NvrCore] ThreadPool.cpp:467 CreateUtilizationReports : file slave thread utilization :%0 awaiting task count in queue 0
2026-07-21 09:15:32.498 I HEAD-75323ba [ NvrCore] ThreadPool.cpp:468 CreateUtilizationReports : ptz thread utilization : %0 awaiting task count in queue 0
2026-07-21 09:15:32.498 I HEAD-75323ba [ NvrCore] ThreadPool.cpp:472 CreateUtilizationReports : standard task 0 thread utilization : %0 awaiting task count in queue 0
2026-07-21 09:15:32.498 I HEAD-75323ba [ NvrCore] ThreadPool.cpp:472 CreateUtilizationReports : standard task 1 thread utilization : %0 awaiting task count in queue 0
2026-07-21 09:15:32.498 I HEAD-75323ba [ NvrCore] ThreadPool.cpp:472 CreateUtilizationReports : standard task 2 thread utilization : %0 awaiting task count in queue 0
2026-07-21 09:15:32.498 I HEAD-75323ba [ NvrCore] ThreadPool.cpp:472 CreateUtilizationReports : standard task 3 thread utilization : %0 awaiting task count in queue 0
2026-07-21 09:15:32.498 I HEAD-75323ba [ NvrCore] ThreadPool.cpp:476 CreateUtilizationReports : preview cache task 0 thread utilization : %0 awaiting task count in queue 0
2026-07-21 09:15:32.498 I HEAD-75323ba [ NvrCore] ThreadPool.cpp:476 CreateUtilizationReports : preview cache task 1 thread utilization : %0 awaiting task count in queue 0
2026-07-21 09:15:32.498 I HEAD-75323ba [ NvrCore] ThreadPool.cpp:483 CreateUtilizationReports : Event Loop thread [0] thread utilization : %0
2026-07-21 09:15:32.498 I HEAD-75323ba [ NvrCore] ThreadPool.cpp:483 CreateUtilizationReports : Event Loop thread [1] thread utilization : %0
2026-07-21 09:15:32.498 I HEAD-75323ba [ NvrCore] main.cpp:232 operator() : Create thread utilization reports end ...
2026-07-21 09:15:33.515 W HEAD-75323ba [ event poller 1] EventPoller.cpp:511 getMinDelay : Total 6 delay tasks found, we will flush them
2026-07-21 09:15:33.530 I HEAD-75323ba [ event poller 0] EventPoller.cpp:228 async_l : Epoll Async Task Size : 1
2026-07-21 09:15:37.493 W HEAD-75323ba [ event poller 1] EventPoller.cpp:511 getMinDelay : Total 6 delay tasks found, we will flush them
2026-07-21 09:15:37.493 W HEAD-75323ba [ NvrCore] main.cpp:177 operator() : ======================= [Sys run : Day = 0 , Hour = 0 , Min= 1 , Sec= 0 ]========================= 
2026-07-21 09:15:37.498 I HEAD-75323ba [ NvrCore] ThreadPool.cpp:464 CreateUtilizationReports : Thread utilization report :
2026-07-21 09:15:37.498 I HEAD-75323ba [ NvrCore] ThreadPool.cpp:465 CreateUtilizationReports : db thread utilization : %0 awaiting task count in queue 0
2026-07-21 09:15:37.498 I HEAD-75323ba [ NvrCore] ThreadPool.cpp:466 CreateUtilizationReports : file master thread utilization : %0 awaiting task count in queue 0
2026-07-21 09:15:37.498 I HEAD-75323ba [ NvrCore] ThreadPool.cpp:467 CreateUtilizationReports : file slave thread utilization :%0 awaiting task count in queue 0
2026-07-21 09:15:37.498 I HEAD-75323ba [ NvrCore] ThreadPool.cpp:468 CreateUtilizationReports : ptz thread utilization : %0 awaiting task count in queue 0
2026-07-21 09:15:37.498 I HEAD-75323ba [ NvrCore] ThreadPool.cpp:472 CreateUtilizationReports : standard task 0 thread utilization : %0 awaiting task count in queue 0
2026-07-21 09:15:37.498 I HEAD-75323ba [ NvrCore] ThreadPool.cpp:472 CreateUtilizationReports : standard task 1 thread utilization : %0 awaiting task count in queue 0
2026-07-21 09:15:37.498 I HEAD-75323ba [ NvrCore] ThreadPool.cpp:472 CreateUtilizationReports : standard task 2 thread utilization : %0 awaiting task count in queue 0
2026-07-21 09:15:37.498 I HEAD-75323ba [ NvrCore] ThreadPool.cpp:472 CreateUtilizationReports : standard task 3 thread utilization : %36 awaiting task count in queue 0
2026-07-21 09:15:37.498 I HEAD-75323ba [ NvrCore] ThreadPool.cpp:476 CreateUtilizationReports : preview cache task 0 thread utilization : %0 awaiting task count in queue 0
2026-07-21 09:15:37.498 I HEAD-75323ba [ NvrCore] ThreadPool.cpp:476 CreateUtilizationReports : preview cache task 1 thread utilization : %0 awaiting task count in queue 0
2026-07-21 09:15:37.498 I HEAD-75323ba [ NvrCore] ThreadPool.cpp:483 CreateUtilizationReports : Event Loop thread [0] thread utilization : %0
2026-07-21 09:15:37.498 I HEAD-75323ba [ NvrCore] ThreadPool.cpp:483 CreateUtilizationReports : Event Loop thread [1] thread utilization : %0
2026-07-21 09:15:37.498 I HEAD-75323ba [ NvrCore] main.cpp:232 operator() : Create thread utilization reports end ...
2026-07-21 09:15:37.531 I HEAD-75323ba [ event poller 0] EventPoller.cpp:228 async_l : Epoll Async Task Size : 1
2026-07-21 09:15:41.520 W HEAD-75323ba [ event poller 1] EventPoller.cpp:511 getMinDelay : Total 6 delay tasks found, we will flush them
2026-07-21 09:15:41.535 I HEAD-75323ba [ event poller 0] EventPoller.cpp:228 async_l : Epoll Async Task Size : 1
2026-07-21 09:15:42.499 I HEAD-75323ba [ NvrCore] ThreadPool.cpp:464 CreateUtilizationReports : Thread utilization report :
2026-07-21 09:15:42.499 I HEAD-75323ba [ NvrCore] ThreadPool.cpp:465 CreateUtilizationReports : db thread utilization : %0 awaiting task count in queue 0
2026-07-21 09:15:42.499 I HEAD-75323ba [ NvrCore] ThreadPool.cpp:466 CreateUtilizationReports : file master thread utilization : %0 awaiting task count in queue 0
2026-07-21 09:15:42.499 I HEAD-75323ba [ NvrCore] ThreadPool.cpp:467 CreateUtilizationReports : file slave thread utilization :%0 awaiting task count in queue 0
2026-07-21 09:15:42.499 I HEAD-75323ba [ NvrCore] ThreadPool.cpp:468 CreateUtilizationReports : ptz thread utilization : %0 awaiting task count in queue 0
2026-07-21 09:15:42.499 I HEAD-75323ba [ NvrCore] ThreadPool.cpp:472 CreateUtilizationReports : standard task 0 thread utilization : %0 awaiting task count in queue 0
2026-07-21 09:15:42.499 I HEAD-75323ba [ NvrCore] ThreadPool.cpp:472 CreateUtilizationReports : standard task 1 thread utilization : %0 awaiting task count in queue 0
2026-07-21 09:15:42.499 I HEAD-75323ba [ NvrCore] ThreadPool.cpp:472 CreateUtilizationReports : standard task 2 thread utilization : %0 awaiting task count in queue 0
2026-07-21 09:15:42.499 I HEAD-75323ba [ NvrCore] ThreadPool.cpp:472 CreateUtilizationReports : standard task 3 thread utilization : %0 awaiting task count in queue 0
2026-07-21 09:15:42.499 I HEAD-75323ba [ NvrCore] ThreadPool.cpp:476 CreateUtilizationReports : preview cache task 0 thread utilization : %0 awaiting task count in queue 0
2026-07-21 09:15:42.499 I HEAD-75323ba [ NvrCore] ThreadPool.cpp:476 CreateUtilizationReports : preview cache task 1 thread utilization : %0 awaiting task count in queue 0
2026-07-21 09:15:42.499 I HEAD-75323ba [ NvrCore] ThreadPool.cpp:483 CreateUtilizationReports : Event Loop thread [0] thread utilization : %0
2026-07-21 09:15:42.499 I HEAD-75323ba [ NvrCore] ThreadPool.cpp:483 CreateUtilizationReports : Event Loop thread [1] thread utilization : %0
2026-07-21 09:15:42.499 I HEAD-75323ba [ NvrCore] main.cpp:232 operator() : Create thread utilization reports end ...
2026-07-21 09:15:44.688 I HEAD-75323ba [ NvrCore] main.cpp:500 operator() : A Device connected to system.. Trying to understand type of device.. [
2026-07-21 09:15:44.689 I HEAD-75323ba [ NvrCore] main.cpp:500 operator() : A Device connected to system.. Trying to understand type of device.. [
2026-07-21 09:15:44.689 I HEAD-75323ba [ NvrCore] main.cpp:500 operator() : A Device connected to system.. Trying to understand type of device.. [
2026-07-21 09:15:44.695 I HEAD-75323ba [ NvrCore] main.cpp:500 operator() : A Device connected to system.. Trying to understand type of device.. [
2026-07-21 09:15:44.695 I HEAD-75323ba [ NvrCore] main.cpp:500 operator() : A Device connected to system.. Trying to understand type of device.. [
2026-07-21 09:15:44.695 I HEAD-75323ba [ NvrCore] main.cpp:500 operator() : A Device connected to system.. Trying to understand type of device.. [
2026-07-21 09:15:44.696 I HEAD-75323ba [ NvrCore] main.cpp:500 operator() : A Device connected to system.. Trying to understand type of device.. [
2026-07-21 09:15:44.696 I HEAD-75323ba [ NvrCore] main.cpp:500 operator() : A Device connected to system.. Trying to understand type of device.. [
2026-07-21 09:15:44.698 I HEAD-75323ba [ NvrCore] main.cpp:500 operator() : A Device connected to system.. Trying to understand type of device.. [
2026-07-21 09:15:45.522 W HEAD-75323ba [ event poller 1] EventPoller.cpp:511 getMinDelay : Total 6 delay tasks found, we will flush them
2026-07-21 09:15:45.539 I HEAD-75323ba [ event poller 0] EventPoller.cpp:228 async_l : Epoll Async Task Size : 1
2026-07-21 09:15:47.499 I HEAD-75323ba [ NvrCore] ThreadPool.cpp:464 CreateUtilizationReports : Thread utilization report :
2026-07-21 09:15:47.499 I HEAD-75323ba [ NvrCore] ThreadPool.cpp:465 CreateUtilizationReports : db thread utilization : %0 awaiting task count in queue 0
2026-07-21 09:15:47.499 I HEAD-75323ba [ NvrCore] ThreadPool.cpp:466 CreateUtilizationReports : file master thread utilization : %0 awaiting task count in queue 0
2026-07-21 09:15:47.499 I HEAD-75323ba [ NvrCore] ThreadPool.cpp:467 CreateUtilizationReports : file slave thread utilization :%0 awaiting task count in queue 0
2026-07-21 09:15:47.499 I HEAD-75323ba [ NvrCore] ThreadPool.cpp:468 CreateUtilizationReports : ptz thread utilization : %0 awaiting task count in queue 0
2026-07-21 09:15:47.499 I HEAD-75323ba [ NvrCore] ThreadPool.cpp:472 CreateUtilizationReports : standard task 0 thread utilization : %0 awaiting task count in queue 0
2026-07-21 09:15:47.499 I HEAD-75323ba [ NvrCore] ThreadPool.cpp:472 CreateUtilizationReports : standard task 1 thread utilization : %0 awaiting task count in queue 0
2026-07-21 09:15:47.499 I HEAD-75323ba [ NvrCore] ThreadPool.cpp:472 CreateUtilizationReports : standard task 2 thread utilization : %0 awaiting task count in queue 0
2026-07-21 09:15:47.499 I HEAD-75323ba [ NvrCore] ThreadPool.cpp:472 CreateUtilizationReports : standard task 3 thread utilization : %0 awaiting task count in queue 0
2026-07-21 09:15:47.499 I HEAD-75323ba [ NvrCore] ThreadPool.cpp:476 CreateUtilizationReports : preview cache task 0 thread utilization : %0 awaiting task count in queue 0
2026-07-21 09:15:47.499 I HEAD-75323ba [ NvrCore] ThreadPool.cpp:476 CreateUtilizationReports : preview cache task 1 thread utilization : %0 awaiting task count in queue 0
2026-07-21 09:15:47.499 I HEAD-75323ba [ NvrCore] ThreadPool.cpp:483 CreateUtilizationReports : Event Loop thread [0] thread utilization : %0
2026-07-21 09:15:47.499 I HEAD-75323ba [ NvrCore] ThreadPool.cpp:483 CreateUtilizationReports : Event Loop thread [1] thread utilization : %0
2026-07-21 09:15:47.499 I HEAD-75323ba [ NvrCore] main.cpp:232 operator() : Create thread utilization reports end ...
2026-07-21 09:15:49.522 W HEAD-75323ba [ event poller 1] EventPoller.cpp:511 getMinDelay : Total 6 delay tasks found, we will flush them
2026-07-21 09:15:49.543 I HEAD-75323ba [ event poller 0] EventPoller.cpp:228 async_l : Epoll Async Task Size : 1
2026-07-21 09:15:52.499 I HEAD-75323ba [ NvrCore] ThreadPool.cpp:464 CreateUtilizationReports : Thread utilization report :
2026-07-21 09:15:52.499 I HEAD-75323ba [ NvrCore] ThreadPool.cpp:465 CreateUtilizationReports : db thread utilization : %0 awaiting task count in queue 0
2026-07-21 09:15:52.499 I HEAD-75323ba [ NvrCore] ThreadPool.cpp:466 CreateUtilizationReports : file master thread utilization : %0 awaiting task count in queue 0
2026-07-21 09:15:52.499 I HEAD-75323ba [ NvrCore] ThreadPool.cpp:467 CreateUtilizationReports : file slave thread utilization :%0 awaiting task count in queue 0
2026-07-21 09:15:52.499 I HEAD-75323ba [ NvrCore] ThreadPool.cpp:468 CreateUtilizationReports : ptz thread utilization : %0 awaiting task count in queue 0
2026-07-21 09:15:52.499 I HEAD-75323ba [ NvrCore] ThreadPool.cpp:472 CreateUtilizationReports : standard task 0 thread utilization : %0 awaiting task count in queue 0
2026-07-21 09:15:52.499 I HEAD-75323ba [ NvrCore] ThreadPool.cpp:472 CreateUtilizationReports : standard task 1 thread utilization : %0 awaiting task count in queue 0
2026-07-21 09:15:52.499 I HEAD-75323ba [ NvrCore] ThreadPool.cpp:472 CreateUtilizationReports : standard task 2 thread utilization : %0 awaiting task count in queue 0
2026-07-21 09:15:52.499 I HEAD-75323ba [ NvrCore] ThreadPool.cpp:472 CreateUtilizationReports : standard task 3 thread utilization : %0 awaiting task count in queue 0
2026-07-21 09:15:52.499 I HEAD-75323ba [ NvrCore] ThreadPool.cpp:476 CreateUtilizationReports : preview cache task 0 thread utilization : %0 awaiting task count in queue 0
2026-07-21 09:15:52.499 I HEAD-75323ba [ NvrCore] ThreadPool.cpp:476 CreateUtilizationReports : preview cache task 1 thread utilization : %0 awaiting task count in queue 0
2026-07-21 09:15:52.499 I HEAD-75323ba [ NvrCore] ThreadPool.cpp:483 CreateUtilizationReports : Event Loop thread [0] thread utilization : %0
2026-07-21 09:15:52.499 I HEAD-75323ba [ NvrCore] ThreadPool.cpp:483 CreateUtilizationReports : Event Loop thread [1] thread utilization : %0
2026-07-21 09:15:52.499 I HEAD-75323ba [ NvrCore] main.cpp:232 operator() : Create thread utilization reports end ...
2026-07-21 09:15:53.523 W HEAD-75323ba [ event poller 1] EventPoller.cpp:511 getMinDelay : Total 6 delay tasks found, we will flush them
2026-07-21 09:15:53.547 I HEAD-75323ba [ event poller 0] EventPoller.cpp:228 async_l : Epoll Async Task Size : 1
2026-07-21 09:15:57.501 W HEAD-75323ba [ event poller 1] EventPoller.cpp:511 getMinDelay : Total 6 delay tasks found, we will flush them
2026-07-21 09:15:57.501 I HEAD-75323ba [ NvrCore] ThreadPool.cpp:464 CreateUtilizationReports : Thread utilization report :
2026-07-21 09:15:57.501 I HEAD-75323ba [ NvrCore] ThreadPool.cpp:465 CreateUtilizationReports : db thread utilization : %0 awaiting task count in queue 0
2026-07-21 09:15:57.501 I HEAD-75323ba [ NvrCore] ThreadPool.cpp:466 CreateUtilizationReports : file master thread utilization : %0 awaiting task count in queue 0
2026-07-21 09:15:57.501 I HEAD-75323ba [ NvrCore] ThreadPool.cpp:467 CreateUtilizationReports : file slave thread utilization :%0 awaiting task count in queue 0
2026-07-21 09:15:57.501 I HEAD-75323ba [ NvrCore] ThreadPool.cpp:468 CreateUtilizationReports : ptz thread utilization : %0 awaiting task count in queue 0
2026-07-21 09:15:57.501 I HEAD-75323ba [ NvrCore] ThreadPool.cpp:472 CreateUtilizationReports : standard task 0 thread utilization : %0 awaiting task count in queue 0
2026-07-21 09:15:57.501 I HEAD-75323ba [ NvrCore] ThreadPool.cpp:472 CreateUtilizationReports : standard task 1 thread utilization : %0 awaiting task count in queue 0
2026-07-21 09:15:57.501 I HEAD-75323ba [ NvrCore] ThreadPool.cpp:472 CreateUtilizationReports : standard task 2 thread utilization : %0 awaiting task count in queue 0
2026-07-21 09:15:57.501 I HEAD-75323ba [ NvrCore] ThreadPool.cpp:472 CreateUtilizationReports : standard task 3 thread utilization : %100 awaiting task count in queue 0
2026-07-21 09:15:57.501 I HEAD-75323ba [ NvrCore] ThreadPool.cpp:476 CreateUtilizationReports : preview cache task 0 thread utilization : %0 awaiting task count in queue 0
2026-07-21 09:15:57.501 I HEAD-75323ba [ NvrCore] ThreadPool.cpp:476 CreateUtilizationReports : preview cache task 1 thread utilization : %0 awaiting task count in queue 0
2026-07-21 09:15:57.501 I HEAD-75323ba [ NvrCore] ThreadPool.cpp:483 CreateUtilizationReports : Event Loop thread [0] thread utilization : %0
2026-07-21 09:15:57.501 I HEAD-75323ba [ NvrCore] ThreadPool.cpp:483 CreateUtilizationReports : Event Loop thread [1] thread utilization : %0
2026-07-21 09:15:57.501 I HEAD-75323ba [ NvrCore] main.cpp:232 operator() : Create thread utilization reports end ...
2026-07-21 09:15:57.549 I HEAD-75323ba [ event poller 0] EventPoller.cpp:228 async_l : Epoll Async Task Size : 1
2026-07-21 17:15:53.933 W HEAD-75323ba [ stamp thread] util.cpp:414 operator() : Stamp expired is not abnormal:28795864236
2026-07-21 17:15:57.388 W HEAD-75323ba [ event poller 1] EventPoller.cpp:511 getMinDelay : Total 6 delay tasks found, we will flush them
2026-07-21 17:15:57.417 I HEAD-75323ba [ event poller 0] EventPoller.cpp:228 async_l : Epoll Async Task Size : 1
2026-07-21 17:15:58.366 I HEAD-75323ba [ NvrCore] ThreadPool.cpp:464 CreateUtilizationReports : Thread utilization report :
2026-07-21 17:15:58.366 I HEAD-75323ba [ NvrCore] ThreadPool.cpp:465 CreateUtilizationReports : db thread utilization : %0 awaiting task count in queue 0
2026-07-21 17:15:58.366 I HEAD-75323ba [ NvrCore] ThreadPool.cpp:466 CreateUtilizationReports : file master thread utilization : %0 awaiting task count in queue 0
2026-07-21 17:15:58.366 I HEAD-75323ba [ NvrCore] ThreadPool.cpp:467 CreateUtilizationReports : file slave thread utilization :%0 awaiting task count in queue 0
2026-07-21 17:15:58.366 I HEAD-75323ba [ NvrCore] ThreadPool.cpp:468 CreateUtilizationReports : ptz thread utilization : %0 awaiting task count in queue 0
2026-07-21 17:15:58.366 I HEAD-75323ba [ NvrCore] ThreadPool.cpp:472 CreateUtilizationReports : standard task 0 thread utilization : %0 awaiting task count in queue 0
2026-07-21 17:15:58.366 I HEAD-75323ba [ NvrCore] ThreadPool.cpp:472 CreateUtilizationReports : standard task 1 thread utilization : %0 awaiting task count in queue 0
2026-07-21 17:15:58.366 I HEAD-75323ba [ NvrCore] ThreadPool.cpp:472 CreateUtilizationReports : standard task 2 thread utilization : %0 awaiting task count in queue 0
2026-07-21 17:15:58.366 I HEAD-75323ba [ NvrCore] ThreadPool.cpp:472 CreateUtilizationReports : standard task 3 thread utilization : %0 awaiting task count in queue 0
2026-07-21 17:15:58.366 I HEAD-75323ba [ NvrCore] ThreadPool.cpp:476 CreateUtilizationReports : preview cache task 0 thread utilization : %0 awaiting task count in queue 0
2026-07-21 17:15:58.366 I HEAD-75323ba [ NvrCore] ThreadPool.cpp:476 CreateUtilizationReports : preview cache task 1 thread utilization : %0 awaiting task count in queue 0
2026-07-21 17:15:58.366 I HEAD-75323ba [ NvrCore] ThreadPool.cpp:483 CreateUtilizationReports : Event Loop thread [0] thread utilization : %0
2026-07-21 17:15:58.366 I HEAD-75323ba [ NvrCore] ThreadPool.cpp:483 CreateUtilizationReports : Event Loop thread [1] thread utilization : %0
2026-07-21 17:15:58.366 I HEAD-75323ba [ NvrCore] main.cpp:232 operator() : Create thread utilization reports end ...
2026-07-21 17:16:01.391 W HEAD-75323ba [ event poller 1] EventPoller.cpp:511 getMinDelay : Total 6 delay tasks found, we will flush them
2026-07-21 17:16:01.421 I HEAD-75323ba [ event poller 0] EventPoller.cpp:228 async_l : Epoll Async Task Size : 1
2026-07-21 17:16:03.359 W HEAD-75323ba [ NvrCore] main.cpp:177 operator() : ======================= [Sys run : Day = 0 , Hour = 0 , Min= 1 , Sec= 30 ]========================= 
2026-07-21 17:16:03.367 I HEAD-75323ba [ NvrCore] ThreadPool.cpp:464 CreateUtilizationReports : Thread utilization report :
2026-07-21 17:16:03.367 I HEAD-75323ba [ NvrCore] ThreadPool.cpp:465 CreateUtilizationReports : db thread utilization : %0 awaiting task count in queue 0
2026-07-21 17:16:03.367 I HEAD-75323ba [ NvrCore] ThreadPool.cpp:466 CreateUtilizationReports : file master thread utilization : %0 awaiting task count in queue 0
2026-07-21 17:16:03.367 I HEAD-75323ba [ NvrCore] ThreadPool.cpp:467 CreateUtilizationReports : file slave thread utilization :%0 awaiting task count in queue 0
2026-07-21 17:16:03.367 I HEAD-75323ba [ NvrCore] ThreadPool.cpp:468 CreateUtilizationReports : ptz thread utilization : %0 awaiting task count in queue 0
2026-07-21 17:16:03.367 I HEAD-75323ba [ NvrCore] ThreadPool.cpp:472 CreateUtilizationReports : standard task 0 thread utilization : %0 awaiting task count in queue 0
2026-07-21 17:16:03.367 I HEAD-75323ba [ NvrCore] ThreadPool.cpp:472 CreateUtilizationReports : standard task 1 thread utilization : %0 awaiting task count in queue 0
2026-07-21 17:16:03.367 I HEAD-75323ba [ NvrCore] ThreadPool.cpp:472 CreateUtilizationReports : standard task 2 thread utilization : %0 awaiting task count in queue 0
2026-07-21 17:16:03.367 I HEAD-75323ba [ NvrCore] ThreadPool.cpp:472 CreateUtilizationReports : standard task 3 thread utilization : %12 awaiting task count in queue 0
2026-07-21 17:16:03.367 I HEAD-75323ba [ NvrCore] ThreadPool.cpp:476 CreateUtilizationReports : preview cache task 0 thread utilization : %0 awaiting task count in queue 0
2026-07-21 17:16:03.367 I HEAD-75323ba [ NvrCore] ThreadPool.cpp:476 CreateUtilizationReports : preview cache task 1 thread utilization : %0 awaiting task count in queue 0
2026-07-21 17:16:03.367 I HEAD-75323ba [ NvrCore] ThreadPool.cpp:483 CreateUtilizationReports : Event Loop thread [0] thread utilization : %0
2026-07-21 17:16:03.367 I HEAD-75323ba [ NvrCore] ThreadPool.cpp:483 CreateUtilizationReports : Event Loop thread [1] thread utilization : %0
2026-07-21 17:16:03.367 I HEAD-75323ba [ NvrCore] main.cpp:232 operator() : Create thread utilization reports end ...
2026-07-21 17:16:05.391 W HEAD-75323ba [ event poller 1] EventPoller.cpp:511 getMinDelay : Total 6 delay tasks found, we will flush them
2026-07-21 17:16:05.423 I HEAD-75323ba [ event poller 0] EventPoller.cpp:228 async_l : Epoll Async Task Size : 1
2026-07-21 17:16:08.368 I HEAD-75323ba [ NvrCore] ThreadPool.cpp:464 CreateUtilizationReports : Thread utilization report :
2026-07-21 17:16:08.368 I HEAD-75323ba [ NvrCore] ThreadPool.cpp:465 CreateUtilizationReports : db thread utilization : %0 awaiting task count in queue 0
2026-07-21 17:16:08.368 I HEAD-75323ba [ NvrCore] ThreadPool.cpp:466 CreateUtilizationReports : file master thread utilization : %0 awaiting task count in queue 0
2026-07-21 17:16:08.368 I HEAD-75323ba [ NvrCore] ThreadPool.cpp:467 CreateUtilizationReports : file slave thread utilization :%0 awaiting task count in queue 0
2026-07-21 17:16:08.368 I HEAD-75323ba [ NvrCore] ThreadPool.cpp:468 CreateUtilizationReports : ptz thread utilization : %0 awaiting task count in queue 0
2026-07-21 17:16:08.368 I HEAD-75323ba [ NvrCore] ThreadPool.cpp:472 CreateUtilizationReports : standard task 0 thread utilization : %0 awaiting task count in queue 0
2026-07-21 17:16:08.368 I HEAD-75323ba [ NvrCore] ThreadPool.cpp:472 CreateUtilizationReports : standard task 1 thread utilization : %0 awaiting task count in queue 0
2026-07-21 17:16:08.368 I HEAD-75323ba [ NvrCore] ThreadPool.cpp:472 CreateUtilizationReports : standard task 2 thread utilization : %0 awaiting task count in queue 0
2026-07-21 17:16:08.368 I HEAD-75323ba [ NvrCore] ThreadPool.cpp:472 CreateUtilizationReports : standard task 3 thread utilization : %0 awaiting task count in queue 0
2026-07-21 17:16:08.368 I HEAD-75323ba [ NvrCore] ThreadPool.cpp:476 CreateUtilizationReports : preview cache task 0 thread utilization : %0 awaiting task count in queue 0
2026-07-21 17:16:08.368 I HEAD-75323ba [ NvrCore] ThreadPool.cpp:476 CreateUtilizationReports : preview cache task 1 thread utilization : %0 awaiting task count in queue 0
2026-07-21 17:16:08.368 I HEAD-75323ba [ NvrCore] ThreadPool.cpp:483 CreateUtilizationReports : Event Loop thread [0] thread utilization : %0
2026-07-21 17:16:08.368 I HEAD-75323ba [ NvrCore] ThreadPool.cpp:483 CreateUtilizationReports : Event Loop thread [1] thread utilization : %0
2026-07-21 17:16:08.368 I HEAD-75323ba [ NvrCore] main.cpp:232 operator() : Create thread utilization reports end ...
2026-07-21 17:16:09.394 W HEAD-75323ba [ event poller 1] EventPoller.cpp:511 getMinDelay : Total 6 delay tasks found, we will flush them
2026-07-21 17:16:09.427 I HEAD-75323ba [ event poller 0] EventPoller.cpp:228 async_l : Epoll Async Task Size : 1
2026-07-21 17:16:13.370 W HEAD-75323ba [ event poller 1] EventPoller.cpp:511 getMinDelay : Total 6 delay tasks found, we will flush them
2026-07-21 17:16:13.370 W HEAD-75323ba [ event poller 0] EventPoller.cpp:511 getMinDelay : Total 8 delay tasks found, we will flush them
2026-07-21 17:16:13.371 I HEAD-75323ba [ NvrCore] ThreadPool.cpp:464 CreateUtilizationReports : Thread utilization report :
2026-07-21 17:16:13.371 I HEAD-75323ba [ NvrCore] ThreadPool.cpp:465 CreateUtilizationReports : db thread utilization : %0 awaiting task count in queue 0
2026-07-21 17:16:13.371 I HEAD-75323ba [ NvrCore] ThreadPool.cpp:466 CreateUtilizationReports : file master thread utilization : %0 awaiting task count in queue 0
2026-07-21 17:16:13.371 I HEAD-75323ba [ NvrCore] ThreadPool.cpp:467 CreateUtilizationReports : file slave thread utilization :%0 awaiting task count in queue 0
2026-07-21 17:16:13.371 I HEAD-75323ba [ NvrCore] ThreadPool.cpp:468 CreateUtilizationReports : ptz thread utilization : %0 awaiting task count in queue 0
2026-07-21 17:16:13.371 I HEAD-75323ba [ NvrCore] ThreadPool.cpp:472 CreateUtilizationReports : standard task 0 thread utilization : %0 awaiting task count in queue 0
2026-07-21 17:16:13.371 I HEAD-75323ba [ NvrCore] ThreadPool.cpp:472 CreateUtilizationReports : standard task 1 thread utilization : %0 awaiting task count in queue 0
2026-07-21 17:16:13.371 I HEAD-75323ba [ NvrCore] ThreadPool.cpp:472 CreateUtilizationReports : standard task 2 thread utilization : %0 awaiting task count in queue 0
2026-07-21 17:16:13.371 I HEAD-75323ba [ NvrCore] ThreadPool.cpp:472 CreateUtilizationReports : standard task 3 thread utilization : %0 awaiting task count in queue 0
2026-07-21 17:16:13.371 I HEAD-75323ba [ NvrCore] ThreadPool.cpp:476 CreateUtilizationReports : preview cache task 0 thread utilization : %0 awaiting task count in queue 0
2026-07-21 17:16:13.371 I HEAD-75323ba [ NvrCore] ThreadPool.cpp:476 CreateUtilizationReports : preview cache task 1 thread utilization : %0 awaiting task count in queue 0
2026-07-21 17:16:13.371 I HEAD-75323ba [ NvrCore] ThreadPool.cpp:483 CreateUtilizationReports : Event Loop thread [0] thread utilization : %0
2026-07-21 17:16:13.371 I HEAD-75323ba [ NvrCore] ThreadPool.cpp:483 CreateUtilizationReports : Event Loop thread [1] thread utilization : %0
2026-07-21 17:16:13.371 I HEAD-75323ba [ NvrCore] main.cpp:232 operator() : Create thread utilization reports end ...
2026-07-21 17:16:13.430 I HEAD-75323ba [ event poller 0] EventPoller.cpp:228 async_l : Epoll Async Task Size : 1
2026-07-21 17:16:17.399 W HEAD-75323ba [ event poller 1] EventPoller.cpp:511 getMinDelay : Total 6 delay tasks found, we will flush them
2026-07-21 17:16:17.430 I HEAD-75323ba [ event poller 0] EventPoller.cpp:228 async_l : Epoll Async Task Size : 1
2026-07-21 17:16:18.370 I HEAD-75323ba [ NvrCore] ThreadPool.cpp:464 CreateUtilizationReports : Thread utilization report :
2026-07-21 17:16:18.370 I HEAD-75323ba [ NvrCore] ThreadPool.cpp:465 CreateUtilizationReports : db thread utilization : %0 awaiting task count in queue 0
2026-07-21 17:16:18.370 I HEAD-75323ba [ NvrCore] ThreadPool.cpp:466 CreateUtilizationReports : file master thread utilization : %0 awaiting task count in queue 0
2026-07-21 17:16:18.370 I HEAD-75323ba [ NvrCore] ThreadPool.cpp:467 CreateUtilizationReports : file slave thread utilization :%0 awaiting task count in queue 0
2026-07-21 17:16:18.370 I HEAD-75323ba [ NvrCore] ThreadPool.cpp:468 CreateUtilizationReports : ptz thread utilization : %0 awaiting task count in queue 0
2026-07-21 17:16:18.370 I HEAD-75323ba [ NvrCore] ThreadPool.cpp:472 CreateUtilizationReports : standard task 0 thread utilization : %0 awaiting task count in queue 0
2026-07-21 17:16:18.370 I HEAD-75323ba [ NvrCore] ThreadPool.cpp:472 CreateUtilizationReports : standard task 1 thread utilization : %0 awaiting task count in queue 0
2026-07-21 17:16:18.370 I HEAD-75323ba [ NvrCore] ThreadPool.cpp:472 CreateUtilizationReports : standard task 2 thread utilization : %0 awaiting task count in queue 0
2026-07-21 17:16:18.370 I HEAD-75323ba [ NvrCore] ThreadPool.cpp:472 CreateUtilizationReports : standard task 3 thread utilization : %0 awaiting task count in queue 0
2026-07-21 17:16:18.370 I HEAD-75323ba [ NvrCore] ThreadPool.cpp:476 CreateUtilizationReports : preview cache task 0 thread utilization : %0 awaiting task count in queue 0
2026-07-21 17:16:18.370 I HEAD-75323ba [ NvrCore] ThreadPool.cpp:476 CreateUtilizationReports : preview cache task 1 thread utilization : %0 awaiting task count in queue 0
2026-07-21 17:16:18.370 I HEAD-75323ba [ NvrCore] ThreadPool.cpp:483 CreateUtilizationReports : Event Loop thread [0] thread utilization : %0
2026-07-21 17:16:18.370 I HEAD-75323ba [ NvrCore] ThreadPool.cpp:483 CreateUtilizationReports : Event Loop thread [1] thread utilization : %0
2026-07-21 17:16:18.370 I HEAD-75323ba [ NvrCore] main.cpp:232 operator() : Create thread utilization reports end ...
2026-07-21 17:16:21.401 W HEAD-75323ba [ event poller 1] EventPoller.cpp:511 getMinDelay : Total 6 delay tasks found, we will flush them
2026-07-21 17:16:21.435 I HEAD-75323ba [ event poller 0] EventPoller.cpp:228 async_l : Epoll Async Task Size : 1
2026-07-21 17:16:23.371 I HEAD-75323ba [ NvrCore] ThreadPool.cpp:464 CreateUtilizationReports : Thread utilization report :
2026-07-21 17:16:23.371 I HEAD-75323ba [ NvrCore] ThreadPool.cpp:465 CreateUtilizationReports : db thread utilization : %0 awaiting task count in queue 0
2026-07-21 17:16:23.371 I HEAD-75323ba [ NvrCore] ThreadPool.cpp:466 CreateUtilizationReports : file master thread utilization : %0 awaiting task count in queue 0
2026-07-21 17:16:23.371 I HEAD-75323ba [ NvrCore] ThreadPool.cpp:467 CreateUtilizationReports : file slave thread utilization :%0 awaiting task count in queue 0
2026-07-21 17:16:23.371 I HEAD-75323ba [ NvrCore] ThreadPool.cpp:468 CreateUtilizationReports : ptz thread utilization : %0 awaiting task count in queue 0
2026-07-21 17:16:23.371 I HEAD-75323ba [ NvrCore] ThreadPool.cpp:472 CreateUtilizationReports : standard task 0 thread utilization : %0 awaiting task count in queue 0
2026-07-21 17:16:23.371 I HEAD-75323ba [ NvrCore] ThreadPool.cpp:472 CreateUtilizationReports : standard task 1 thread utilization : %0 awaiting task count in queue 0
2026-07-21 17:16:23.371 I HEAD-75323ba [ NvrCore] ThreadPool.cpp:472 CreateUtilizationReports : standard task 2 thread utilization : %0 awaiting task count in queue 0
2026-07-21 17:16:23.371 I HEAD-75323ba [ NvrCore] ThreadPool.cpp:472 CreateUtilizationReports : standard task 3 thread utilization : %0 awaiting task count in queue 0
2026-07-21 17:16:23.371 I HEAD-75323ba [ NvrCore] ThreadPool.cpp:476 CreateUtilizationReports : preview cache task 0 thread utilization : %0 awaiting task count in queue 0
2026-07-21 17:16:23.371 I HEAD-75323ba [ NvrCore] ThreadPool.cpp:476 CreateUtilizationReports : preview cache task 1 thread utilization : %0 awaiting task count in queue 0
2026-07-21 17:16:23.371 I HEAD-75323ba [ NvrCore] ThreadPool.cpp:483 CreateUtilizationReports : Event Loop thread [0] thread utilization : %0
2026-07-21 17:16:23.371 I HEAD-75323ba [ NvrCore] ThreadPool.cpp:483 CreateUtilizationReports : Event Loop thread [1] thread utilization : %0
2026-07-21 17:16:23.371 I HEAD-75323ba [ NvrCore] main.cpp:232 operator() : Create thread utilization reports end ...
2026-07-21 17:16:25.403 W HEAD-75323ba [ event poller 1] EventPoller.cpp:511 getMinDelay : Total 6 delay tasks found, we will flush them
2026-07-21 17:16:25.437 I HEAD-75323ba [ event poller 0] EventPoller.cpp:228 async_l : Epoll Async Task Size : 1
2026-07-21 17:16:28.371 I HEAD-75323ba [ NvrCore] ThreadPool.cpp:464 CreateUtilizationReports : Thread utilization report :
2026-07-21 17:16:28.371 I HEAD-75323ba [ NvrCore] ThreadPool.cpp:465 CreateUtilizationReports : db thread utilization : %0 awaiting task count in queue 0
2026-07-21 17:16:28.371 I HEAD-75323ba [ NvrCore] ThreadPool.cpp:466 CreateUtilizationReports : file master thread utilization : %0 awaiting task count in queue 0
2026-07-21 17:16:28.371 I HEAD-75323ba [ NvrCore] ThreadPool.cpp:467 CreateUtilizationReports : file slave thread utilization :%0 awaiting task count in queue 0
2026-07-21 17:16:28.371 I HEAD-75323ba [ NvrCore] ThreadPool.cpp:468 CreateUtilizationReports : ptz thread utilization : %0 awaiting task count in queue 0
2026-07-21 17:16:28.371 I HEAD-75323ba [ NvrCore] ThreadPool.cpp:472 CreateUtilizationReports : standard task 0 thread utilization : %0 awaiting task count in queue 0
2026-07-21 17:16:28.371 I HEAD-75323ba [ NvrCore] ThreadPool.cpp:472 CreateUtilizationReports : standard task 1 thread utilization : %0 awaiting task count in queue 0
2026-07-21 17:16:28.371 I HEAD-75323ba [ NvrCore] ThreadPool.cpp:472 CreateUtilizationReports : standard task 2 thread utilization : %0 awaiting task count in queue 0
2026-07-21 17:16:28.371 I HEAD-75323ba [ NvrCore] ThreadPool.cpp:472 CreateUtilizationReports : standard task 3 thread utilization : %0 awaiting task count in queue 0
2026-07-21 17:16:28.371 I HEAD-75323ba [ NvrCore] ThreadPool.cpp:476 CreateUtilizationReports : preview cache task 0 thread utilization : %0 awaiting task count in queue 0
2026-07-21 17:16:28.371 I HEAD-75323ba [ NvrCore] ThreadPool.cpp:476 CreateUtilizationReports : preview cache task 1 thread utilization : %0 awaiting task count in queue 0
2026-07-21 17:16:28.371 I HEAD-75323ba [ NvrCore] ThreadPool.cpp:483 CreateUtilizationReports : Event Loop thread [0] thread utilization : %0
2026-07-21 17:16:28.371 I HEAD-75323ba [ NvrCore] ThreadPool.cpp:483 CreateUtilizationReports : Event Loop thread [1] thread utilization : %0
2026-07-21 17:16:28.371 I HEAD-75323ba [ NvrCore] main.cpp:232 operator() : Create thread utilization reports end ...
2026-07-21 17:16:29.406 W HEAD-75323ba [ event poller 1] EventPoller.cpp:511 getMinDelay : Total 6 delay tasks found, we will flush them
2026-07-21 17:16:29.441 I HEAD-75323ba [ event poller 0] EventPoller.cpp:228 async_l : Epoll Async Task Size : 1
2026-07-21 17:16:33.358 W HEAD-75323ba [ event poller 1] EventPoller.cpp:511 getMinDelay : Total 6 delay tasks found, we will flush them
2026-07-21 17:16:33.358 W HEAD-75323ba [ NvrCore] main.cpp:177 operator() : ======================= [Sys run : Day = 0 , Hour = 0 , Min= 2 , Sec= 0 ]========================= 
2026-07-21 17:16:33.371 I HEAD-75323ba [ NvrCore] ThreadPool.cpp:464 CreateUtilizationReports : Thread utilization report :
2026-07-21 17:16:33.371 I HEAD-75323ba [ NvrCore] ThreadPool.cpp:465 CreateUtilizationReports : db thread utilization : %0 awaiting task count in queue 0
2026-07-21 17:16:33.371 I HEAD-75323ba [ NvrCore] ThreadPool.cpp:466 CreateUtilizationReports : file master thread utilization : %0 awaiting task count in queue 0
2026-07-21 17:16:33.371 I HEAD-75323ba [ NvrCore] ThreadPool.cpp:467 CreateUtilizationReports : file slave thread utilization :%0 awaiting task count in queue 0
2026-07-21 17:16:33.371 I HEAD-75323ba [ NvrCore] ThreadPool.cpp:468 CreateUtilizationReports : ptz thread utilization : %0 awaiting task count in queue 0
2026-07-21 17:16:33.371 I HEAD-75323ba [ NvrCore] ThreadPool.cpp:472 CreateUtilizationReports : standard task 0 thread utilization : %0 awaiting task count in queue 0
2026-07-21 17:16:33.372 I HEAD-75323ba [ NvrCore] ThreadPool.cpp:472 CreateUtilizationReports : standard task 1 thread utilization : %0 awaiting task count in queue 0
2026-07-21 17:16:33.372 I HEAD-75323ba [ NvrCore] ThreadPool.cpp:472 CreateUtilizationReports : standard task 2 thread utilization : %0 awaiting task count in queue 0
2026-07-21 17:16:33.372 I HEAD-75323ba [ NvrCore] ThreadPool.cpp:472 CreateUtilizationReports : standard task 3 thread utilization : %8 awaiting task count in queue 0
2026-07-21 17:16:33.372 I HEAD-75323ba [ NvrCore] ThreadPool.cpp:476 CreateUtilizationReports : preview cache task 0 thread utilization : %0 awaiting task count in queue 0
2026-07-21 17:16:33.372 I HEAD-75323ba [ NvrCore] ThreadPool.cpp:476 CreateUtilizationReports : preview cache task 1 thread utilization : %0 awaiting task count in queue 0
2026-07-21 17:16:33.372 I HEAD-75323ba [ NvrCore] ThreadPool.cpp:483 CreateUtilizationReports : Event Loop thread [0] thread utilization : %0
2026-07-21 17:16:33.372 I HEAD-75323ba [ NvrCore] ThreadPool.cpp:483 CreateUtilizationReports : Event Loop thread [1] thread utilization : %0
2026-07-21 17:16:33.372 I HEAD-75323ba [ NvrCore] main.cpp:232 operator() : Create thread utilization reports end ...
2026-07-21 17:16:33.443 I HEAD-75323ba [ event poller 0] EventPoller.cpp:228 async_l : Epoll Async Task Size : 1
2026-07-21 17:16:37.407 W HEAD-75323ba [ event poller 1] EventPoller.cpp:511 getMinDelay : Total 6 delay tasks found, we will flush them
2026-07-21 17:16:37.447 I HEAD-75323ba [ event poller 0] EventPoller.cpp:228 async_l : Epoll Async Task Size : 1
2026-07-21 17:16:38.372 I HEAD-75323ba [ NvrCore] ThreadPool.cpp:464 CreateUtilizationReports : Thread utilization report :
2026-07-21 17:16:38.372 I HEAD-75323ba [ NvrCore] ThreadPool.cpp:465 CreateUtilizationReports : db thread utilization : %0 awaiting task count in queue 0
2026-07-21 17:16:38.372 I HEAD-75323ba [ NvrCore] ThreadPool.cpp:466 CreateUtilizationReports : file master thread utilization : %0 awaiting task count in queue 0
2026-07-21 17:16:38.372 I HEAD-75323ba [ NvrCore] ThreadPool.cpp:467 CreateUtilizationReports : file slave thread utilization :%0 awaiting task count in queue 0
2026-07-21 17:16:38.372 I HEAD-75323ba [ NvrCore] ThreadPool.cpp:468 CreateUtilizationReports : ptz thread utilization : %0 awaiting task count in queue 0
2026-07-21 17:16:38.372 I HEAD-75323ba [ NvrCore] ThreadPool.cpp:472 CreateUtilizationReports : standard task 0 thread utilization : %0 awaiting task count in queue 0
2026-07-21 17:16:38.372 I HEAD-75323ba [ NvrCore] ThreadPool.cpp:472 CreateUtilizationReports : standard task 1 thread utilization : %0 awaiting task count in queue 0
2026-07-21 17:16:38.372 I HEAD-75323ba [ NvrCore] ThreadPool.cpp:472 CreateUtilizationReports : standard task 2 thread utilization : %0 awaiting task count in queue 0
2026-07-21 17:16:38.372 I HEAD-75323ba [ NvrCore] ThreadPool.cpp:472 CreateUtilizationReports : standard task 3 thread utilization : %0 awaiting task count in queue 0
2026-07-21 17:16:38.372 I HEAD-75323ba [ NvrCore] ThreadPool.cpp:476 CreateUtilizationReports : preview cache task 0 thread utilization : %0 awaiting task count in queue 0
2026-07-21 17:16:38.372 I HEAD-75323ba [ NvrCore] ThreadPool.cpp:476 CreateUtilizationReports : preview cache task 1 thread utilization : %0 awaiting task count in queue 0
2026-07-21 17:16:38.372 I HEAD-75323ba [ NvrCore] ThreadPool.cpp:483 CreateUtilizationReports : Event Loop thread [0] thread utilization : %0
2026-07-21 17:16:38.372 I HEAD-75323ba [ NvrCore] ThreadPool.cpp:483 CreateUtilizationReports : Event Loop thread [1] thread utilization : %0
2026-07-21 17:16:38.372 I HEAD-75323ba [ NvrCore] main.cpp:232 operator() : Create thread utilization reports end ...
2026-07-21 17:16:41.410 W HEAD-75323ba [ event poller 1] EventPoller.cpp:511 getMinDelay : Total 6 delay tasks found, we will flush them
2026-07-21 17:16:41.451 I HEAD-75323ba [ event poller 0] EventPoller.cpp:228 async_l : Epoll Async Task Size : 1
2026-07-21 17:16:43.374 I HEAD-75323ba [ NvrCore] ThreadPool.cpp:464 CreateUtilizationReports : Thread utilization report :
2026-07-21 17:16:43.374 I HEAD-75323ba [ NvrCore] ThreadPool.cpp:465 CreateUtilizationReports : db thread utilization : %0 awaiting task count in queue 0
2026-07-21 17:16:43.374 I HEAD-75323ba [ NvrCore] ThreadPool.cpp:466 CreateUtilizationReports : file master thread utilization : %0 awaiting task count in queue 0
2026-07-21 17:16:43.374 I HEAD-75323ba [ NvrCore] ThreadPool.cpp:467 CreateUtilizationReports : file slave thread utilization :%0 awaiting task count in queue 0
2026-07-21 17:16:43.374 I HEAD-75323ba [ NvrCore] ThreadPool.cpp:468 CreateUtilizationReports : ptz thread utilization : %0 awaiting task count in queue 0
2026-07-21 17:16:43.374 I HEAD-75323ba [ NvrCore] ThreadPool.cpp:472 CreateUtilizationReports : standard task 0 thread utilization : %0 awaiting task count in queue 0
2026-07-21 17:16:43.374 I HEAD-75323ba [ NvrCore] ThreadPool.cpp:472 CreateUtilizationReports : standard task 1 thread utilization : %0 awaiting task count in queue 0
2026-07-21 17:16:43.374 I HEAD-75323ba [ NvrCore] ThreadPool.cpp:472 CreateUtilizationReports : standard task 2 thread utilization : %0 awaiting task count in queue 0
2026-07-21 17:16:43.374 I HEAD-75323ba [ NvrCore] ThreadPool.cpp:472 CreateUtilizationReports : standard task 3 thread utilization : %0 awaiting task count in queue 0
2026-07-21 17:16:43.374 I HEAD-75323ba [ NvrCore] ThreadPool.cpp:476 CreateUtilizationReports : preview cache task 0 thread utilization : %0 awaiting task count in queue 0
2026-07-21 17:16:43.374 I HEAD-75323ba [ NvrCore] ThreadPool.cpp:476 CreateUtilizationReports : preview cache task 1 thread utilization : %0 awaiting task count in queue 0
2026-07-21 17:16:43.374 I HEAD-75323ba [ NvrCore] ThreadPool.cpp:483 CreateUtilizationReports : Event Loop thread [0] thread utilization : %0
2026-07-21 17:16:43.374 I HEAD-75323ba [ NvrCore] ThreadPool.cpp:483 CreateUtilizationReports : Event Loop thread [1] thread utilization : %0
2026-07-21 17:16:43.374 I HEAD-75323ba [ NvrCore] main.cpp:232 operator() : Create thread utilization reports end ...
2026-07-21 17:16:45.411 W HEAD-75323ba [ event poller 1] EventPoller.cpp:511 getMinDelay : Total 6 delay tasks found, we will flush them
2026-07-21 17:16:45.453 I HEAD-75323ba [ event poller 0] EventPoller.cpp:228 async_l : Epoll Async Task Size : 1
2026-07-21 17:16:48.374 I HEAD-75323ba [ NvrCore] ThreadPool.cpp:464 CreateUtilizationReports : Thread utilization report :
2026-07-21 17:16:48.374 I HEAD-75323ba [ NvrCore] ThreadPool.cpp:465 CreateUtilizationReports : db thread utilization : %0 awaiting task count in queue 0
2026-07-21 17:16:48.374 I HEAD-75323ba [ NvrCore] ThreadPool.cpp:466 CreateUtilizationReports : file master thread utilization : %0 awaiting task count in queue 0
2026-07-21 17:16:48.374 I HEAD-75323ba [ NvrCore] ThreadPool.cpp:467 CreateUtilizationReports : file slave thread utilization :%0 awaiting task count in queue 0
2026-07-21 17:16:48.374 I HEAD-75323ba [ NvrCore] ThreadPool.cpp:468 CreateUtilizationReports : ptz thread utilization : %0 awaiting task count in queue 0
2026-07-21 17:16:48.374 I HEAD-75323ba [ NvrCore] ThreadPool.cpp:472 CreateUtilizationReports : standard task 0 thread utilization : %0 awaiting task count in queue 0
2026-07-21 17:16:48.374 I HEAD-75323ba [ NvrCore] ThreadPool.cpp:472 CreateUtilizationReports : standard task 1 thread utilization : %100 awaiting task count in queue 0
2026-07-21 17:16:48.374 I HEAD-75323ba [ NvrCore] ThreadPool.cpp:472 CreateUtilizationReports : standard task 2 thread utilization : %0 awaiting task count in queue 0
2026-07-21 17:16:48.374 I HEAD-75323ba [ NvrCore] ThreadPool.cpp:472 CreateUtilizationReports : standard task 3 thread utilization : %0 awaiting task count in queue 0
2026-07-21 17:16:48.374 I HEAD-75323ba [ NvrCore] ThreadPool.cpp:476 CreateUtilizationReports : preview cache task 0 thread utilization : %0 awaiting task count in queue 0
2026-07-21 17:16:48.374 I HEAD-75323ba [ NvrCore] ThreadPool.cpp:476 CreateUtilizationReports : preview cache task 1 thread utilization : %0 awaiting task count in queue 0
2026-07-21 17:16:48.374 I HEAD-75323ba [ NvrCore] ThreadPool.cpp:483 CreateUtilizationReports : Event Loop thread [0] thread utilization : %0
2026-07-21 17:16:48.374 I HEAD-75323ba [ NvrCore] ThreadPool.cpp:483 CreateUtilizationReports : Event Loop thread [1] thread utilization : %0
2026-07-21 17:16:48.374 I HEAD-75323ba [ NvrCore] main.cpp:232 operator() : Create thread utilization reports end ...
2026-07-21 17:16:49.412 W HEAD-75323ba [ event poller 1] EventPoller.cpp:511 getMinDelay : Total 6 delay tasks found, we will flush them
2026-07-21 17:16:49.457 I HEAD-75323ba [ event poller 0] EventPoller.cpp:228 async_l : Epoll Async Task Size : 1
2026-07-21 17:16:53.374 W HEAD-75323ba [ event poller 1] EventPoller.cpp:511 getMinDelay : Total 6 delay tasks found, we will flush them
2026-07-21 17:16:53.374 I HEAD-75323ba [ NvrCore] ThreadPool.cpp:464 CreateUtilizationReports : Thread utilization report :
2026-07-21 17:16:53.374 I HEAD-75323ba [ NvrCore] ThreadPool.cpp:465 CreateUtilizationReports : db thread utilization : %0 awaiting task count in queue 0
2026-07-21 17:16:53.374 I HEAD-75323ba [ NvrCore] ThreadPool.cpp:466 CreateUtilizationReports : file master thread utilization : %0 awaiting task count in queue 0
2026-07-21 17:16:53.374 I HEAD-75323ba [ NvrCore] ThreadPool.cpp:467 CreateUtilizationReports : file slave thread utilization :%0 awaiting task count in queue 0
2026-07-21 17:16:53.374 I HEAD-75323ba [ NvrCore] ThreadPool.cpp:468 CreateUtilizationReports : ptz thread utilization : %0 awaiting task count in queue 0
2026-07-21 17:16:53.374 I HEAD-75323ba [ NvrCore] ThreadPool.cpp:472 CreateUtilizationReports : standard task 0 thread utilization : %0 awaiting task count in queue 0
2026-07-21 17:16:53.374 I HEAD-75323ba [ NvrCore] ThreadPool.cpp:472 CreateUtilizationReports : standard task 1 thread utilization : %0 awaiting task count in queue 0
2026-07-21 17:16:53.375 I HEAD-75323ba [ NvrCore] ThreadPool.cpp:472 CreateUtilizationReports : standard task 2 thread utilization : %0 awaiting task count in queue 0
2026-07-21 17:16:53.375 I HEAD-75323ba [ NvrCore] ThreadPool.cpp:472 CreateUtilizationReports : standard task 3 thread utilization : %100 awaiting task count in queue 0
2026-07-21 17:16:53.375 I HEAD-75323ba [ NvrCore] ThreadPool.cpp:476 CreateUtilizationReports : preview cache task 0 thread utilization : %0 awaiting task count in queue 0
2026-07-21 17:16:53.375 I HEAD-75323ba [ NvrCore] ThreadPool.cpp:476 CreateUtilizationReports : preview cache task 1 thread utilization : %0 awaiting task count in queue 0
2026-07-21 17:16:53.375 I HEAD-75323ba [ NvrCore] ThreadPool.cpp:483 CreateUtilizationReports : Event Loop thread [0] thread utilization : %0
2026-07-21 17:16:53.375 I HEAD-75323ba [ NvrCore] ThreadPool.cpp:483 CreateUtilizationReports : Event Loop thread [1] thread utilization : %0
2026-07-21 17:16:53.375 I HEAD-75323ba [ NvrCore] main.cpp:232 operator() : Create thread utilization reports end ...
2026-07-21 17:16:53.459 I HEAD-75323ba [ event poller 0] EventPoller.cpp:228 async_l : Epoll Async Task Size : 1
2026-07-21 17:16:57.415 W HEAD-75323ba [ event poller 1] EventPoller.cpp:511 getMinDelay : Total 6 delay tasks found, we will flush them
2026-07-21 17:16:57.463 I HEAD-75323ba [ event poller 0] EventPoller.cpp:228 async_l : Epoll Async Task Size : 1
2026-07-21 17:16:58.375 I HEAD-75323ba [ NvrCore] ThreadPool.cpp:464 CreateUtilizationReports : Thread utilization report :
2026-07-21 17:16:58.375 I HEAD-75323ba [ NvrCore] ThreadPool.cpp:465 CreateUtilizationReports : db thread utilization : %0 awaiting task count in queue 0
2026-07-21 17:16:58.375 I HEAD-75323ba [ NvrCore] ThreadPool.cpp:466 CreateUtilizationReports : file master thread utilization : %0 awaiting task count in queue 0
2026-07-21 17:16:58.375 I HEAD-75323ba [ NvrCore] ThreadPool.cpp:467 CreateUtilizationReports : file slave thread utilization :%0 awaiting task count in queue 0
2026-07-21 17:16:58.375 I HEAD-75323ba [ NvrCore] ThreadPool.cpp:468 CreateUtilizationReports : ptz thread utilization : %0 awaiting task count in queue 0
2026-07-21 17:16:58.375 I HEAD-75323ba [ NvrCore] ThreadPool.cpp:472 CreateUtilizationReports : standard task 0 thread utilization : %0 awaiting task count in queue 0
2026-07-21 17:16:58.375 I HEAD-75323ba [ NvrCore] ThreadPool.cpp:472 CreateUtilizationReports : standard task 1 thread utilization : %0 awaiting task count in queue 0
2026-07-21 17:16:58.375 I HEAD-75323ba [ NvrCore] ThreadPool.cpp:472 CreateUtilizationReports : standard task 2 thread utilization : %0 awaiting task count in queue 0
2026-07-21 17:16:58.375 I HEAD-75323ba [ NvrCore] ThreadPool.cpp:472 CreateUtilizationReports : standard task 3 thread utilization : %0 awaiting task count in queue 0
2026-07-21 17:16:58.375 I HEAD-75323ba [ NvrCore] ThreadPool.cpp:476 CreateUtilizationReports : preview cache task 0 thread utilization : %0 awaiting task count in queue 0
2026-07-21 17:16:58.375 I HEAD-75323ba [ NvrCore] ThreadPool.cpp:476 CreateUtilizationReports : preview cache task 1 thread utilization : %0 awaiting task count in queue 0
2026-07-21 17:16:58.375 I HEAD-75323ba [ NvrCore] ThreadPool.cpp:483 CreateUtilizationReports : Event Loop thread [0] thread utilization : %0
2026-07-21 17:16:58.375 I HEAD-75323ba [ NvrCore] ThreadPool.cpp:483 CreateUtilizationReports : Event Loop thread [1] thread utilization : %0
2026-07-21 17:16:58.375 I HEAD-75323ba [ NvrCore] main.cpp:232 operator() : Create thread utilization reports end ...
2026-07-21 17:17:01.418 W HEAD-75323ba [ event poller 1] EventPoller.cpp:511 getMinDelay : Total 6 delay tasks found, we will flush them
2026-07-21 17:17:01.467 I HEAD-75323ba [ event poller 0] EventPoller.cpp:228 async_l : Epoll Async Task Size : 1
2026-07-21 17:17:03.359 W HEAD-75323ba [ NvrCore] main.cpp:177 operator() : ======================= [Sys run : Day = 0 , Hour = 0 , Min= 2 , Sec= 30 ]========================= 
2026-07-21 17:17:03.375 I HEAD-75323ba [ NvrCore] ThreadPool.cpp:464 CreateUtilizationReports : Thread utilization report :
2026-07-21 17:17:03.375 I HEAD-75323ba [ NvrCore] ThreadPool.cpp:465 CreateUtilizationReports : db thread utilization : %0 awaiting task count in queue 0
2026-07-21 17:17:03.375 I HEAD-75323ba [ NvrCore] ThreadPool.cpp:466 CreateUtilizationReports : file master thread utilization : %0 awaiting task count in queue 0
2026-07-21 17:17:03.375 I HEAD-75323ba [ NvrCore] ThreadPool.cpp:467 CreateUtilizationReports : file slave thread utilization :%0 awaiting task count in queue 0
2026-07-21 17:17:03.375 I HEAD-75323ba [ NvrCore] ThreadPool.cpp:468 CreateUtilizationReports : ptz thread utilization : %0 awaiting task count in queue 0
2026-07-21 17:17:03.375 I HEAD-75323ba [ NvrCore] ThreadPool.cpp:472 CreateUtilizationReports : standard task 0 thread utilization : %0 awaiting task count in queue 0
2026-07-21 17:17:03.375 I HEAD-75323ba [ NvrCore] ThreadPool.cpp:472 CreateUtilizationReports : standard task 1 thread utilization : %0 awaiting task count in queue 0
2026-07-21 17:17:03.375 I HEAD-75323ba [ NvrCore] ThreadPool.cpp:472 CreateUtilizationReports : standard task 2 thread utilization : %0 awaiting task count in queue 0
2026-07-21 17:17:03.375 I HEAD-75323ba [ NvrCore] ThreadPool.cpp:472 CreateUtilizationReports : standard task 3 thread utilization : %0 awaiting task count in queue 0
2026-07-21 17:17:03.375 I HEAD-75323ba [ NvrCore] ThreadPool.cpp:476 CreateUtilizationReports : preview cache task 0 thread utilization : %0 awaiting task count in queue 0
2026-07-21 17:17:03.375 I HEAD-75323ba [ NvrCore] ThreadPool.cpp:476 CreateUtilizationReports : preview cache task 1 thread utilization : %0 awaiting task count in queue 0
2026-07-21 17:17:03.375 I HEAD-75323ba [ NvrCore] ThreadPool.cpp:483 CreateUtilizationReports : Event Loop thread [0] thread utilization : %0
2026-07-21 17:17:03.375 I HEAD-75323ba [ NvrCore] ThreadPool.cpp:483 CreateUtilizationReports : Event Loop thread [1] thread utilization : %0
2026-07-21 17:17:03.375 I HEAD-75323ba [ NvrCore] main.cpp:232 operator() : Create thread utilization reports end ...
2026-07-21 17:17:05.421 W HEAD-75323ba [ event poller 1] EventPoller.cpp:511 getMinDelay : Total 6 delay tasks found, we will flush them
2026-07-21 17:17:05.469 I HEAD-75323ba [ event poller 0] EventPoller.cpp:228 async_l : Epoll Async Task Size : 1
2026-07-21 17:17:08.377 I HEAD-75323ba [ NvrCore] ThreadPool.cpp:464 CreateUtilizationReports : Thread utilization report :
2026-07-21 17:17:08.377 I HEAD-75323ba [ NvrCore] ThreadPool.cpp:465 CreateUtilizationReports : db thread utilization : %0 awaiting task count in queue 0
2026-07-21 17:17:08.377 I HEAD-75323ba [ NvrCore] ThreadPool.cpp:466 CreateUtilizationReports : file master thread utilization : %0 awaiting task count in queue 0
2026-07-21 17:17:08.377 I HEAD-75323ba [ NvrCore] ThreadPool.cpp:467 CreateUtilizationReports : file slave thread utilization :%0 awaiting task count in queue 0
2026-07-21 17:17:08.377 I HEAD-75323ba [ NvrCore] ThreadPool.cpp:468 CreateUtilizationReports : ptz thread utilization : %0 awaiting task count in queue 0
2026-07-21 17:17:08.377 I HEAD-75323ba [ NvrCore] ThreadPool.cpp:472 CreateUtilizationReports : standard task 0 thread utilization : %0 awaiting task count in queue 0
2026-07-21 17:17:08.377 I HEAD-75323ba [ NvrCore] ThreadPool.cpp:472 CreateUtilizationReports : standard task 1 thread utilization : %0 awaiting task count in queue 0
2026-07-21 17:17:08.377 I HEAD-75323ba [ NvrCore] ThreadPool.cpp:472 CreateUtilizationReports : standard task 2 thread utilization : %0 awaiting task count in queue 0
2026-07-21 17:17:08.377 I HEAD-75323ba [ NvrCore] ThreadPool.cpp:472 CreateUtilizationReports : standard task 3 thread utilization : %0 awaiting task count in queue 0
2026-07-21 17:17:08.377 I HEAD-75323ba [ NvrCore] ThreadPool.cpp:476 CreateUtilizationReports : preview cache task 0 thread utilization : %0 awaiting task count in queue 0
2026-07-21 17:17:08.377 I HEAD-75323ba [ NvrCore] ThreadPool.cpp:476 CreateUtilizationReports : preview cache task 1 thread utilization : %0 awaiting task count in queue 0
2026-07-21 17:17:08.377 I HEAD-75323ba [ NvrCore] ThreadPool.cpp:483 CreateUtilizationReports : Event Loop thread [0] thread utilization : %0
2026-07-21 17:17:08.377 I HEAD-75323ba [ NvrCore] ThreadPool.cpp:483 CreateUtilizationReports : Event Loop thread [1] thread utilization : %0
2026-07-21 17:17:08.377 I HEAD-75323ba [ NvrCore] main.cpp:232 operator() : Create thread utilization reports end ...
2026-07-21 17:17:09.425 W HEAD-75323ba [ event poller 1] EventPoller.cpp:511 getMinDelay : Total 6 delay tasks found, we will flush them
2026-07-21 17:17:09.474 I HEAD-75323ba [ event poller 0] EventPoller.cpp:228 async_l : Epoll Async Task Size : 1
2026-07-21 17:17:13.379 W HEAD-75323ba [ event poller 1] EventPoller.cpp:511 getMinDelay : Total 6 delay tasks found, we will flush them
2026-07-21 17:17:13.379 I HEAD-75323ba [ NvrCore] ThreadPool.cpp:464 CreateUtilizationReports : Thread utilization report :
2026-07-21 17:17:13.379 I HEAD-75323ba [ NvrCore] ThreadPool.cpp:465 CreateUtilizationReports : db thread utilization : %0 awaiting task count in queue 0
2026-07-21 17:17:13.379 I HEAD-75323ba [ NvrCore] ThreadPool.cpp:466 CreateUtilizationReports : file master thread utilization : %0 awaiting task count in queue 0
2026-07-21 17:17:13.379 I HEAD-75323ba [ NvrCore] ThreadPool.cpp:467 CreateUtilizationReports : file slave thread utilization :%0 awaiting task count in queue 0
2026-07-21 17:17:13.379 I HEAD-75323ba [ NvrCore] ThreadPool.cpp:468 CreateUtilizationReports : ptz thread utilization : %0 awaiting task count in queue 0
2026-07-21 17:17:13.379 I HEAD-75323ba [ NvrCore] ThreadPool.cpp:472 CreateUtilizationReports : standard task 0 thread utilization : %0 awaiting task count in queue 0
2026-07-21 17:17:13.379 I HEAD-75323ba [ NvrCore] ThreadPool.cpp:472 CreateUtilizationReports : standard task 1 thread utilization : %0 awaiting task count in queue 0
2026-07-21 17:17:13.379 I HEAD-75323ba [ NvrCore] ThreadPool.cpp:472 CreateUtilizationReports : standard task 2 thread utilization : %0 awaiting task count in queue 0
2026-07-21 17:17:13.379 I HEAD-75323ba [ NvrCore] ThreadPool.cpp:472 CreateUtilizationReports : standard task 3 thread utilization : %0 awaiting task count in queue 0
2026-07-21 17:17:13.379 I HEAD-75323ba [ NvrCore] ThreadPool.cpp:476 CreateUtilizationReports : preview cache task 0 thread utilization : %0 awaiting task count in queue 0
2026-07-21 17:17:13.379 I HEAD-75323ba [ NvrCore] ThreadPool.cpp:476 CreateUtilizationReports : preview cache task 1 thread utilization : %0 awaiting task count in queue 0
2026-07-21 17:17:13.379 I HEAD-75323ba [ NvrCore] ThreadPool.cpp:483 CreateUtilizationReports : Event Loop thread [0] thread utilization : %0
2026-07-21 17:17:13.379 I HEAD-75323ba [ NvrCore] ThreadPool.cpp:483 CreateUtilizationReports : Event Loop thread [1] thread utilization : %0
2026-07-21 17:17:13.379 I HEAD-75323ba [ NvrCore] main.cpp:232 operator() : Create thread utilization reports end ...
2026-07-21 17:17:13.476 I HEAD-75323ba [ event poller 0] EventPoller.cpp:228 async_l : Epoll Async Task Size : 1
2026-07-21 17:17:17.429 W HEAD-75323ba [ event poller 1] EventPoller.cpp:511 getMinDelay : Total 6 delay tasks found, we will flush them
2026-07-21 17:17:17.480 I HEAD-75323ba [ event poller 0] EventPoller.cpp:228 async_l : Epoll Async Task Size : 1
2026-07-21 17:17:18.379 I HEAD-75323ba [ NvrCore] ThreadPool.cpp:464 CreateUtilizationReports : Thread utilization report :
2026-07-21 17:17:18.379 I HEAD-75323ba [ NvrCore] ThreadPool.cpp:465 CreateUtilizationReports : db thread utilization : %0 awaiting task count in queue 0
2026-07-21 17:17:18.379 I HEAD-75323ba [ NvrCore] ThreadPool.cpp:466 CreateUtilizationReports : file master thread utilization : %0 awaiting task count in queue 0
2026-07-21 17:17:18.379 I HEAD-75323ba [ NvrCore] ThreadPool.cpp:467 CreateUtilizationReports : file slave thread utilization :%0 awaiting task count in queue 0
2026-07-21 17:17:18.379 I HEAD-75323ba [ NvrCore] ThreadPool.cpp:468 CreateUtilizationReports : ptz thread utilization : %0 awaiting task count in queue 0
2026-07-21 17:17:18.379 I HEAD-75323ba [ NvrCore] ThreadPool.cpp:472 CreateUtilizationReports : standard task 0 thread utilization : %0 awaiting task count in queue 0
2026-07-21 17:17:18.379 I HEAD-75323ba [ NvrCore] ThreadPool.cpp:472 CreateUtilizationReports : standard task 1 thread utilization : %0 awaiting task count in queue 0
2026-07-21 17:17:18.379 I HEAD-75323ba [ NvrCore] ThreadPool.cpp:472 CreateUtilizationReports : standard task 2 thread utilization : %0 awaiting task count in queue 0
2026-07-21 17:17:18.379 I HEAD-75323ba [ NvrCore] ThreadPool.cpp:472 CreateUtilizationReports : standard task 3 thread utilization : %0 awaiting task count in queue 0
2026-07-21 17:17:18.379 I HEAD-75323ba [ NvrCore] ThreadPool.cpp:476 CreateUtilizationReports : preview cache task 0 thread utilization : %0 awaiting task count in queue 0
2026-07-21 17:17:18.379 I HEAD-75323ba [ NvrCore] ThreadPool.cpp:476 CreateUtilizationReports : preview cache task 1 thread utilization : %0 awaiting task count in queue 0
2026-07-21 17:17:18.379 I HEAD-75323ba [ NvrCore] ThreadPool.cpp:483 CreateUtilizationReports : Event Loop thread [0] thread utilization : %0
2026-07-21 17:17:18.379 I HEAD-75323ba [ NvrCore] ThreadPool.cpp:483 CreateUtilizationReports : Event Loop thread [1] thread utilization : %0
2026-07-21 17:17:18.379 I HEAD-75323ba [ NvrCore] main.cpp:232 operator() : Create thread utilization reports end ...
2026-07-21 17:17:21.431 W HEAD-75323ba [ event poller 1] EventPoller.cpp:511 getMinDelay : Total 6 delay tasks found, we will flush them
2026-07-21 17:17:21.484 I HEAD-75323ba [ event poller 0] EventPoller.cpp:228 async_l : Epoll Async Task Size : 1
2026-07-21 17:17:23.381 I HEAD-75323ba [ NvrCore] ThreadPool.cpp:464 CreateUtilizationReports : Thread utilization report :
2026-07-21 17:17:23.381 I HEAD-75323ba [ NvrCore] ThreadPool.cpp:465 CreateUtilizationReports : db thread utilization : %0 awaiting task count in queue 0
2026-07-21 17:17:23.381 I HEAD-75323ba [ NvrCore] ThreadPool.cpp:466 CreateUtilizationReports : file master thread utilization : %0 awaiting task count in queue 0
2026-07-21 17:17:23.381 I HEAD-75323ba [ NvrCore] ThreadPool.cpp:467 CreateUtilizationReports : file slave thread utilization :%0 awaiting task count in queue 0
2026-07-21 17:17:23.381 I HEAD-75323ba [ NvrCore] ThreadPool.cpp:468 CreateUtilizationReports : ptz thread utilization : %0 awaiting task count in queue 0
2026-07-21 17:17:23.381 I HEAD-75323ba [ NvrCore] ThreadPool.cpp:472 CreateUtilizationReports : standard task 0 thread utilization : %0 awaiting task count in queue 0
2026-07-21 17:17:23.381 I HEAD-75323ba [ NvrCore] ThreadPool.cpp:472 CreateUtilizationReports : standard task 1 thread utilization : %0 awaiting task count in queue 0
2026-07-21 17:17:23.381 I HEAD-75323ba [ NvrCore] ThreadPool.cpp:472 CreateUtilizationReports : standard task 2 thread utilization : %0 awaiting task count in queue 0
2026-07-21 17:17:23.381 I HEAD-75323ba [ NvrCore] ThreadPool.cpp:472 CreateUtilizationReports : standard task 3 thread utilization : %0 awaiting task count in queue 0
2026-07-21 17:17:23.382 I HEAD-75323ba [ NvrCore] ThreadPool.cpp:476 CreateUtilizationReports : preview cache task 0 thread utilization : %0 awaiting task count in queue 0
2026-07-21 17:17:23.382 I HEAD-75323ba [ NvrCore] ThreadPool.cpp:476 CreateUtilizationReports : preview cache task 1 thread utilization : %0 awaiting task count in queue 0
2026-07-21 17:17:23.382 I HEAD-75323ba [ NvrCore] ThreadPool.cpp:483 CreateUtilizationReports : Event Loop thread [0] thread utilization : %0
2026-07-21 17:17:23.382 I HEAD-75323ba [ NvrCore] ThreadPool.cpp:483 CreateUtilizationReports : Event Loop thread [1] thread utilization : %0
2026-07-21 17:17:23.382 I HEAD-75323ba [ NvrCore] main.cpp:232 operator() : Create thread utilization reports end ...
2026-07-21 17:17:25.434 W HEAD-75323ba [ event poller 1] EventPoller.cpp:511 getMinDelay : Total 6 delay tasks found, we will flush them
2026-07-21 17:17:25.486 I HEAD-75323ba [ event poller 0] EventPoller.cpp:228 async_l : Epoll Async Task Size : 1
2026-07-21 17:17:28.383 I HEAD-75323ba [ NvrCore] ThreadPool.cpp:464 CreateUtilizationReports : Thread utilization report :
2026-07-21 17:17:28.383 I HEAD-75323ba [ NvrCore] ThreadPool.cpp:465 CreateUtilizationReports : db thread utilization : %0 awaiting task count in queue 0
2026-07-21 17:17:28.383 I HEAD-75323ba [ NvrCore] ThreadPool.cpp:466 CreateUtilizationReports : file master thread utilization : %0 awaiting task count in queue 0
2026-07-21 17:17:28.383 I HEAD-75323ba [ NvrCore] ThreadPool.cpp:467 CreateUtilizationReports : file slave thread utilization :%0 awaiting task count in queue 0
2026-07-21 17:17:28.383 I HEAD-75323ba [ NvrCore] ThreadPool.cpp:468 CreateUtilizationReports : ptz thread utilization : %0 awaiting task count in queue 0
2026-07-21 17:17:28.383 I HEAD-75323ba [ NvrCore] ThreadPool.cpp:472 CreateUtilizationReports : standard task 0 thread utilization : %0 awaiting task count in queue 0
2026-07-21 17:17:28.383 I HEAD-75323ba [ NvrCore] ThreadPool.cpp:472 CreateUtilizationReports : standard task 1 thread utilization : %0 awaiting task count in queue 0
2026-07-21 17:17:28.383 I HEAD-75323ba [ NvrCore] ThreadPool.cpp:472 CreateUtilizationReports : standard task 2 thread utilization : %0 awaiting task count in queue 0
2026-07-21 17:17:28.383 I HEAD-75323ba [ NvrCore] ThreadPool.cpp:472 CreateUtilizationReports : standard task 3 thread utilization : %0 awaiting task count in queue 0
2026-07-21 17:17:28.383 I HEAD-75323ba [ NvrCore] ThreadPool.cpp:476 CreateUtilizationReports : preview cache task 0 thread utilization : %0 awaiting task count in queue 0
2026-07-21 17:17:28.383 I HEAD-75323ba [ NvrCore] ThreadPool.cpp:476 CreateUtilizationReports : preview cache task 1 thread utilization : %0 awaiting task count in queue 0
2026-07-21 17:17:28.383 I HEAD-75323ba [ NvrCore] ThreadPool.cpp:483 CreateUtilizationReports : Event Loop thread [0] thread utilization : %0
2026-07-21 17:17:28.383 I HEAD-75323ba [ NvrCore] ThreadPool.cpp:483 CreateUtilizationReports : Event Loop thread [1] thread utilization : %0
2026-07-21 17:17:28.383 I HEAD-75323ba [ NvrCore] main.cpp:232 operator() : Create thread utilization reports end ...
2026-07-21 17:17:29.435 W HEAD-75323ba [ event poller 1] EventPoller.cpp:511 getMinDelay : Total 6 delay tasks found, we will flush them
2026-07-21 17:17:29.489 I HEAD-75323ba [ event poller 0] EventPoller.cpp:228 async_l : Epoll Async Task Size : 1
2026-07-21 17:17:33.361 W HEAD-75323ba [ event poller 1] EventPoller.cpp:511 getMinDelay : Total 6 delay tasks found, we will flush them
2026-07-21 17:17:33.361 W HEAD-75323ba [ NvrCore] main.cpp:177 operator() : ======================= [Sys run : Day = 0 , Hour = 0 , Min= 3 , Sec= 0 ]========================= 
2026-07-21 17:17:33.383 I HEAD-75323ba [ NvrCore] ThreadPool.cpp:464 CreateUtilizationReports : Thread utilization report :
2026-07-21 17:17:33.383 I HEAD-75323ba [ NvrCore] ThreadPool.cpp:465 CreateUtilizationReports : db thread utilization : %0 awaiting task count in queue 0
2026-07-21 17:17:33.383 I HEAD-75323ba [ NvrCore] ThreadPool.cpp:466 CreateUtilizationReports : file master thread utilization : %0 awaiting task count in queue 0
2026-07-21 17:17:33.383 I HEAD-75323ba [ NvrCore] ThreadPool.cpp:467 CreateUtilizationReports : file slave thread utilization :%0 awaiting task count in queue 0
2026-07-21 17:17:33.383 I HEAD-75323ba [ NvrCore] ThreadPool.cpp:468 CreateUtilizationReports : ptz thread utilization : %0 awaiting task count in queue 0
2026-07-21 17:17:33.383 I HEAD-75323ba [ NvrCore] ThreadPool.cpp:472 CreateUtilizationReports : standard task 0 thread utilization : %0 awaiting task count in queue 0
2026-07-21 17:17:33.383 I HEAD-75323ba [ NvrCore] ThreadPool.cpp:472 CreateUtilizationReports : standard task 1 thread utilization : %0 awaiting task count in queue 0
2026-07-21 17:17:33.383 I HEAD-75323ba [ NvrCore] ThreadPool.cpp:472 CreateUtilizationReports : standard task 2 thread utilization : %0 awaiting task count in queue 0
2026-07-21 17:17:33.383 I HEAD-75323ba [ NvrCore] ThreadPool.cpp:472 CreateUtilizationReports : standard task 3 thread utilization : %0 awaiting task count in queue 0
2026-07-21 17:17:33.383 I HEAD-75323ba [ NvrCore] ThreadPool.cpp:476 CreateUtilizationReports : preview cache task 0 thread utilization : %0 awaiting task count in queue 0
2026-07-21 17:17:33.383 I HEAD-75323ba [ NvrCore] ThreadPool.cpp:476 CreateUtilizationReports : preview cache task 1 thread utilization : %0 awaiting task count in queue 0
2026-07-21 17:17:33.383 I HEAD-75323ba [ NvrCore] ThreadPool.cpp:483 CreateUtilizationReports : Event Loop thread [0] thread utilization : %0
2026-07-21 17:17:33.383 I HEAD-75323ba [ NvrCore] ThreadPool.cpp:483 CreateUtilizationReports : Event Loop thread [1] thread utilization : %0
2026-07-21 17:17:33.383 I HEAD-75323ba [ NvrCore] main.cpp:232 operator() : Create thread utilization reports end ...
2026-07-21 17:17:33.492 I HEAD-75323ba [ event poller 0] EventPoller.cpp:228 async_l : Epoll Async Task Size : 1
2026-07-21 17:17:37.442 W HEAD-75323ba [ event poller 1] EventPoller.cpp:511 getMinDelay : Total 6 delay tasks found, we will flush them
2026-07-21 17:17:37.496 I HEAD-75323ba [ event poller 0] EventPoller.cpp:228 async_l : Epoll Async Task Size : 1
2026-07-21 17:17:38.384 I HEAD-75323ba [ NvrCore] ThreadPool.cpp:464 CreateUtilizationReports : Thread utilization report :
2026-07-21 17:17:38.384 I HEAD-75323ba [ NvrCore] ThreadPool.cpp:465 CreateUtilizationReports : db thread utilization : %0 awaiting task count in queue 0
2026-07-21 17:17:38.384 I HEAD-75323ba [ NvrCore] ThreadPool.cpp:466 CreateUtilizationReports : file master thread utilization : %0 awaiting task count in queue 0
2026-07-21 17:17:38.384 I HEAD-75323ba [ NvrCore] ThreadPool.cpp:467 CreateUtilizationReports : file slave thread utilization :%0 awaiting task count in queue 0
2026-07-21 17:17:38.384 I HEAD-75323ba [ NvrCore] ThreadPool.cpp:468 CreateUtilizationReports : ptz thread utilization : %0 awaiting task count in queue 0
2026-07-21 17:17:38.384 I HEAD-75323ba [ NvrCore] ThreadPool.cpp:472 CreateUtilizationReports : standard task 0 thread utilization : %0 awaiting task count in queue 0
2026-07-21 17:17:38.384 I HEAD-75323ba [ NvrCore] ThreadPool.cpp:472 CreateUtilizationReports : standard task 1 thread utilization : %0 awaiting task count in queue 0
2026-07-21 17:17:38.384 I HEAD-75323ba [ NvrCore] ThreadPool.cpp:472 CreateUtilizationReports : standard task 2 thread utilization : %0 awaiting task count in queue 0
2026-07-21 17:17:38.384 I HEAD-75323ba [ NvrCore] ThreadPool.cpp:472 CreateUtilizationReports : standard task 3 thread utilization : %0 awaiting task count in queue 0
2026-07-21 17:17:38.384 I HEAD-75323ba [ NvrCore] ThreadPool.cpp:476 CreateUtilizationReports : preview cache task 0 thread utilization : %0 awaiting task count in queue 0
2026-07-21 17:17:38.384 I HEAD-75323ba [ NvrCore] ThreadPool.cpp:476 CreateUtilizationReports : preview cache task 1 thread utilization : %0 awaiting task count in queue 0
2026-07-21 17:17:38.384 I HEAD-75323ba [ NvrCore] ThreadPool.cpp:483 CreateUtilizationReports : Event Loop thread [0] thread utilization : %0
2026-07-21 17:17:38.384 I HEAD-75323ba [ NvrCore] ThreadPool.cpp:483 CreateUtilizationReports : Event Loop thread [1] thread utilization : %0
2026-07-21 17:17:38.384 I HEAD-75323ba [ NvrCore] main.cpp:232 operator() : Create thread utilization reports end ...
2026-07-21 17:17:41.445 W HEAD-75323ba [ event poller 1] EventPoller.cpp:511 getMinDelay : Total 6 delay tasks found, we will flush them
2026-07-21 17:17:41.500 I HEAD-75323ba [ event poller 0] EventPoller.cpp:228 async_l : Epoll Async Task Size : 1
2026-07-21 17:17:43.386 I HEAD-75323ba [ NvrCore] ThreadPool.cpp:464 CreateUtilizationReports : Thread utilization report :
2026-07-21 17:17:43.386 I HEAD-75323ba [ NvrCore] ThreadPool.cpp:465 CreateUtilizationReports : db thread utilization : %0 awaiting task count in queue 0
2026-07-21 17:17:43.386 I HEAD-75323ba [ NvrCore] ThreadPool.cpp:466 CreateUtilizationReports : file master thread utilization : %0 awaiting task count in queue 0
2026-07-21 17:17:43.386 I HEAD-75323ba [ NvrCore] ThreadPool.cpp:467 CreateUtilizationReports : file slave thread utilization :%0 awaiting task count in queue 0
2026-07-21 17:17:43.386 I HEAD-75323ba [ NvrCore] ThreadPool.cpp:468 CreateUtilizationReports : ptz thread utilization : %0 awaiting task count in queue 0
2026-07-21 17:17:43.386 I HEAD-75323ba [ NvrCore] ThreadPool.cpp:472 CreateUtilizationReports : standard task 0 thread utilization : %0 awaiting task count in queue 0
2026-07-21 17:17:43.386 I HEAD-75323ba [ NvrCore] ThreadPool.cpp:472 CreateUtilizationReports : standard task 1 thread utilization : %0 awaiting task count in queue 0
2026-07-21 17:17:43.386 I HEAD-75323ba [ NvrCore] ThreadPool.cpp:472 CreateUtilizationReports : standard task 2 thread utilization : %0 awaiting task count in queue 0
2026-07-21 17:17:43.386 I HEAD-75323ba [ NvrCore] ThreadPool.cpp:472 CreateUtilizationReports : standard task 3 thread utilization : %0 awaiting task count in queue 0
2026-07-21 17:17:43.386 I HEAD-75323ba [ NvrCore] ThreadPool.cpp:476 CreateUtilizationReports : preview cache task 0 thread utilization : %0 awaiting task count in queue 0
2026-07-21 17:17:43.386 I HEAD-75323ba [ NvrCore] ThreadPool.cpp:476 CreateUtilizationReports : preview cache task 1 thread utilization : %0 awaiting task count in queue 0
2026-07-21 17:17:43.386 I HEAD-75323ba [ NvrCore] ThreadPool.cpp:483 CreateUtilizationReports : Event Loop thread [0] thread utilization : %0
2026-07-21 17:17:43.386 I HEAD-75323ba [ NvrCore] ThreadPool.cpp:483 CreateUtilizationReports : Event Loop thread [1] thread utilization : %0
2026-07-21 17:17:43.386 I HEAD-75323ba [ NvrCore] main.cpp:232 operator() : Create thread utilization reports end ...
2026-07-21 17:17:45.447 W HEAD-75323ba [ event poller 1] EventPoller.cpp:511 getMinDelay : Total 6 delay tasks found, we will flush them
2026-07-21 17:17:45.502 I HEAD-75323ba [ event poller 0] EventPoller.cpp:228 async_l : Epoll Async Task Size : 1
2026-07-21 17:17:48.386 I HEAD-75323ba [ NvrCore] ThreadPool.cpp:464 CreateUtilizationReports : Thread utilization report :
2026-07-21 17:17:48.386 I HEAD-75323ba [ NvrCore] ThreadPool.cpp:465 CreateUtilizationReports : db thread utilization : %0 awaiting task count in queue 0
2026-07-21 17:17:48.386 I HEAD-75323ba [ NvrCore] ThreadPool.cpp:466 CreateUtilizationReports : file master thread utilization : %0 awaiting task count in queue 0
2026-07-21 17:17:48.386 I HEAD-75323ba [ NvrCore] ThreadPool.cpp:467 CreateUtilizationReports : file slave thread utilization :%0 awaiting task count in queue 0
2026-07-21 17:17:48.386 I HEAD-75323ba [ NvrCore] ThreadPool.cpp:468 CreateUtilizationReports : ptz thread utilization : %0 awaiting task count in queue 0
2026-07-21 17:17:48.386 I HEAD-75323ba [ NvrCore] ThreadPool.cpp:472 CreateUtilizationReports : standard task 0 thread utilization : %0 awaiting task count in queue 0
2026-07-21 17:17:48.386 I HEAD-75323ba [ NvrCore] ThreadPool.cpp:472 CreateUtilizationReports : standard task 1 thread utilization : %0 awaiting task count in queue 0
2026-07-21 17:17:48.386 I HEAD-75323ba [ NvrCore] ThreadPool.cpp:472 CreateUtilizationReports : standard task 2 thread utilization : %0 awaiting task count in queue 0
2026-07-21 17:17:48.386 I HEAD-75323ba [ NvrCore] ThreadPool.cpp:472 CreateUtilizationReports : standard task 3 thread utilization : %0 awaiting task count in queue 0
2026-07-21 17:17:48.386 I HEAD-75323ba [ NvrCore] ThreadPool.cpp:476 CreateUtilizationReports : preview cache task 0 thread utilization : %0 awaiting task count in queue 0
2026-07-21 17:17:48.386 I HEAD-75323ba [ NvrCore] ThreadPool.cpp:476 CreateUtilizationReports : preview cache task 1 thread utilization : %0 awaiting task count in queue 0
2026-07-21 17:17:48.386 I HEAD-75323ba [ NvrCore] ThreadPool.cpp:483 CreateUtilizationReports : Event Loop thread [0] thread utilization : %0
2026-07-21 17:17:48.386 I HEAD-75323ba [ NvrCore] ThreadPool.cpp:483 CreateUtilizationReports : Event Loop thread [1] thread utilization : %0
2026-07-21 17:17:48.386 I HEAD-75323ba [ NvrCore] main.cpp:232 operator() : Create thread utilization reports end ...
2026-07-21 17:17:49.448 W HEAD-75323ba [ event poller 1] EventPoller.cpp:511 getMinDelay : Total 6 delay tasks found, we will flush them
2026-07-21 17:17:49.506 I HEAD-75323ba [ event poller 0] EventPoller.cpp:228 async_l : Epoll Async Task Size : 1
2026-07-21 17:17:53.387 W HEAD-75323ba [ event poller 1] EventPoller.cpp:511 getMinDelay : Total 6 delay tasks found, we will flush them
2026-07-21 17:17:53.387 I HEAD-75323ba [ NvrCore] ThreadPool.cpp:464 CreateUtilizationReports : Thread utilization report :
2026-07-21 17:17:53.387 I HEAD-75323ba [ NvrCore] ThreadPool.cpp:465 CreateUtilizationReports : db thread utilization : %0 awaiting task count in queue 0
2026-07-21 17:17:53.387 I HEAD-75323ba [ NvrCore] ThreadPool.cpp:466 CreateUtilizationReports : file master thread utilization : %0 awaiting task count in queue 0
2026-07-21 17:17:53.387 I HEAD-75323ba [ NvrCore] ThreadPool.cpp:467 CreateUtilizationReports : file slave thread utilization :%0 awaiting task count in queue 0
2026-07-21 17:17:53.387 I HEAD-75323ba [ NvrCore] ThreadPool.cpp:468 CreateUtilizationReports : ptz thread utilization : %0 awaiting task count in queue 0
2026-07-21 17:17:53.387 I HEAD-75323ba [ NvrCore] ThreadPool.cpp:472 CreateUtilizationReports : standard task 0 thread utilization : %0 awaiting task count in queue 0
2026-07-21 17:17:53.387 I HEAD-75323ba [ NvrCore] ThreadPool.cpp:472 CreateUtilizationReports : standard task 1 thread utilization : %0 awaiting task count in queue 0
2026-07-21 17:17:53.387 I HEAD-75323ba [ NvrCore] ThreadPool.cpp:472 CreateUtilizationReports : standard task 2 thread utilization : %0 awaiting task count in queue 0
2026-07-21 17:17:53.387 I HEAD-75323ba [ NvrCore] ThreadPool.cpp:472 CreateUtilizationReports : standard task 3 thread utilization : %0 awaiting task count in queue 0
2026-07-21 17:17:53.387 I HEAD-75323ba [ NvrCore] ThreadPool.cpp:476 CreateUtilizationReports : preview cache task 0 thread utilization : %0 awaiting task count in queue 0
2026-07-21 17:17:53.387 I HEAD-75323ba [ NvrCore] ThreadPool.cpp:476 CreateUtilizationReports : preview cache task 1 thread utilization : %0 awaiting task count in queue 0
2026-07-21 17:17:53.387 I HEAD-75323ba [ NvrCore] ThreadPool.cpp:483 CreateUtilizationReports : Event Loop thread [0] thread utilization : %0
2026-07-21 17:17:53.387 I HEAD-75323ba [ NvrCore] ThreadPool.cpp:483 CreateUtilizationReports : Event Loop thread [1] thread utilization : %0
2026-07-21 17:17:53.387 I HEAD-75323ba [ NvrCore] main.cpp:232 operator() : Create thread utilization reports end ...
2026-07-21 17:17:53.509 I HEAD-75323ba [ event poller 0] EventPoller.cpp:228 async_l : Epoll Async Task Size : 1
2026-07-21 17:17:57.455 W HEAD-75323ba [ event poller 1] EventPoller.cpp:511 getMinDelay : Total 6 delay tasks found, we will flush them
2026-07-21 17:17:57.513 I HEAD-75323ba [ event poller 0] EventPoller.cpp:228 async_l : Epoll Async Task Size : 1
2026-07-21 17:17:58.387 I HEAD-75323ba [ NvrCore] ThreadPool.cpp:464 CreateUtilizationReports : Thread utilization report :
2026-07-21 17:17:58.387 I HEAD-75323ba [ NvrCore] ThreadPool.cpp:465 CreateUtilizationReports : db thread utilization : %0 awaiting task count in queue 0
2026-07-21 17:17:58.387 I HEAD-75323ba [ NvrCore] ThreadPool.cpp:466 CreateUtilizationReports : file master thread utilization : %0 awaiting task count in queue 0
2026-07-21 17:17:58.387 I HEAD-75323ba [ NvrCore] ThreadPool.cpp:467 CreateUtilizationReports : file slave thread utilization :%0 awaiting task count in queue 0
2026-07-21 17:17:58.387 I HEAD-75323ba [ NvrCore] ThreadPool.cpp:468 CreateUtilizationReports : ptz thread utilization : %0 awaiting task count in queue 0
2026-07-21 17:17:58.387 I HEAD-75323ba [ NvrCore] ThreadPool.cpp:472 CreateUtilizationReports : standard task 0 thread utilization : %0 awaiting task count in queue 0
2026-07-21 17:17:58.387 I HEAD-75323ba [ NvrCore] ThreadPool.cpp:472 CreateUtilizationReports : standard task 1 thread utilization : %0 awaiting task count in queue 0
2026-07-21 17:17:58.387 I HEAD-75323ba [ NvrCore] ThreadPool.cpp:472 CreateUtilizationReports : standard task 2 thread utilization : %0 awaiting task count in queue 0
2026-07-21 17:17:58.387 I HEAD-75323ba [ NvrCore] ThreadPool.cpp:472 CreateUtilizationReports : standard task 3 thread utilization : %0 awaiting task count in queue 0
2026-07-21 17:17:58.387 I HEAD-75323ba [ NvrCore] ThreadPool.cpp:476 CreateUtilizationReports : preview cache task 0 thread utilization : %0 awaiting task count in queue 0
2026-07-21 17:17:58.387 I HEAD-75323ba [ NvrCore] ThreadPool.cpp:476 CreateUtilizationReports : preview cache task 1 thread utilization : %0 awaiting task count in queue 0
2026-07-21 17:17:58.387 I HEAD-75323ba [ NvrCore] ThreadPool.cpp:483 CreateUtilizationReports : Event Loop thread [0] thread utilization : %0
2026-07-21 17:17:58.387 I HEAD-75323ba [ NvrCore] ThreadPool.cpp:483 CreateUtilizationReports : Event Loop thread [1] thread utilization : %0
2026-07-21 17:17:58.387 I HEAD-75323ba [ NvrCore] main.cpp:232 operator() : Create thread utilization reports end ...
2026-07-21 17:18:01.458 W HEAD-75323ba [ event poller 1] EventPoller.cpp:511 getMinDelay : Total 6 delay tasks found, we will flush them
2026-07-21 17:18:01.517 I HEAD-75323ba [ event poller 0] EventPoller.cpp:228 async_l : Epoll Async Task Size : 1
2026-07-21 17:18:03.363 W HEAD-75323ba [ NvrCore] main.cpp:177 operator() : ======================= [Sys run : Day = 0 , Hour = 0 , Min= 3 , Sec= 30 ]========================= 
2026-07-21 17:18:03.387 I HEAD-75323ba [ NvrCore] ThreadPool.cpp:464 CreateUtilizationReports : Thread utilization report :
2026-07-21 17:18:03.387 I HEAD-75323ba [ NvrCore] ThreadPool.cpp:465 CreateUtilizationReports : db thread utilization : %0 awaiting task count in queue 0
2026-07-21 17:18:03.387 I HEAD-75323ba [ NvrCore] ThreadPool.cpp:466 CreateUtilizationReports : file master thread utilization : %0 awaiting task count in queue 0
2026-07-21 17:18:03.387 I HEAD-75323ba [ NvrCore] ThreadPool.cpp:467 CreateUtilizationReports : file slave thread utilization :%0 awaiting task count in queue 0
2026-07-21 17:18:03.387 I HEAD-75323ba [ NvrCore] ThreadPool.cpp:468 CreateUtilizationReports : ptz thread utilization : %0 awaiting task count in queue 0
2026-07-21 17:18:03.387 I HEAD-75323ba [ NvrCore] ThreadPool.cpp:472 CreateUtilizationReports : standard task 0 thread utilization : %0 awaiting task count in queue 0
2026-07-21 17:18:03.387 I HEAD-75323ba [ NvrCore] ThreadPool.cpp:472 CreateUtilizationReports : standard task 1 thread utilization : %0 awaiting task count in queue 0
2026-07-21 17:18:03.387 I HEAD-75323ba [ NvrCore] ThreadPool.cpp:472 CreateUtilizationReports : standard task 2 thread utilization : %0 awaiting task count in queue 0
2026-07-21 17:18:03.387 I HEAD-75323ba [ NvrCore] ThreadPool.cpp:472 CreateUtilizationReports : standard task 3 thread utilization : %4 awaiting task count in queue 0
2026-07-21 17:18:03.387 I HEAD-75323ba [ NvrCore] ThreadPool.cpp:476 CreateUtilizationReports : preview cache task 0 thread utilization : %0 awaiting task count in queue 0
2026-07-21 17:18:03.387 I HEAD-75323ba [ NvrCore] ThreadPool.cpp:476 CreateUtilizationReports : preview cache task 1 thread utilization : %0 awaiting task count in queue 0
2026-07-21 17:18:03.387 I HEAD-75323ba [ NvrCore] ThreadPool.cpp:483 CreateUtilizationReports : Event Loop thread [0] thread utilization : %0
2026-07-21 17:18:03.387 I HEAD-75323ba [ NvrCore] ThreadPool.cpp:483 CreateUtilizationReports : Event Loop thread [1] thread utilization : %0
2026-07-21 17:18:03.387 I HEAD-75323ba [ NvrCore] main.cpp:232 operator() : Create thread utilization reports end ...
2026-07-21 17:18:05.459 W HEAD-75323ba [ event poller 1] EventPoller.cpp:511 getMinDelay : Total 6 delay tasks found, we will flush them
2026-07-21 17:18:05.520 I HEAD-75323ba [ event poller 0] EventPoller.cpp:228 async_l : Epoll Async Task Size : 1
2026-07-21 17:18:08.389 I HEAD-75323ba [ NvrCore] ThreadPool.cpp:464 CreateUtilizationReports : Thread utilization report :
2026-07-21 17:18:08.389 I HEAD-75323ba [ NvrCore] ThreadPool.cpp:465 CreateUtilizationReports : db thread utilization : %0 awaiting task count in queue 0
2026-07-21 17:18:08.389 I HEAD-75323ba [ NvrCore] ThreadPool.cpp:466 CreateUtilizationReports : file master thread utilization : %0 awaiting task count in queue 0
2026-07-21 17:18:08.389 I HEAD-75323ba [ NvrCore] ThreadPool.cpp:467 CreateUtilizationReports : file slave thread utilization :%0 awaiting task count in queue 0
2026-07-21 17:18:08.389 I HEAD-75323ba [ NvrCore] ThreadPool.cpp:468 CreateUtilizationReports : ptz thread utilization : %0 awaiting task count in queue 0
2026-07-21 17:18:08.389 I HEAD-75323ba [ NvrCore] ThreadPool.cpp:472 CreateUtilizationReports : standard task 0 thread utilization : %0 awaiting task count in queue 0
2026-07-21 17:18:08.389 I HEAD-75323ba [ NvrCore] ThreadPool.cpp:472 CreateUtilizationReports : standard task 1 thread utilization : %0 awaiting task count in queue 0
2026-07-21 17:18:08.389 I HEAD-75323ba [ NvrCore] ThreadPool.cpp:472 CreateUtilizationReports : standard task 2 thread utilization : %0 awaiting task count in queue 0
2026-07-21 17:18:08.389 I HEAD-75323ba [ NvrCore] ThreadPool.cpp:472 CreateUtilizationReports : standard task 3 thread utilization : %0 awaiting task count in queue 0
2026-07-21 17:18:08.389 I HEAD-75323ba [ NvrCore] ThreadPool.cpp:476 CreateUtilizationReports : preview cache task 0 thread utilization : %0 awaiting task count in queue 0
2026-07-21 17:18:08.389 I HEAD-75323ba [ NvrCore] ThreadPool.cpp:476 CreateUtilizationReports : preview cache task 1 thread utilization : %0 awaiting task count in queue 0
2026-07-21 17:18:08.389 I HEAD-75323ba [ NvrCore] ThreadPool.cpp:483 CreateUtilizationReports : Event Loop thread [0] thread utilization : %0
2026-07-21 17:18:08.389 I HEAD-75323ba [ NvrCore] ThreadPool.cpp:483 CreateUtilizationReports : Event Loop thread [1] thread utilization : %0
2026-07-21 17:18:08.389 I HEAD-75323ba [ NvrCore] main.cpp:232 operator() : Create thread utilization reports end ...
2026-07-21 17:18:09.463 W HEAD-75323ba [ event poller 1] EventPoller.cpp:511 getMinDelay : Total 6 delay tasks found, we will flush them
2026-07-21 17:18:09.523 I HEAD-75323ba [ event poller 0] EventPoller.cpp:228 async_l : Epoll Async Task Size : 1
2026-07-21 17:18:13.391 W HEAD-75323ba [ event poller 1] EventPoller.cpp:511 getMinDelay : Total 6 delay tasks found, we will flush them
2026-07-21 17:18:13.391 I HEAD-75323ba [ NvrCore] ThreadPool.cpp:464 CreateUtilizationReports : Thread utilization report :
2026-07-21 17:18:13.391 I HEAD-75323ba [ NvrCore] ThreadPool.cpp:465 CreateUtilizationReports : db thread utilization : %0 awaiting task count in queue 0
2026-07-21 17:18:13.391 I HEAD-75323ba [ NvrCore] ThreadPool.cpp:466 CreateUtilizationReports : file master thread utilization : %0 awaiting task count in queue 0
2026-07-21 17:18:13.391 I HEAD-75323ba [ NvrCore] ThreadPool.cpp:467 CreateUtilizationReports : file slave thread utilization :%0 awaiting task count in queue 0
2026-07-21 17:18:13.391 I HEAD-75323ba [ NvrCore] ThreadPool.cpp:468 CreateUtilizationReports : ptz thread utilization : %0 awaiting task count in queue 0
2026-07-21 17:18:13.391 I HEAD-75323ba [ NvrCore] ThreadPool.cpp:472 CreateUtilizationReports : standard task 0 thread utilization : %0 awaiting task count in queue 0
2026-07-21 17:18:13.391 I HEAD-75323ba [ NvrCore] ThreadPool.cpp:472 CreateUtilizationReports : standard task 1 thread utilization : %0 awaiting task count in queue 0
2026-07-21 17:18:13.391 I HEAD-75323ba [ NvrCore] ThreadPool.cpp:472 CreateUtilizationReports : standard task 2 thread utilization : %0 awaiting task count in queue 0
2026-07-21 17:18:13.391 I HEAD-75323ba [ NvrCore] ThreadPool.cpp:472 CreateUtilizationReports : standard task 3 thread utilization : %0 awaiting task count in queue 0
2026-07-21 17:18:13.391 I HEAD-75323ba [ NvrCore] ThreadPool.cpp:476 CreateUtilizationReports : preview cache task 0 thread utilization : %0 awaiting task count in queue 0
2026-07-21 17:18:13.391 I HEAD-75323ba [ NvrCore] ThreadPool.cpp:476 CreateUtilizationReports : preview cache task 1 thread utilization : %0 awaiting task count in queue 0
2026-07-21 17:18:13.391 I HEAD-75323ba [ NvrCore] ThreadPool.cpp:483 CreateUtilizationReports : Event Loop thread [0] thread utilization : %0
2026-07-21 17:18:13.391 I HEAD-75323ba [ NvrCore] ThreadPool.cpp:483 CreateUtilizationReports : Event Loop thread [1] thread utilization : %0
2026-07-21 17:18:13.391 I HEAD-75323ba [ NvrCore] main.cpp:232 operator() : Create thread utilization reports end ...
2026-07-21 17:18:13.525 I HEAD-75323ba [ event poller 0] EventPoller.cpp:228 async_l : Epoll Async Task Size : 1
2026-07-21 17:18:17.468 W HEAD-75323ba [ event poller 1] EventPoller.cpp:511 getMinDelay : Total 6 delay tasks found, we will flush them
2026-07-21 17:18:17.529 I HEAD-75323ba [ event poller 0] EventPoller.cpp:228 async_l : Epoll Async Task Size : 1
2026-07-21 17:18:18.392 I HEAD-75323ba [ NvrCore] ThreadPool.cpp:464 CreateUtilizationReports : Thread utilization report :
2026-07-21 17:18:18.392 I HEAD-75323ba [ NvrCore] ThreadPool.cpp:465 CreateUtilizationReports : db thread utilization : %0 awaiting task count in queue 0
2026-07-21 17:18:18.392 I HEAD-75323ba [ NvrCore] ThreadPool.cpp:466 CreateUtilizationReports : file master thread utilization : %0 awaiting task count in queue 0
2026-07-21 17:18:18.392 I HEAD-75323ba [ NvrCore] ThreadPool.cpp:467 CreateUtilizationReports : file slave thread utilization :%0 awaiting task count in queue 0
2026-07-21 17:18:18.392 I HEAD-75323ba [ NvrCore] ThreadPool.cpp:468 CreateUtilizationReports : ptz thread utilization : %0 awaiting task count in queue 0
2026-07-21 17:18:18.392 I HEAD-75323ba [ NvrCore] ThreadPool.cpp:472 CreateUtilizationReports : standard task 0 thread utilization : %0 awaiting task count in queue 0
2026-07-21 17:18:18.392 I HEAD-75323ba [ NvrCore] ThreadPool.cpp:472 CreateUtilizationReports : standard task 1 thread utilization : %0 awaiting task count in queue 0
2026-07-21 17:18:18.392 I HEAD-75323ba [ NvrCore] ThreadPool.cpp:472 CreateUtilizationReports : standard task 2 thread utilization : %2 awaiting task count in queue 0
2026-07-21 17:18:18.392 I HEAD-75323ba [ NvrCore] ThreadPool.cpp:472 CreateUtilizationReports : standard task 3 thread utilization : %0 awaiting task count in queue 0
2026-07-21 17:18:18.392 I HEAD-75323ba [ NvrCore] ThreadPool.cpp:476 CreateUtilizationReports : preview cache task 0 thread utilization : %0 awaiting task count in queue 0
2026-07-21 17:18:18.392 I HEAD-75323ba [ NvrCore] ThreadPool.cpp:476 CreateUtilizationReports : preview cache task 1 thread utilization : %0 awaiting task count in queue 0
2026-07-21 17:18:18.392 I HEAD-75323ba [ NvrCore] ThreadPool.cpp:483 CreateUtilizationReports : Event Loop thread [0] thread utilization : %0
2026-07-21 17:18:18.392 I HEAD-75323ba [ NvrCore] ThreadPool.cpp:483 CreateUtilizationReports : Event Loop thread [1] thread utilization : %0
2026-07-21 17:18:18.392 I HEAD-75323ba [ NvrCore] main.cpp:232 operator() : Create thread utilization reports end ...
2026-07-21 17:18:21.470 W HEAD-75323ba [ event poller 1] EventPoller.cpp:511 getMinDelay : Total 6 delay tasks found, we will flush them
2026-07-21 17:18:21.533 I HEAD-75323ba [ event poller 0] EventPoller.cpp:228 async_l : Epoll Async Task Size : 1
2026-07-21 17:18:23.393 I HEAD-75323ba [ NvrCore] ThreadPool.cpp:464 CreateUtilizationReports : Thread utilization report :
2026-07-21 17:18:23.393 I HEAD-75323ba [ NvrCore] ThreadPool.cpp:465 CreateUtilizationReports : db thread utilization : %0 awaiting task count in queue 0
2026-07-21 17:18:23.393 I HEAD-75323ba [ NvrCore] ThreadPool.cpp:466 CreateUtilizationReports : file master thread utilization : %0 awaiting task count in queue 0
2026-07-21 17:18:23.393 I HEAD-75323ba [ NvrCore] ThreadPool.cpp:467 CreateUtilizationReports : file slave thread utilization :%0 awaiting task count in queue 0
2026-07-21 17:18:23.393 I HEAD-75323ba [ NvrCore] ThreadPool.cpp:468 CreateUtilizationReports : ptz thread utilization : %0 awaiting task count in queue 0
2026-07-21 17:18:23.393 I HEAD-75323ba [ NvrCore] ThreadPool.cpp:472 CreateUtilizationReports : standard task 0 thread utilization : %0 awaiting task count in queue 0
2026-07-21 17:18:23.394 I HEAD-75323ba [ NvrCore] ThreadPool.cpp:472 CreateUtilizationReports : standard task 1 thread utilization : %0 awaiting task count in queue 0
2026-07-21 17:18:23.394 I HEAD-75323ba [ NvrCore] ThreadPool.cpp:472 CreateUtilizationReports : standard task 2 thread utilization : %0 awaiting task count in queue 0
2026-07-21 17:18:23.394 I HEAD-75323ba [ NvrCore] ThreadPool.cpp:472 CreateUtilizationReports : standard task 3 thread utilization : %0 awaiting task count in queue 0
2026-07-21 17:18:23.394 I HEAD-75323ba [ NvrCore] ThreadPool.cpp:476 CreateUtilizationReports : preview cache task 0 thread utilization : %0 awaiting task count in queue 0
2026-07-21 17:18:23.394 I HEAD-75323ba [ NvrCore] ThreadPool.cpp:476 CreateUtilizationReports : preview cache task 1 thread utilization : %0 awaiting task count in queue 0
2026-07-21 17:18:23.394 I HEAD-75323ba [ NvrCore] ThreadPool.cpp:483 CreateUtilizationReports : Event Loop thread [0] thread utilization : %0
2026-07-21 17:18:23.394 I HEAD-75323ba [ NvrCore] ThreadPool.cpp:483 CreateUtilizationReports : Event Loop thread [1] thread utilization : %0
2026-07-21 17:18:23.394 I HEAD-75323ba [ NvrCore] main.cpp:232 operator() : Create thread utilization reports end ...
2026-07-21 17:18:25.471 W HEAD-75323ba [ event poller 1] EventPoller.cpp:511 getMinDelay : Total 6 delay tasks found, we will flush them
2026-07-21 17:18:25.537 I HEAD-75323ba [ event poller 0] EventPoller.cpp:228 async_l : Epoll Async Task Size : 1
2026-07-21 17:18:28.394 I HEAD-75323ba [ NvrCore] ThreadPool.cpp:464 CreateUtilizationReports : Thread utilization report :
2026-07-21 17:18:28.394 I HEAD-75323ba [ NvrCore] ThreadPool.cpp:465 CreateUtilizationReports : db thread utilization : %0 awaiting task count in queue 0
2026-07-21 17:18:28.394 I HEAD-75323ba [ NvrCore] ThreadPool.cpp:466 CreateUtilizationReports : file master thread utilization : %0 awaiting task count in queue 0
2026-07-21 17:18:28.394 I HEAD-75323ba [ NvrCore] ThreadPool.cpp:467 CreateUtilizationReports : file slave thread utilization :%0 awaiting task count in queue 0
2026-07-21 17:18:28.394 I HEAD-75323ba [ NvrCore] ThreadPool.cpp:468 CreateUtilizationReports : ptz thread utilization : %0 awaiting task count in queue 0
2026-07-21 17:18:28.394 I HEAD-75323ba [ NvrCore] ThreadPool.cpp:472 CreateUtilizationReports : standard task 0 thread utilization : %0 awaiting task count in queue 0
2026-07-21 17:18:28.394 I HEAD-75323ba [ NvrCore] ThreadPool.cpp:472 CreateUtilizationReports : standard task 1 thread utilization : %0 awaiting task count in queue 0
2026-07-21 17:18:28.394 I HEAD-75323ba [ NvrCore] ThreadPool.cpp:472 CreateUtilizationReports : standard task 2 thread utilization : %0 awaiting task count in queue 0
2026-07-21 17:18:28.394 I HEAD-75323ba [ NvrCore] ThreadPool.cpp:472 CreateUtilizationReports : standard task 3 thread utilization : %0 awaiting task count in queue 0
2026-07-21 17:18:28.394 I HEAD-75323ba [ NvrCore] ThreadPool.cpp:476 CreateUtilizationReports : preview cache task 0 thread utilization : %0 awaiting task count in queue 0
2026-07-21 17:18:28.394 I HEAD-75323ba [ NvrCore] ThreadPool.cpp:476 CreateUtilizationReports : preview cache task 1 thread utilization : %0 awaiting task count in queue 0
2026-07-21 17:18:28.394 I HEAD-75323ba [ NvrCore] ThreadPool.cpp:483 CreateUtilizationReports : Event Loop thread [0] thread utilization : %0
2026-07-21 17:18:28.394 I HEAD-75323ba [ NvrCore] ThreadPool.cpp:483 CreateUtilizationReports : Event Loop thread [1] thread utilization : %0
2026-07-21 17:18:28.394 I HEAD-75323ba [ NvrCore] main.cpp:232 operator() : Create thread utilization reports end ...
2026-07-21 17:18:29.472 W HEAD-75323ba [ event poller 1] EventPoller.cpp:511 getMinDelay : Total 6 delay tasks found, we will flush them
2026-07-21 17:18:29.541 I HEAD-75323ba [ event poller 0] EventPoller.cpp:228 async_l : Epoll Async Task Size : 1
2026-07-21 17:18:33.364 W HEAD-75323ba [ event poller 1] EventPoller.cpp:511 getMinDelay : Total 6 delay tasks found, we will flush them
2026-07-21 17:18:33.364 W HEAD-75323ba [ NvrCore] main.cpp:177 operator() : ======================= [Sys run : Day = 0 , Hour = 0 , Min= 4 , Sec= 0 ]========================= 
2026-07-21 17:18:33.394 I HEAD-75323ba [ NvrCore] ThreadPool.cpp:464 CreateUtilizationReports : Thread utilization report :
2026-07-21 17:18:33.394 I HEAD-75323ba [ NvrCore] ThreadPool.cpp:465 CreateUtilizationReports : db thread utilization : %0 awaiting task count in queue 0
2026-07-21 17:18:33.394 I HEAD-75323ba [ NvrCore] ThreadPool.cpp:466 CreateUtilizationReports : file master thread utilization : %0 awaiting task count in queue 0
2026-07-21 17:18:33.394 I HEAD-75323ba [ NvrCore] ThreadPool.cpp:467 CreateUtilizationReports : file slave thread utilization :%0 awaiting task count in queue 0
2026-07-21 17:18:33.394 I HEAD-75323ba [ NvrCore] ThreadPool.cpp:468 CreateUtilizationReports : ptz thread utilization : %0 awaiting task count in queue 0
2026-07-21 17:18:33.394 I HEAD-75323ba [ NvrCore] ThreadPool.cpp:472 CreateUtilizationReports : standard task 0 thread utilization : %0 awaiting task count in queue 0
2026-07-21 17:18:33.395 I HEAD-75323ba [ NvrCore] ThreadPool.cpp:472 CreateUtilizationReports : standard task 1 thread utilization : %0 awaiting task count in queue 0
2026-07-21 17:18:33.395 I HEAD-75323ba [ NvrCore] ThreadPool.cpp:472 CreateUtilizationReports : standard task 2 thread utilization : %0 awaiting task count in queue 0
2026-07-21 17:18:33.395 I HEAD-75323ba [ NvrCore] ThreadPool.cpp:472 CreateUtilizationReports : standard task 3 thread utilization : %0 awaiting task count in queue 0
2026-07-21 17:18:33.395 I HEAD-75323ba [ NvrCore] ThreadPool.cpp:476 CreateUtilizationReports : preview cache task 0 thread utilization : %0 awaiting task count in queue 0
2026-07-21 17:18:33.395 I HEAD-75323ba [ NvrCore] ThreadPool.cpp:476 CreateUtilizationReports : preview cache task 1 thread utilization : %0 awaiting task count in queue 0
2026-07-21 17:18:33.395 I HEAD-75323ba [ NvrCore] ThreadPool.cpp:483 CreateUtilizationReports : Event Loop thread [0] thread utilization : %0
2026-07-21 17:18:33.395 I HEAD-75323ba [ NvrCore] ThreadPool.cpp:483 CreateUtilizationReports : Event Loop thread [1] thread utilization : %0
2026-07-21 17:18:33.395 I HEAD-75323ba [ NvrCore] main.cpp:232 operator() : Create thread utilization reports end ...
2026-07-21 17:18:33.543 I HEAD-75323ba [ event poller 0] EventPoller.cpp:228 async_l : Epoll Async Task Size : 1
2026-07-21 17:18:37.475 W HEAD-75323ba [ event poller 1] EventPoller.cpp:511 getMinDelay : Total 6 delay tasks found, we will flush them
2026-07-21 17:18:37.546 I HEAD-75323ba [ event poller 0] EventPoller.cpp:228 async_l : Epoll Async Task Size : 1
2026-07-21 17:18:38.395 I HEAD-75323ba [ NvrCore] ThreadPool.cpp:464 CreateUtilizationReports : Thread utilization report :
2026-07-21 17:18:38.395 I HEAD-75323ba [ NvrCore] ThreadPool.cpp:465 CreateUtilizationReports : db thread utilization : %0 awaiting task count in queue 0
2026-07-21 17:18:38.395 I HEAD-75323ba [ NvrCore] ThreadPool.cpp:466 CreateUtilizationReports : file master thread utilization : %0 awaiting task count in queue 0
2026-07-21 17:18:38.395 I HEAD-75323ba [ NvrCore] ThreadPool.cpp:467 CreateUtilizationReports : file slave thread utilization :%0 awaiting task count in queue 0
2026-07-21 17:18:38.395 I HEAD-75323ba [ NvrCore] ThreadPool.cpp:468 CreateUtilizationReports : ptz thread utilization : %0 awaiting task count in queue 0
2026-07-21 17:18:38.395 I HEAD-75323ba [ NvrCore] ThreadPool.cpp:472 CreateUtilizationReports : standard task 0 thread utilization : %0 awaiting task count in queue 0
2026-07-21 17:18:38.395 I HEAD-75323ba [ NvrCore] ThreadPool.cpp:472 CreateUtilizationReports : standard task 1 thread utilization : %0 awaiting task count in queue 0
2026-07-21 17:18:38.395 I HEAD-75323ba [ NvrCore] ThreadPool.cpp:472 CreateUtilizationReports : standard task 2 thread utilization : %0 awaiting task count in queue 0
2026-07-21 17:18:38.395 I HEAD-75323ba [ NvrCore] ThreadPool.cpp:472 CreateUtilizationReports : standard task 3 thread utilization : %0 awaiting task count in queue 0
2026-07-21 17:18:38.395 I HEAD-75323ba [ NvrCore] ThreadPool.cpp:476 CreateUtilizationReports : preview cache task 0 thread utilization : %0 awaiting task count in queue 0
2026-07-21 17:18:38.395 I HEAD-75323ba [ NvrCore] ThreadPool.cpp:476 CreateUtilizationReports : preview cache task 1 thread utilization : %0 awaiting task count in queue 0
2026-07-21 17:18:38.395 I HEAD-75323ba [ NvrCore] ThreadPool.cpp:483 CreateUtilizationReports : Event Loop thread [0] thread utilization : %0
2026-07-21 17:18:38.395 I HEAD-75323ba [ NvrCore] ThreadPool.cpp:483 CreateUtilizationReports : Event Loop thread [1] thread utilization : %0
2026-07-21 17:18:38.395 I HEAD-75323ba [ NvrCore] main.cpp:232 operator() : Create thread utilization reports end ...
2026-07-21 17:18:41.476 W HEAD-75323ba [ event poller 1] EventPoller.cpp:511 getMinDelay : Total 6 delay tasks found, we will flush them
2026-07-21 17:18:41.550 I HEAD-75323ba [ event poller 0] EventPoller.cpp:228 async_l : Epoll Async Task Size : 1
2026-07-21 17:18:43.396 I HEAD-75323ba [ NvrCore] ThreadPool.cpp:464 CreateUtilizationReports : Thread utilization report :
2026-07-21 17:18:43.396 I HEAD-75323ba [ NvrCore] ThreadPool.cpp:465 CreateUtilizationReports : db thread utilization : %0 awaiting task count in queue 0
2026-07-21 17:18:43.396 I HEAD-75323ba [ NvrCore] ThreadPool.cpp:466 CreateUtilizationReports : file master thread utilization : %0 awaiting task count in queue 0
2026-07-21 17:18:43.396 I HEAD-75323ba [ NvrCore] ThreadPool.cpp:467 CreateUtilizationReports : file slave thread utilization :%0 awaiting task count in queue 0
2026-07-21 17:18:43.396 I HEAD-75323ba [ NvrCore] ThreadPool.cpp:468 CreateUtilizationReports : ptz thread utilization : %0 awaiting task count in queue 0
2026-07-21 17:18:43.396 I HEAD-75323ba [ NvrCore] ThreadPool.cpp:472 CreateUtilizationReports : standard task 0 thread utilization : %0 awaiting task count in queue 0
2026-07-21 17:18:43.396 I HEAD-75323ba [ NvrCore] ThreadPool.cpp:472 CreateUtilizationReports : standard task 1 thread utilization : %0 awaiting task count in queue 0
2026-07-21 17:18:43.396 I HEAD-75323ba [ NvrCore] ThreadPool.cpp:472 CreateUtilizationReports : standard task 2 thread utilization : %0 awaiting task count in queue 0
2026-07-21 17:18:43.396 I HEAD-75323ba [ NvrCore] ThreadPool.cpp:472 CreateUtilizationReports : standard task 3 thread utilization : %0 awaiting task count in queue 0
2026-07-21 17:18:43.396 I HEAD-75323ba [ NvrCore] ThreadPool.cpp:476 CreateUtilizationReports : preview cache task 0 thread utilization : %0 awaiting task count in queue 0
2026-07-21 17:18:43.396 I HEAD-75323ba [ NvrCore] ThreadPool.cpp:476 CreateUtilizationReports : preview cache task 1 thread utilization : %0 awaiting task count in queue 0
2026-07-21 17:18:43.396 I HEAD-75323ba [ NvrCore] ThreadPool.cpp:483 CreateUtilizationReports : Event Loop thread [0] thread utilization : %0
2026-07-21 17:18:43.396 I HEAD-75323ba [ NvrCore] ThreadPool.cpp:483 CreateUtilizationReports : Event Loop thread [1] thread utilization : %0
2026-07-21 17:18:43.396 I HEAD-75323ba [ NvrCore] main.cpp:232 operator() : Create thread utilization reports end ...
2026-07-21 17:18:45.478 W HEAD-75323ba [ event poller 1] EventPoller.cpp:511 getMinDelay : Total 6 delay tasks found, we will flush them
2026-07-21 17:18:45.552 I HEAD-75323ba [ event poller 0] EventPoller.cpp:228 async_l : Epoll Async Task Size : 1
2026-07-21 17:18:48.396 I HEAD-75323ba [ NvrCore] ThreadPool.cpp:464 CreateUtilizationReports : Thread utilization report :
2026-07-21 17:18:48.396 I HEAD-75323ba [ NvrCore] ThreadPool.cpp:465 CreateUtilizationReports : db thread utilization : %0 awaiting task count in queue 0
2026-07-21 17:18:48.396 I HEAD-75323ba [ NvrCore] ThreadPool.cpp:466 CreateUtilizationReports : file master thread utilization : %0 awaiting task count in queue 0
2026-07-21 17:18:48.396 I HEAD-75323ba [ NvrCore] ThreadPool.cpp:467 CreateUtilizationReports : file slave thread utilization :%0 awaiting task count in queue 0
2026-07-21 17:18:48.396 I HEAD-75323ba [ NvrCore] ThreadPool.cpp:468 CreateUtilizationReports : ptz thread utilization : %0 awaiting task count in queue 0
2026-07-21 17:18:48.396 I HEAD-75323ba [ NvrCore] ThreadPool.cpp:472 CreateUtilizationReports : standard task 0 thread utilization : %0 awaiting task count in queue 0
2026-07-21 17:18:48.396 I HEAD-75323ba [ NvrCore] ThreadPool.cpp:472 CreateUtilizationReports : standard task 1 thread utilization : %0 awaiting task count in queue 0
2026-07-21 17:18:48.396 I HEAD-75323ba [ NvrCore] ThreadPool.cpp:472 CreateUtilizationReports : standard task 2 thread utilization : %0 awaiting task count in queue 0
2026-07-21 17:18:48.396 I HEAD-75323ba [ NvrCore] ThreadPool.cpp:472 CreateUtilizationReports : standard task 3 thread utilization : %0 awaiting task count in queue 0
2026-07-21 17:18:48.396 I HEAD-75323ba [ NvrCore] ThreadPool.cpp:476 CreateUtilizationReports : preview cache task 0 thread utilization : %0 awaiting task count in queue 0
2026-07-21 17:18:48.396 I HEAD-75323ba [ NvrCore] ThreadPool.cpp:476 CreateUtilizationReports : preview cache task 1 thread utilization : %0 awaiting task count in queue 0
2026-07-21 17:18:48.396 I HEAD-75323ba [ NvrCore] ThreadPool.cpp:483 CreateUtilizationReports : Event Loop thread [0] thread utilization : %0
2026-07-21 17:18:48.396 I HEAD-75323ba [ NvrCore] ThreadPool.cpp:483 CreateUtilizationReports : Event Loop thread [1] thread utilization : %0
2026-07-21 17:18:48.396 I HEAD-75323ba [ NvrCore] main.cpp:232 operator() : Create thread utilization reports end ...
2026-07-21 17:18:49.480 W HEAD-75323ba [ event poller 1] EventPoller.cpp:511 getMinDelay : Total 6 delay tasks found, we will flush them
2026-07-21 17:18:49.556 I HEAD-75323ba [ event poller 0] EventPoller.cpp:228 async_l : Epoll Async Task Size : 1
2026-07-21 17:18:53.398 W HEAD-75323ba [ event poller 1] EventPoller.cpp:511 getMinDelay : Total 6 delay tasks found, we will flush them
2026-07-21 17:18:53.398 I HEAD-75323ba [ NvrCore] ThreadPool.cpp:464 CreateUtilizationReports : Thread utilization report :
2026-07-21 17:18:53.398 I HEAD-75323ba [ NvrCore] ThreadPool.cpp:465 CreateUtilizationReports : db thread utilization : %0 awaiting task count in queue 0
2026-07-21 17:18:53.398 I HEAD-75323ba [ NvrCore] ThreadPool.cpp:466 CreateUtilizationReports : file master thread utilization : %0 awaiting task count in queue 0
2026-07-21 17:18:53.398 I HEAD-75323ba [ NvrCore] ThreadPool.cpp:467 CreateUtilizationReports : file slave thread utilization :%0 awaiting task count in queue 0
2026-07-21 17:18:53.398 I HEAD-75323ba [ NvrCore] ThreadPool.cpp:468 CreateUtilizationReports : ptz thread utilization : %0 awaiting task count in queue 0
2026-07-21 17:18:53.398 I HEAD-75323ba [ NvrCore] ThreadPool.cpp:472 CreateUtilizationReports : standard task 0 thread utilization : %0 awaiting task count in queue 0
2026-07-21 17:18:53.398 I HEAD-75323ba [ NvrCore] ThreadPool.cpp:472 CreateUtilizationReports : standard task 1 thread utilization : %0 awaiting task count in queue 0
2026-07-21 17:18:53.398 I HEAD-75323ba [ NvrCore] ThreadPool.cpp:472 CreateUtilizationReports : standard task 2 thread utilization : %0 awaiting task count in queue 0
2026-07-21 17:18:53.399 I HEAD-75323ba [ NvrCore] ThreadPool.cpp:472 CreateUtilizationReports : standard task 3 thread utilization : %0 awaiting task count in queue 0
2026-07-21 17:18:53.399 I HEAD-75323ba [ NvrCore] ThreadPool.cpp:476 CreateUtilizationReports : preview cache task 0 thread utilization : %0 awaiting task count in queue 0
2026-07-21 17:18:53.399 I HEAD-75323ba [ NvrCore] ThreadPool.cpp:476 CreateUtilizationReports : preview cache task 1 thread utilization : %0 awaiting task count in queue 0
2026-07-21 17:18:53.399 I HEAD-75323ba [ NvrCore] ThreadPool.cpp:483 CreateUtilizationReports : Event Loop thread [0] thread utilization : %0
2026-07-21 17:18:53.399 I HEAD-75323ba [ NvrCore] ThreadPool.cpp:483 CreateUtilizationReports : Event Loop thread [1] thread utilization : %0
2026-07-21 17:18:53.399 I HEAD-75323ba [ NvrCore] main.cpp:232 operator() : Create thread utilization reports end ...
2026-07-21 17:18:53.559 I HEAD-75323ba [ event poller 0] EventPoller.cpp:228 async_l : Epoll Async Task Size : 1
2026-07-21 17:18:57.483 W HEAD-75323ba [ event poller 1] EventPoller.cpp:511 getMinDelay : Total 6 delay tasks found, we will flush them
2026-07-21 17:18:57.563 I HEAD-75323ba [ event poller 0] EventPoller.cpp:228 async_l : Epoll Async Task Size : 1
2026-07-21 17:18:58.399 I HEAD-75323ba [ NvrCore] ThreadPool.cpp:464 CreateUtilizationReports : Thread utilization report :
2026-07-21 17:18:58.399 I HEAD-75323ba [ NvrCore] ThreadPool.cpp:465 CreateUtilizationReports : db thread utilization : %0 awaiting task count in queue 0
2026-07-21 17:18:58.399 I HEAD-75323ba [ NvrCore] ThreadPool.cpp:466 CreateUtilizationReports : file master thread utilization : %0 awaiting task count in queue 0
2026-07-21 17:18:58.399 I HEAD-75323ba [ NvrCore] ThreadPool.cpp:467 CreateUtilizationReports : file slave thread utilization :%0 awaiting task count in queue 0
2026-07-21 17:18:58.399 I HEAD-75323ba [ NvrCore] ThreadPool.cpp:468 CreateUtilizationReports : ptz thread utilization : %0 awaiting task count in queue 0
2026-07-21 17:18:58.399 I HEAD-75323ba [ NvrCore] ThreadPool.cpp:472 CreateUtilizationReports : standard task 0 thread utilization : %0 awaiting task count in queue 0
2026-07-21 17:18:58.399 I HEAD-75323ba [ NvrCore] ThreadPool.cpp:472 CreateUtilizationReports : standard task 1 thread utilization : %0 awaiting task count in queue 0
2026-07-21 17:18:58.399 I HEAD-75323ba [ NvrCore] ThreadPool.cpp:472 CreateUtilizationReports : standard task 2 thread utilization : %0 awaiting task count in queue 0
2026-07-21 17:18:58.399 I HEAD-75323ba [ NvrCore] ThreadPool.cpp:472 CreateUtilizationReports : standard task 3 thread utilization : %0 awaiting task count in queue 0
2026-07-21 17:18:58.399 I HEAD-75323ba [ NvrCore] ThreadPool.cpp:476 CreateUtilizationReports : preview cache task 0 thread utilization : %0 awaiting task count in queue 0
2026-07-21 17:18:58.399 I HEAD-75323ba [ NvrCore] ThreadPool.cpp:476 CreateUtilizationReports : preview cache task 1 thread utilization : %0 awaiting task count in queue 0
2026-07-21 17:18:58.399 I HEAD-75323ba [ NvrCore] ThreadPool.cpp:483 CreateUtilizationReports : Event Loop thread [0] thread utilization : %0
2026-07-21 17:18:58.399 I HEAD-75323ba [ NvrCore] ThreadPool.cpp:483 CreateUtilizationReports : Event Loop thread [1] thread utilization : %0
2026-07-21 17:18:58.399 I HEAD-75323ba [ NvrCore] main.cpp:232 operator() : Create thread utilization reports end ...
2026-07-21 17:19:01.485 W HEAD-75323ba [ event poller 1] EventPoller.cpp:511 getMinDelay : Total 6 delay tasks found, we will flush them
2026-07-21 17:19:01.567 I HEAD-75323ba [ event poller 0] EventPoller.cpp:228 async_l : Epoll Async Task Size : 1
2026-07-21 17:19:03.366 W HEAD-75323ba [ NvrCore] main.cpp:177 operator() : ======================= [Sys run : Day = 0 , Hour = 0 , Min= 4 , Sec= 30 ]========================= 
2026-07-21 17:19:03.399 I HEAD-75323ba [ NvrCore] ThreadPool.cpp:464 CreateUtilizationReports : Thread utilization report :
2026-07-21 17:19:03.399 I HEAD-75323ba [ NvrCore] ThreadPool.cpp:465 CreateUtilizationReports : db thread utilization : %0 awaiting task count in queue 0
2026-07-21 17:19:03.399 I HEAD-75323ba [ NvrCore] ThreadPool.cpp:466 CreateUtilizationReports : file master thread utilization : %0 awaiting task count in queue 0
2026-07-21 17:19:03.399 I HEAD-75323ba [ NvrCore] ThreadPool.cpp:467 CreateUtilizationReports : file slave thread utilization :%0 awaiting task count in queue 0
2026-07-21 17:19:03.399 I HEAD-75323ba [ NvrCore] ThreadPool.cpp:468 CreateUtilizationReports : ptz thread utilization : %0 awaiting task count in queue 0
2026-07-21 17:19:03.399 I HEAD-75323ba [ NvrCore] ThreadPool.cpp:472 CreateUtilizationReports : standard task 0 thread utilization : %0 awaiting task count in queue 0
2026-07-21 17:19:03.399 I HEAD-75323ba [ NvrCore] ThreadPool.cpp:472 CreateUtilizationReports : standard task 1 thread utilization : %0 awaiting task count in queue 0
2026-07-21 17:19:03.399 I HEAD-75323ba [ NvrCore] ThreadPool.cpp:472 CreateUtilizationReports : standard task 2 thread utilization : %0 awaiting task count in queue 0
2026-07-21 17:19:03.399 I HEAD-75323ba [ NvrCore] ThreadPool.cpp:472 CreateUtilizationReports : standard task 3 thread utilization : %0 awaiting task count in queue 0
2026-07-21 17:19:03.399 I HEAD-75323ba [ NvrCore] ThreadPool.cpp:476 CreateUtilizationReports : preview cache task 0 thread utilization : %0 awaiting task count in queue 0
2026-07-21 17:19:03.399 I HEAD-75323ba [ NvrCore] ThreadPool.cpp:476 CreateUtilizationReports : preview cache task 1 thread utilization : %0 awaiting task count in queue 0
2026-07-21 17:19:03.399 I HEAD-75323ba [ NvrCore] ThreadPool.cpp:483 CreateUtilizationReports : Event Loop thread [0] thread utilization : %0
2026-07-21 17:19:03.399 I HEAD-75323ba [ NvrCore] ThreadPool.cpp:483 CreateUtilizationReports : Event Loop thread [1] thread utilization : %0
2026-07-21 17:19:03.399 I HEAD-75323ba [ NvrCore] main.cpp:232 operator() : Create thread utilization reports end ...
2026-07-21 17:19:05.487 W HEAD-75323ba [ event poller 1] EventPoller.cpp:511 getMinDelay : Total 6 delay tasks found, we will flush them
2026-07-21 17:19:05.570 I HEAD-75323ba [ event poller 0] EventPoller.cpp:228 async_l : Epoll Async Task Size : 1
2026-07-21 17:19:08.400 I HEAD-75323ba [ NvrCore] ThreadPool.cpp:464 CreateUtilizationReports : Thread utilization report :
2026-07-21 17:19:08.400 I HEAD-75323ba [ NvrCore] ThreadPool.cpp:465 CreateUtilizationReports : db thread utilization : %0 awaiting task count in queue 0
2026-07-21 17:19:08.400 I HEAD-75323ba [ NvrCore] ThreadPool.cpp:466 CreateUtilizationReports : file master thread utilization : %0 awaiting task count in queue 0
2026-07-21 17:19:08.400 I HEAD-75323ba [ NvrCore] ThreadPool.cpp:467 CreateUtilizationReports : file slave thread utilization :%0 awaiting task count in queue 0
2026-07-21 17:19:08.400 I HEAD-75323ba [ NvrCore] ThreadPool.cpp:468 CreateUtilizationReports : ptz thread utilization : %0 awaiting task count in queue 0
2026-07-21 17:19:08.400 I HEAD-75323ba [ NvrCore] ThreadPool.cpp:472 CreateUtilizationReports : standard task 0 thread utilization : %0 awaiting task count in queue 0
2026-07-21 17:19:08.400 I HEAD-75323ba [ NvrCore] ThreadPool.cpp:472 CreateUtilizationReports : standard task 1 thread utilization : %0 awaiting task count in queue 0
2026-07-21 17:19:08.400 I HEAD-75323ba [ NvrCore] ThreadPool.cpp:472 CreateUtilizationReports : standard task 2 thread utilization : %0 awaiting task count in queue 0
2026-07-21 17:19:08.400 I HEAD-75323ba [ NvrCore] ThreadPool.cpp:472 CreateUtilizationReports : standard task 3 thread utilization : %0 awaiting task count in queue 0
2026-07-21 17:19:08.400 I HEAD-75323ba [ NvrCore] ThreadPool.cpp:476 CreateUtilizationReports : preview cache task 0 thread utilization : %0 awaiting task count in queue 0
2026-07-21 17:19:08.400 I HEAD-75323ba [ NvrCore] ThreadPool.cpp:476 CreateUtilizationReports : preview cache task 1 thread utilization : %0 awaiting task count in queue 0
2026-07-21 17:19:08.400 I HEAD-75323ba [ NvrCore] ThreadPool.cpp:483 CreateUtilizationReports : Event Loop thread [0] thread utilization : %0
2026-07-21 17:19:08.400 I HEAD-75323ba [ NvrCore] ThreadPool.cpp:483 CreateUtilizationReports : Event Loop thread [1] thread utilization : %0
2026-07-21 17:19:08.400 I HEAD-75323ba [ NvrCore] main.cpp:232 operator() : Create thread utilization reports end ...
2026-07-21 17:19:09.489 W HEAD-75323ba [ event poller 1] EventPoller.cpp:511 getMinDelay : Total 6 delay tasks found, we will flush them
2026-07-21 17:19:09.574 I HEAD-75323ba [ event poller 0] EventPoller.cpp:228 async_l : Epoll Async Task Size : 1
2026-07-21 17:19:13.402 W HEAD-75323ba [ event poller 1] EventPoller.cpp:511 getMinDelay : Total 6 delay tasks found, we will flush them
2026-07-21 17:19:13.403 I HEAD-75323ba [ NvrCore] ThreadPool.cpp:464 CreateUtilizationReports : Thread utilization report :
2026-07-21 17:19:13.403 I HEAD-75323ba [ NvrCore] ThreadPool.cpp:465 CreateUtilizationReports : db thread utilization : %0 awaiting task count in queue 0
2026-07-21 17:19:13.403 I HEAD-75323ba [ NvrCore] ThreadPool.cpp:466 CreateUtilizationReports : file master thread utilization : %0 awaiting task count in queue 0
2026-07-21 17:19:13.403 I HEAD-75323ba [ NvrCore] ThreadPool.cpp:467 CreateUtilizationReports : file slave thread utilization :%0 awaiting task count in queue 0
2026-07-21 17:19:13.403 I HEAD-75323ba [ NvrCore] ThreadPool.cpp:468 CreateUtilizationReports : ptz thread utilization : %0 awaiting task count in queue 0
2026-07-21 17:19:13.403 I HEAD-75323ba [ NvrCore] ThreadPool.cpp:472 CreateUtilizationReports : standard task 0 thread utilization : %0 awaiting task count in queue 0
2026-07-21 17:19:13.403 I HEAD-75323ba [ NvrCore] ThreadPool.cpp:472 CreateUtilizationReports : standard task 1 thread utilization : %0 awaiting task count in queue 0
2026-07-21 17:19:13.403 I HEAD-75323ba [ NvrCore] ThreadPool.cpp:472 CreateUtilizationReports : standard task 2 thread utilization : %0 awaiting task count in queue 0
2026-07-21 17:19:13.403 I HEAD-75323ba [ NvrCore] ThreadPool.cpp:472 CreateUtilizationReports : standard task 3 thread utilization : %0 awaiting task count in queue 0
2026-07-21 17:19:13.403 I HEAD-75323ba [ NvrCore] ThreadPool.cpp:476 CreateUtilizationReports : preview cache task 0 thread utilization : %0 awaiting task count in queue 0
2026-07-21 17:19:13.403 I HEAD-75323ba [ NvrCore] ThreadPool.cpp:476 CreateUtilizationReports : preview cache task 1 thread utilization : %0 awaiting task count in queue 0
2026-07-21 17:19:13.403 I HEAD-75323ba [ NvrCore] ThreadPool.cpp:483 CreateUtilizationReports : Event Loop thread [0] thread utilization : %0
2026-07-21 17:19:13.403 I HEAD-75323ba [ NvrCore] ThreadPool.cpp:483 CreateUtilizationReports : Event Loop thread [1] thread utilization : %0
2026-07-21 17:19:13.403 I HEAD-75323ba [ NvrCore] main.cpp:232 operator() : Create thread utilization reports end ...
2026-07-21 17:19:13.576 I HEAD-75323ba [ event poller 0] EventPoller.cpp:228 async_l : Epoll Async Task Size : 1
2026-07-21 17:19:17.497 W HEAD-75323ba [ event poller 1] EventPoller.cpp:511 getMinDelay : Total 6 delay tasks found, we will flush them
2026-07-21 17:19:17.581 I HEAD-75323ba [ event poller 0] EventPoller.cpp:228 async_l : Epoll Async Task Size : 1
2026-07-21 17:19:18.402 I HEAD-75323ba [ NvrCore] ThreadPool.cpp:464 CreateUtilizationReports : Thread utilization report :
2026-07-21 17:19:18.402 I HEAD-75323ba [ NvrCore] ThreadPool.cpp:465 CreateUtilizationReports : db thread utilization : %0 awaiting task count in queue 0
2026-07-21 17:19:18.402 I HEAD-75323ba [ NvrCore] ThreadPool.cpp:466 CreateUtilizationReports : file master thread utilization : %0 awaiting task count in queue 0
2026-07-21 17:19:18.402 I HEAD-75323ba [ NvrCore] ThreadPool.cpp:467 CreateUtilizationReports : file slave thread utilization :%0 awaiting task count in queue 0
2026-07-21 17:19:18.402 I HEAD-75323ba [ NvrCore] ThreadPool.cpp:468 CreateUtilizationReports : ptz thread utilization : %0 awaiting task count in queue 0
2026-07-21 17:19:18.402 I HEAD-75323ba [ NvrCore] ThreadPool.cpp:472 CreateUtilizationReports : standard task 0 thread utilization : %0 awaiting task count in queue 0
2026-07-21 17:19:18.402 I HEAD-75323ba [ NvrCore] ThreadPool.cpp:472 CreateUtilizationReports : standard task 1 thread utilization : %0 awaiting task count in queue 0
2026-07-21 17:19:18.402 I HEAD-75323ba [ NvrCore] ThreadPool.cpp:472 CreateUtilizationReports : standard task 2 thread utilization : %0 awaiting task count in queue 0
2026-07-21 17:19:18.402 I HEAD-75323ba [ NvrCore] ThreadPool.cpp:472 CreateUtilizationReports : standard task 3 thread utilization : %0 awaiting task count in queue 0
2026-07-21 17:19:18.402 I HEAD-75323ba [ NvrCore] ThreadPool.cpp:476 CreateUtilizationReports : preview cache task 0 thread utilization : %0 awaiting task count in queue 0
2026-07-21 17:19:18.402 I HEAD-75323ba [ NvrCore] ThreadPool.cpp:476 CreateUtilizationReports : preview cache task 1 thread utilization : %0 awaiting task count in queue 0
2026-07-21 17:19:18.402 I HEAD-75323ba [ NvrCore] ThreadPool.cpp:483 CreateUtilizationReports : Event Loop thread [0] thread utilization : %0
2026-07-21 17:19:18.402 I HEAD-75323ba [ NvrCore] ThreadPool.cpp:483 CreateUtilizationReports : Event Loop thread [1] thread utilization : %0
2026-07-21 17:19:18.402 I HEAD-75323ba [ NvrCore] main.cpp:232 operator() : Create thread utilization reports end ...
2026-07-21 17:19:21.498 W HEAD-75323ba [ event poller 1] EventPoller.cpp:511 getMinDelay : Total 6 delay tasks found, we will flush them
2026-07-21 17:19:21.583 I HEAD-75323ba [ event poller 0] EventPoller.cpp:228 async_l : Epoll Async Task Size : 1
2026-07-21 17:19:23.404 I HEAD-75323ba [ NvrCore] ThreadPool.cpp:464 CreateUtilizationReports : Thread utilization report :
2026-07-21 17:19:23.404 I HEAD-75323ba [ NvrCore] ThreadPool.cpp:465 CreateUtilizationReports : db thread utilization : %0 awaiting task count in queue 0
2026-07-21 17:19:23.404 I HEAD-75323ba [ NvrCore] ThreadPool.cpp:466 CreateUtilizationReports : file master thread utilization : %0 awaiting task count in queue 0
2026-07-21 17:19:23.404 I HEAD-75323ba [ NvrCore] ThreadPool.cpp:467 CreateUtilizationReports : file slave thread utilization :%0 awaiting task count in queue 0
2026-07-21 17:19:23.404 I HEAD-75323ba [ NvrCore] ThreadPool.cpp:468 CreateUtilizationReports : ptz thread utilization : %0 awaiting task count in queue 0
2026-07-21 17:19:23.404 I HEAD-75323ba [ NvrCore] ThreadPool.cpp:472 CreateUtilizationReports : standard task 0 thread utilization : %0 awaiting task count in queue 0
2026-07-21 17:19:23.404 I HEAD-75323ba [ NvrCore] ThreadPool.cpp:472 CreateUtilizationReports : standard task 1 thread utilization : %0 awaiting task count in queue 0
2026-07-21 17:19:23.404 I HEAD-75323ba [ NvrCore] ThreadPool.cpp:472 CreateUtilizationReports : standard task 2 thread utilization : %0 awaiting task count in queue 0
2026-07-21 17:19:23.404 I HEAD-75323ba [ NvrCore] ThreadPool.cpp:472 CreateUtilizationReports : standard task 3 thread utilization : %0 awaiting task count in queue 0
2026-07-21 17:19:23.404 I HEAD-75323ba [ NvrCore] ThreadPool.cpp:476 CreateUtilizationReports : preview cache task 0 thread utilization : %0 awaiting task count in queue 0
2026-07-21 17:19:23.404 I HEAD-75323ba [ NvrCore] ThreadPool.cpp:476 CreateUtilizationReports : preview cache task 1 thread utilization : %0 awaiting task count in queue 0
2026-07-21 17:19:23.404 I HEAD-75323ba [ NvrCore] ThreadPool.cpp:483 CreateUtilizationReports : Event Loop thread [0] thread utilization : %0
2026-07-21 17:19:23.404 I HEAD-75323ba [ NvrCore] ThreadPool.cpp:483 CreateUtilizationReports : Event Loop thread [1] thread utilization : %0
2026-07-21 17:19:23.404 I HEAD-75323ba [ NvrCore] main.cpp:232 operator() : Create thread utilization reports end ...
2026-07-21 17:19:25.499 W HEAD-75323ba [ event poller 1] EventPoller.cpp:511 getMinDelay : Total 6 delay tasks found, we will flush them
2026-07-21 17:19:25.585 I HEAD-75323ba [ event poller 0] EventPoller.cpp:228 async_l : Epoll Async Task Size : 1
2026-07-21 17:19:28.405 I HEAD-75323ba [ NvrCore] ThreadPool.cpp:464 CreateUtilizationReports : Thread utilization report :
2026-07-21 17:19:28.405 I HEAD-75323ba [ NvrCore] ThreadPool.cpp:465 CreateUtilizationReports : db thread utilization : %0 awaiting task count in queue 0
2026-07-21 17:19:28.405 I HEAD-75323ba [ NvrCore] ThreadPool.cpp:466 CreateUtilizationReports : file master thread utilization : %0 awaiting task count in queue 0
2026-07-21 17:19:28.405 I HEAD-75323ba [ NvrCore] ThreadPool.cpp:467 CreateUtilizationReports : file slave thread utilization :%0 awaiting task count in queue 0
2026-07-21 17:19:28.405 I HEAD-75323ba [ NvrCore] ThreadPool.cpp:468 CreateUtilizationReports : ptz thread utilization : %0 awaiting task count in queue 0
2026-07-21 17:19:28.405 I HEAD-75323ba [ NvrCore] ThreadPool.cpp:472 CreateUtilizationReports : standard task 0 thread utilization : %0 awaiting task count in queue 0
2026-07-21 17:19:28.405 I HEAD-75323ba [ NvrCore] ThreadPool.cpp:472 CreateUtilizationReports : standard task 1 thread utilization : %0 awaiting task count in queue 0
2026-07-21 17:19:28.405 I HEAD-75323ba [ NvrCore] ThreadPool.cpp:472 CreateUtilizationReports : standard task 2 thread utilization : %0 awaiting task count in queue 0
2026-07-21 17:19:28.405 I HEAD-75323ba [ NvrCore] ThreadPool.cpp:472 CreateUtilizationReports : standard task 3 thread utilization : %0 awaiting task count in queue 0
2026-07-21 17:19:28.405 I HEAD-75323ba [ NvrCore] ThreadPool.cpp:476 CreateUtilizationReports : preview cache task 0 thread utilization : %0 awaiting task count in queue 0
2026-07-21 17:19:28.405 I HEAD-75323ba [ NvrCore] ThreadPool.cpp:476 CreateUtilizationReports : preview cache task 1 thread utilization : %0 awaiting task count in queue 0
2026-07-21 17:19:28.405 I HEAD-75323ba [ NvrCore] ThreadPool.cpp:483 CreateUtilizationReports : Event Loop thread [0] thread utilization : %0
2026-07-21 17:19:28.405 I HEAD-75323ba [ NvrCore] ThreadPool.cpp:483 CreateUtilizationReports : Event Loop thread [1] thread utilization : %0
2026-07-21 17:19:28.405 I HEAD-75323ba [ NvrCore] main.cpp:232 operator() : Create thread utilization reports end ...
2026-07-21 17:19:29.503 W HEAD-75323ba [ event poller 1] EventPoller.cpp:511 getMinDelay : Total 6 delay tasks found, we will flush them
2026-07-21 17:19:29.590 I HEAD-75323ba [ event poller 0] EventPoller.cpp:228 async_l : Epoll Async Task Size : 1
2026-07-21 17:19:33.352 W HEAD-75323ba [ event poller 0] EventPoller.cpp:511 getMinDelay : Total 8 delay tasks found, we will flush them
2026-07-21 17:19:33.353 I HEAD-75323ba [ NvrCore] SysProc.cpp:509 sysSyncTime : NTP enable status is NULL and Server Info is not.defined.yet in DB
2026-07-21 17:19:33.353 I HEAD-75323ba [ NvrCore] main.cpp:220 operator() : System time synchronized.
2026-07-21 17:19:33.353 I HEAD-75323ba [ NvrCore] SysProc.cpp:515 operator() : ntp sync just started!
2026-07-21 17:19:33.353 I HEAD-75323ba [ NvrCore] DiskOpt.cpp:463 deleteTempRec : Need remove number in TempRec = 0
2026-07-21 17:19:33.353 I HEAD-75323ba [ NvrCore] main.cpp:131 operator() : Execute delete temp record task end ...
2026-07-21 17:19:33.368 W HEAD-75323ba [ NvrCore] main.cpp:177 operator() : ======================= [Sys run : Day = 0 , Hour = 0 , Min= 5 , Sec= 0 ]========================= 
2026-07-21 17:19:33.404 I HEAD-75323ba [ NvrCore] ThreadPool.cpp:464 CreateUtilizationReports : Thread utilization report :
2026-07-21 17:19:33.404 I HEAD-75323ba [ NvrCore] ThreadPool.cpp:465 CreateUtilizationReports : db thread utilization : %0 awaiting task count in queue 0
2026-07-21 17:19:33.404 I HEAD-75323ba [ NvrCore] ThreadPool.cpp:466 CreateUtilizationReports : file master thread utilization : %0 awaiting task count in queue 0
2026-07-21 17:19:33.404 I HEAD-75323ba [ NvrCore] ThreadPool.cpp:467 CreateUtilizationReports : file slave thread utilization :%0 awaiting task count in queue 0
2026-07-21 17:19:33.404 I HEAD-75323ba [ NvrCore] ThreadPool.cpp:468 CreateUtilizationReports : ptz thread utilization : %0 awaiting task count in queue 0
2026-07-21 17:19:33.404 I HEAD-75323ba [ NvrCore] ThreadPool.cpp:472 CreateUtilizationReports : standard task 0 thread utilization : %0 awaiting task count in queue 0
2026-07-21 17:19:33.404 I HEAD-75323ba [ NvrCore] ThreadPool.cpp:472 CreateUtilizationReports : standard task 1 thread utilization : %4 awaiting task count in queue 0
2026-07-21 17:19:33.404 I HEAD-75323ba [ NvrCore] ThreadPool.cpp:472 CreateUtilizationReports : standard task 2 thread utilization : %0 awaiting task count in queue 0
2026-07-21 17:19:33.404 I HEAD-75323ba [ NvrCore] ThreadPool.cpp:472 CreateUtilizationReports : standard task 3 thread utilization : %0 awaiting task count in queue 0
2026-07-21 17:19:33.404 I HEAD-75323ba [ NvrCore] ThreadPool.cpp:476 CreateUtilizationReports : preview cache task 0 thread utilization : %0 awaiting task count in queue 0
2026-07-21 17:19:33.404 I HEAD-75323ba [ NvrCore] ThreadPool.cpp:476 CreateUtilizationReports : preview cache task 1 thread utilization : %0 awaiting task count in queue 0
2026-07-21 17:19:33.404 I HEAD-75323ba [ NvrCore] ThreadPool.cpp:483 CreateUtilizationReports : Event Loop thread [0] thread utilization : %0
2026-07-21 17:19:33.404 I HEAD-75323ba [ NvrCore] ThreadPool.cpp:483 CreateUtilizationReports : Event Loop thread [1] thread utilization : %0
2026-07-21 17:19:33.404 I HEAD-75323ba [ NvrCore] main.cpp:232 operator() : Create thread utilization reports end ...
2026-07-21 17:19:33.593 I HEAD-75323ba [ event poller 0] EventPoller.cpp:228 async_l : Epoll Async Task Size : 1
2026-07-21 17:19:34.354 W HEAD-75323ba [ NvrCore] SysProc.cpp:536 operator() : Time sync failed with NTP : not.defined.yet Result is : 1
2026-07-21 17:19:37.507 W HEAD-75323ba [ event poller 1] EventPoller.cpp:511 getMinDelay : Total 6 delay tasks found, we will flush them
2026-07-21 17:19:37.597 I HEAD-75323ba [ event poller 0] EventPoller.cpp:228 async_l : Epoll Async Task Size : 1
2026-07-21 17:19:38.404 I HEAD-75323ba [ NvrCore] ThreadPool.cpp:464 CreateUtilizationReports : Thread utilization report :
2026-07-21 17:19:38.404 I HEAD-75323ba [ NvrCore] ThreadPool.cpp:465 CreateUtilizationReports : db thread utilization : %0 awaiting task count in queue 0
2026-07-21 17:19:38.404 I HEAD-75323ba [ NvrCore] ThreadPool.cpp:466 CreateUtilizationReports : file master thread utilization : %0 awaiting task count in queue 0
2026-07-21 17:19:38.404 I HEAD-75323ba [ NvrCore] ThreadPool.cpp:467 CreateUtilizationReports : file slave thread utilization :%0 awaiting task count in queue 0
2026-07-21 17:19:38.404 I HEAD-75323ba [ NvrCore] ThreadPool.cpp:468 CreateUtilizationReports : ptz thread utilization : %0 awaiting task count in queue 0
2026-07-21 17:19:38.404 I HEAD-75323ba [ NvrCore] ThreadPool.cpp:472 CreateUtilizationReports : standard task 0 thread utilization : %0 awaiting task count in queue 0
2026-07-21 17:19:38.404 I HEAD-75323ba [ NvrCore] ThreadPool.cpp:472 CreateUtilizationReports : standard task 1 thread utilization : %0 awaiting task count in queue 0
2026-07-21 17:19:38.404 I HEAD-75323ba [ NvrCore] ThreadPool.cpp:472 CreateUtilizationReports : standard task 2 thread utilization : %0 awaiting task count in queue 0
2026-07-21 17:19:38.404 I HEAD-75323ba [ NvrCore] ThreadPool.cpp:472 CreateUtilizationReports : standard task 3 thread utilization : %0 awaiting task count in queue 0
2026-07-21 17:19:38.405 I HEAD-75323ba [ NvrCore] ThreadPool.cpp:476 CreateUtilizationReports : preview cache task 0 thread utilization : %0 awaiting task count in queue 0
2026-07-21 17:19:38.405 I HEAD-75323ba [ NvrCore] ThreadPool.cpp:476 CreateUtilizationReports : preview cache task 1 thread utilization : %0 awaiting task count in queue 0
2026-07-21 17:19:38.405 I HEAD-75323ba [ NvrCore] ThreadPool.cpp:483 CreateUtilizationReports : Event Loop thread [0] thread utilization : %0
2026-07-21 17:19:38.405 I HEAD-75323ba [ NvrCore] ThreadPool.cpp:483 CreateUtilizationReports : Event Loop thread [1] thread utilization : %0
2026-07-21 17:19:38.405 I HEAD-75323ba [ NvrCore] main.cpp:232 operator() : Create thread utilization reports end ...
2026-07-21 17:19:41.510 W HEAD-75323ba [ event poller 1] EventPoller.cpp:511 getMinDelay : Total 6 delay tasks found, we will flush them
2026-07-21 17:19:41.601 I HEAD-75323ba [ event poller 0] EventPoller.cpp:228 async_l : Epoll Async Task Size : 1
2026-07-21 17:19:43.406 I HEAD-75323ba [ NvrCore] ThreadPool.cpp:464 CreateUtilizationReports : Thread utilization report :
2026-07-21 17:19:43.406 I HEAD-75323ba [ NvrCore] ThreadPool.cpp:465 CreateUtilizationReports : db thread utilization : %0 awaiting task count in queue 0
2026-07-21 17:19:43.406 I HEAD-75323ba [ NvrCore] ThreadPool.cpp:466 CreateUtilizationReports : file master thread utilization : %0 awaiting task count in queue 0
2026-07-21 17:19:43.406 I HEAD-75323ba [ NvrCore] ThreadPool.cpp:467 CreateUtilizationReports : file slave thread utilization :%0 awaiting task count in queue 0
2026-07-21 17:19:43.406 I HEAD-75323ba [ NvrCore] ThreadPool.cpp:468 CreateUtilizationReports : ptz thread utilization : %0 awaiting task count in queue 0
2026-07-21 17:19:43.406 I HEAD-75323ba [ NvrCore] ThreadPool.cpp:472 CreateUtilizationReports : standard task 0 thread utilization : %100 awaiting task count in queue 0
2026-07-21 17:19:43.406 I HEAD-75323ba [ NvrCore] ThreadPool.cpp:472 CreateUtilizationReports : standard task 1 thread utilization : %0 awaiting task count in queue 0
2026-07-21 17:19:43.406 I HEAD-75323ba [ NvrCore] ThreadPool.cpp:472 CreateUtilizationReports : standard task 2 thread utilization : %0 awaiting task count in queue 0
2026-07-21 17:19:43.406 I HEAD-75323ba [ NvrCore] ThreadPool.cpp:472 CreateUtilizationReports : standard task 3 thread utilization : %0 awaiting task count in queue 0
2026-07-21 17:19:43.406 I HEAD-75323ba [ NvrCore] ThreadPool.cpp:476 CreateUtilizationReports : preview cache task 0 thread utilization : %0 awaiting task count in queue 0
2026-07-21 17:19:43.406 I HEAD-75323ba [ NvrCore] ThreadPool.cpp:476 CreateUtilizationReports : preview cache task 1 thread utilization : %0 awaiting task count in queue 0
2026-07-21 17:19:43.406 I HEAD-75323ba [ NvrCore] ThreadPool.cpp:483 CreateUtilizationReports : Event Loop thread [0] thread utilization : %0
2026-07-21 17:19:43.406 I HEAD-75323ba [ NvrCore] ThreadPool.cpp:483 CreateUtilizationReports : Event Loop thread [1] thread utilization : %0
2026-07-21 17:19:43.406 I HEAD-75323ba [ NvrCore] main.cpp:232 operator() : Create thread utilization reports end ...
2026-07-21 17:19:45.512 W HEAD-75323ba [ event poller 1] EventPoller.cpp:511 getMinDelay : Total 6 delay tasks found, we will flush them
2026-07-21 17:19:45.603 I HEAD-75323ba [ event poller 0] EventPoller.cpp:228 async_l : Epoll Async Task Size : 1
2026-07-21 17:19:48.406 I HEAD-75323ba [ NvrCore] ThreadPool.cpp:464 CreateUtilizationReports : Thread utilization report :
2026-07-21 17:19:48.406 I HEAD-75323ba [ NvrCore] ThreadPool.cpp:465 CreateUtilizationReports : db thread utilization : %0 awaiting task count in queue 0
2026-07-21 17:19:48.406 I HEAD-75323ba [ NvrCore] ThreadPool.cpp:466 CreateUtilizationReports : file master thread utilization : %0 awaiting task count in queue 0
2026-07-21 17:19:48.406 I HEAD-75323ba [ NvrCore] ThreadPool.cpp:467 CreateUtilizationReports : file slave thread utilization :%0 awaiting task count in queue 0
2026-07-21 17:19:48.406 I HEAD-75323ba [ NvrCore] ThreadPool.cpp:468 CreateUtilizationReports : ptz thread utilization : %0 awaiting task count in queue 0
2026-07-21 17:19:48.406 I HEAD-75323ba [ NvrCore] ThreadPool.cpp:472 CreateUtilizationReports : standard task 0 thread utilization : %0 awaiting task count in queue 0
2026-07-21 17:19:48.406 I HEAD-75323ba [ NvrCore] ThreadPool.cpp:472 CreateUtilizationReports : standard task 1 thread utilization : %0 awaiting task count in queue 0
2026-07-21 17:19:48.406 I HEAD-75323ba [ NvrCore] ThreadPool.cpp:472 CreateUtilizationReports : standard task 2 thread utilization : %100 awaiting task count in queue 0
2026-07-21 17:19:48.406 I HEAD-75323ba [ NvrCore] ThreadPool.cpp:472 CreateUtilizationReports : standard task 3 thread utilization : %0 awaiting task count in queue 0
2026-07-21 17:19:48.406 I HEAD-75323ba [ NvrCore] ThreadPool.cpp:476 CreateUtilizationReports : preview cache task 0 thread utilization : %0 awaiting task count in queue 0
2026-07-21 17:19:48.406 I HEAD-75323ba [ NvrCore] ThreadPool.cpp:476 CreateUtilizationReports : preview cache task 1 thread utilization : %0 awaiting task count in queue 0
2026-07-21 17:19:48.407 I HEAD-75323ba [ NvrCore] ThreadPool.cpp:483 CreateUtilizationReports : Event Loop thread [0] thread utilization : %0
2026-07-21 17:19:48.407 I HEAD-75323ba [ NvrCore] ThreadPool.cpp:483 CreateUtilizationReports : Event Loop thread [1] thread utilization : %0
2026-07-21 17:19:48.407 I HEAD-75323ba [ NvrCore] main.cpp:232 operator() : Create thread utilization reports end ...
2026-07-21 17:19:49.515 W HEAD-75323ba [ event poller 1] EventPoller.cpp:511 getMinDelay : Total 6 delay tasks found, we will flush them
2026-07-21 17:19:49.607 I HEAD-75323ba [ event poller 0] EventPoller.cpp:228 async_l : Epoll Async Task Size : 1
2026-07-21 17:19:53.407 W HEAD-75323ba [ event poller 1] EventPoller.cpp:511 getMinDelay : Total 6 delay tasks found, we will flush them
2026-07-21 17:19:53.407 I HEAD-75323ba [ NvrCore] ThreadPool.cpp:464 CreateUtilizationReports : Thread utilization report :
2026-07-21 17:19:53.407 I HEAD-75323ba [ NvrCore] ThreadPool.cpp:465 CreateUtilizationReports : db thread utilization : %0 awaiting task count in queue 0
2026-07-21 17:19:53.407 I HEAD-75323ba [ NvrCore] ThreadPool.cpp:466 CreateUtilizationReports : file master thread utilization : %0 awaiting task count in queue 0
2026-07-21 17:19:53.407 I HEAD-75323ba [ NvrCore] ThreadPool.cpp:467 CreateUtilizationReports : file slave thread utilization :%0 awaiting task count in queue 0
2026-07-21 17:19:53.407 I HEAD-75323ba [ NvrCore] ThreadPool.cpp:468 CreateUtilizationReports : ptz thread utilization : %0 awaiting task count in queue 0
2026-07-21 17:19:53.407 I HEAD-75323ba [ NvrCore] ThreadPool.cpp:472 CreateUtilizationReports : standard task 0 thread utilization : %0 awaiting task count in queue 0
2026-07-21 17:19:53.407 I HEAD-75323ba [ NvrCore] ThreadPool.cpp:472 CreateUtilizationReports : standard task 1 thread utilization : %0 awaiting task count in queue 0
2026-07-21 17:19:53.407 I HEAD-75323ba [ NvrCore] ThreadPool.cpp:472 CreateUtilizationReports : standard task 2 thread utilization : %0 awaiting task count in queue 0
2026-07-21 17:19:53.407 I HEAD-75323ba [ NvrCore] ThreadPool.cpp:472 CreateUtilizationReports : standard task 3 thread utilization : %0 awaiting task count in queue 0
2026-07-21 17:19:53.407 I HEAD-75323ba [ NvrCore] ThreadPool.cpp:476 CreateUtilizationReports : preview cache task 0 thread utilization : %0 awaiting task count in queue 0
2026-07-21 17:19:53.407 I HEAD-75323ba [ NvrCore] ThreadPool.cpp:476 CreateUtilizationReports : preview cache task 1 thread utilization : %0 awaiting task count in queue 0
2026-07-21 17:19:53.407 I HEAD-75323ba [ NvrCore] ThreadPool.cpp:483 CreateUtilizationReports : Event Loop thread [0] thread utilization : %0
2026-07-21 17:19:53.407 I HEAD-75323ba [ NvrCore] ThreadPool.cpp:483 CreateUtilizationReports : Event Loop thread [1] thread utilization : %0
2026-07-21 17:19:53.407 I HEAD-75323ba [ NvrCore] main.cpp:232 operator() : Create thread utilization reports end ...
2026-07-21 17:19:53.611 I HEAD-75323ba [ event poller 0] EventPoller.cpp:228 async_l : Epoll Async Task Size : 1
2026-07-21 17:19:57.518 W HEAD-75323ba [ event poller 1] EventPoller.cpp:511 getMinDelay : Total 6 delay tasks found, we will flush them
2026-07-21 17:19:57.615 I HEAD-75323ba [ event poller 0] EventPoller.cpp:228 async_l : Epoll Async Task Size : 1
2026-07-21 17:19:58.406 I HEAD-75323ba [ NvrCore] ThreadPool.cpp:464 CreateUtilizationReports : Thread utilization report :
2026-07-21 17:19:58.406 I HEAD-75323ba [ NvrCore] ThreadPool.cpp:465 CreateUtilizationReports : db thread utilization : %0 awaiting task count in queue 0
2026-07-21 17:19:58.406 I HEAD-75323ba [ NvrCore] ThreadPool.cpp:466 CreateUtilizationReports : file master thread utilization : %0 awaiting task count in queue 0
2026-07-21 17:19:58.406 I HEAD-75323ba [ NvrCore] ThreadPool.cpp:467 CreateUtilizationReports : file slave thread utilization :%0 awaiting task count in queue 0
2026-07-21 17:19:58.406 I HEAD-75323ba [ NvrCore] ThreadPool.cpp:468 CreateUtilizationReports : ptz thread utilization : %0 awaiting task count in queue 0
2026-07-21 17:19:58.406 I HEAD-75323ba [ NvrCore] ThreadPool.cpp:472 CreateUtilizationReports : standard task 0 thread utilization : %0 awaiting task count in queue 0
2026-07-21 17:19:58.406 I HEAD-75323ba [ NvrCore] ThreadPool.cpp:472 CreateUtilizationReports : standard task 1 thread utilization : %0 awaiting task count in queue 0
2026-07-21 17:19:58.406 I HEAD-75323ba [ NvrCore] ThreadPool.cpp:472 CreateUtilizationReports : standard task 2 thread utilization : %0 awaiting task count in queue 0
2026-07-21 17:19:58.406 I HEAD-75323ba [ NvrCore] ThreadPool.cpp:472 CreateUtilizationReports : standard task 3 thread utilization : %0 awaiting task count in queue 0
2026-07-21 17:19:58.406 I HEAD-75323ba [ NvrCore] ThreadPool.cpp:476 CreateUtilizationReports : preview cache task 0 thread utilization : %0 awaiting task count in queue 0
2026-07-21 17:19:58.406 I HEAD-75323ba [ NvrCore] ThreadPool.cpp:476 CreateUtilizationReports : preview cache task 1 thread utilization : %0 awaiting task count in queue 0
2026-07-21 17:19:58.406 I HEAD-75323ba [ NvrCore] ThreadPool.cpp:483 CreateUtilizationReports : Event Loop thread [0] thread utilization : %0
2026-07-21 17:19:58.406 I HEAD-75323ba [ NvrCore] ThreadPool.cpp:483 CreateUtilizationReports : Event Loop thread [1] thread utilization : %0
2026-07-21 17:19:58.406 I HEAD-75323ba [ NvrCore] main.cpp:232 operator() : Create thread utilization reports end ...
2026-07-21 17:20:01.521 W HEAD-75323ba [ event poller 1] EventPoller.cpp:511 getMinDelay : Total 6 delay tasks found, we will flush them
2026-07-21 17:20:01.617 I HEAD-75323ba [ event poller 0] EventPoller.cpp:228 async_l : Epoll Async Task Size : 1
2026-07-21 17:20:03.370 W HEAD-75323ba [ NvrCore] main.cpp:177 operator() : ======================= [Sys run : Day = 0 , Hour = 0 , Min= 5 , Sec= 30 ]========================= 
2026-07-21 17:20:03.406 I HEAD-75323ba [ NvrCore] ThreadPool.cpp:464 CreateUtilizationReports : Thread utilization report :
2026-07-21 17:20:03.406 I HEAD-75323ba [ NvrCore] ThreadPool.cpp:465 CreateUtilizationReports : db thread utilization : %0 awaiting task count in queue 0
2026-07-21 17:20:03.406 I HEAD-75323ba [ NvrCore] ThreadPool.cpp:466 CreateUtilizationReports : file master thread utilization : %0 awaiting task count in queue 0
2026-07-21 17:20:03.406 I HEAD-75323ba [ NvrCore] ThreadPool.cpp:467 CreateUtilizationReports : file slave thread utilization :%0 awaiting task count in queue 0
2026-07-21 17:20:03.406 I HEAD-75323ba [ NvrCore] ThreadPool.cpp:468 CreateUtilizationReports : ptz thread utilization : %0 awaiting task count in queue 0
2026-07-21 17:20:03.406 I HEAD-75323ba [ NvrCore] ThreadPool.cpp:472 CreateUtilizationReports : standard task 0 thread utilization : %0 awaiting task count in queue 0
2026-07-21 17:20:03.406 I HEAD-75323ba [ NvrCore] ThreadPool.cpp:472 CreateUtilizationReports : standard task 1 thread utilization : %0 awaiting task count in queue 0
2026-07-21 17:20:03.406 I HEAD-75323ba [ NvrCore] ThreadPool.cpp:472 CreateUtilizationReports : standard task 2 thread utilization : %0 awaiting task count in queue 0
2026-07-21 17:20:03.406 I HEAD-75323ba [ NvrCore] ThreadPool.cpp:472 CreateUtilizationReports : standard task 3 thread utilization : %0 awaiting task count in queue 0
2026-07-21 17:20:03.406 I HEAD-75323ba [ NvrCore] ThreadPool.cpp:476 CreateUtilizationReports : preview cache task 0 thread utilization : %0 awaiting task count in queue 0
2026-07-21 17:20:03.406 I HEAD-75323ba [ NvrCore] ThreadPool.cpp:476 CreateUtilizationReports : preview cache task 1 thread utilization : %0 awaiting task count in queue 0
2026-07-21 17:20:03.406 I HEAD-75323ba [ NvrCore] ThreadPool.cpp:483 CreateUtilizationReports : Event Loop thread [0] thread utilization : %0
2026-07-21 17:20:03.406 I HEAD-75323ba [ NvrCore] ThreadPool.cpp:483 CreateUtilizationReports : Event Loop thread [1] thread utilization : %0
2026-07-21 17:20:03.406 I HEAD-75323ba [ NvrCore] main.cpp:232 operator() : Create thread utilization reports end ...
2026-07-21 17:20:05.523 W HEAD-75323ba [ event poller 1] EventPoller.cpp:511 getMinDelay : Total 6 delay tasks found, we will flush them
2026-07-21 17:20:05.619 I HEAD-75323ba [ event poller 0] EventPoller.cpp:228 async_l : Epoll Async Task Size : 1
2026-07-21 17:20:08.407 I HEAD-75323ba [ NvrCore] ThreadPool.cpp:464 CreateUtilizationReports : Thread utilization report :
2026-07-21 17:20:08.407 I HEAD-75323ba [ NvrCore] ThreadPool.cpp:465 CreateUtilizationReports : db thread utilization : %0 awaiting task count in queue 0
2026-07-21 17:20:08.407 I HEAD-75323ba [ NvrCore] ThreadPool.cpp:466 CreateUtilizationReports : file master thread utilization : %0 awaiting task count in queue 0
2026-07-21 17:20:08.407 I HEAD-75323ba [ NvrCore] ThreadPool.cpp:467 CreateUtilizationReports : file slave thread utilization :%0 awaiting task count in queue 0
2026-07-21 17:20:08.407 I HEAD-75323ba [ NvrCore] ThreadPool.cpp:468 CreateUtilizationReports : ptz thread utilization : %0 awaiting task count in queue 0
2026-07-21 17:20:08.407 I HEAD-75323ba [ NvrCore] ThreadPool.cpp:472 CreateUtilizationReports : standard task 0 thread utilization : %0 awaiting task count in queue 0
2026-07-21 17:20:08.407 I HEAD-75323ba [ NvrCore] ThreadPool.cpp:472 CreateUtilizationReports : standard task 1 thread utilization : %0 awaiting task count in queue 0
2026-07-21 17:20:08.407 I HEAD-75323ba [ NvrCore] ThreadPool.cpp:472 CreateUtilizationReports : standard task 2 thread utilization : %0 awaiting task count in queue 0
2026-07-21 17:20:08.407 I HEAD-75323ba [ NvrCore] ThreadPool.cpp:472 CreateUtilizationReports : standard task 3 thread utilization : %0 awaiting task count in queue 0
2026-07-21 17:20:08.407 I HEAD-75323ba [ NvrCore] ThreadPool.cpp:476 CreateUtilizationReports : preview cache task 0 thread utilization : %0 awaiting task count in queue 0
2026-07-21 17:20:08.407 I HEAD-75323ba [ NvrCore] ThreadPool.cpp:476 CreateUtilizationReports : preview cache task 1 thread utilization : %0 awaiting task count in queue 0
2026-07-21 17:20:08.408 I HEAD-75323ba [ NvrCore] ThreadPool.cpp:483 CreateUtilizationReports : Event Loop thread [0] thread utilization : %0
2026-07-21 17:20:08.408 I HEAD-75323ba [ NvrCore] ThreadPool.cpp:483 CreateUtilizationReports : Event Loop thread [1] thread utilization : %0
2026-07-21 17:20:08.408 I HEAD-75323ba [ NvrCore] main.cpp:232 operator() : Create thread utilization reports end ...
2026-07-21 17:20:09.526 W HEAD-75323ba [ event poller 1] EventPoller.cpp:511 getMinDelay : Total 6 delay tasks found, we will flush them
2026-07-21 17:20:09.622 I HEAD-75323ba [ event poller 0] EventPoller.cpp:228 async_l : Epoll Async Task Size : 1
2026-07-21 17:20:13.409 W HEAD-75323ba [ event poller 1] EventPoller.cpp:511 getMinDelay : Total 6 delay tasks found, we will flush them
2026-07-21 17:20:13.409 I HEAD-75323ba [ NvrCore] ThreadPool.cpp:464 CreateUtilizationReports : Thread utilization report :
2026-07-21 17:20:13.409 I HEAD-75323ba [ NvrCore] ThreadPool.cpp:465 CreateUtilizationReports : db thread utilization : %0 awaiting task count in queue 0
2026-07-21 17:20:13.409 I HEAD-75323ba [ NvrCore] ThreadPool.cpp:466 CreateUtilizationReports : file master thread utilization : %0 awaiting task count in queue 0
2026-07-21 17:20:13.409 I HEAD-75323ba [ NvrCore] ThreadPool.cpp:467 CreateUtilizationReports : file slave thread utilization :%0 awaiting task count in queue 0
2026-07-21 17:20:13.409 I HEAD-75323ba [ NvrCore] ThreadPool.cpp:468 CreateUtilizationReports : ptz thread utilization : %0 awaiting task count in queue 0
2026-07-21 17:20:13.409 I HEAD-75323ba [ NvrCore] ThreadPool.cpp:472 CreateUtilizationReports : standard task 0 thread utilization : %0 awaiting task count in queue 0
2026-07-21 17:20:13.409 I HEAD-75323ba [ NvrCore] ThreadPool.cpp:472 CreateUtilizationReports : standard task 1 thread utilization : %0 awaiting task count in queue 0
2026-07-21 17:20:13.409 I HEAD-75323ba [ NvrCore] ThreadPool.cpp:472 CreateUtilizationReports : standard task 2 thread utilization : %0 awaiting task count in queue 0
2026-07-21 17:20:13.409 I HEAD-75323ba [ NvrCore] ThreadPool.cpp:472 CreateUtilizationReports : standard task 3 thread utilization : %0 awaiting task count in queue 0
2026-07-21 17:20:13.409 I HEAD-75323ba [ NvrCore] ThreadPool.cpp:476 CreateUtilizationReports : preview cache task 0 thread utilization : %0 awaiting task count in queue 0
2026-07-21 17:20:13.409 I HEAD-75323ba [ NvrCore] ThreadPool.cpp:476 CreateUtilizationReports : preview cache task 1 thread utilization : %0 awaiting task count in queue 0
2026-07-21 17:20:13.409 I HEAD-75323ba [ NvrCore] ThreadPool.cpp:483 CreateUtilizationReports : Event Loop thread [0] thread utilization : %0
2026-07-21 17:20:13.409 I HEAD-75323ba [ NvrCore] ThreadPool.cpp:483 CreateUtilizationReports : Event Loop thread [1] thread utilization : %0
2026-07-21 17:20:13.409 I HEAD-75323ba [ NvrCore] main.cpp:232 operator() : Create thread utilization reports end ...
2026-07-21 17:20:13.624 I HEAD-75323ba [ event poller 0] EventPoller.cpp:228 async_l : Epoll Async Task Size : 1
2026-07-21 17:20:17.533 W HEAD-75323ba [ event poller 1] EventPoller.cpp:511 getMinDelay : Total 6 delay tasks found, we will flush them
2026-07-21 17:20:17.628 I HEAD-75323ba [ event poller 0] EventPoller.cpp:228 async_l : Epoll Async Task Size : 1
2026-07-21 17:20:18.409 I HEAD-75323ba [ NvrCore] ThreadPool.cpp:464 CreateUtilizationReports : Thread utilization report :
2026-07-21 17:20:18.409 I HEAD-75323ba [ NvrCore] ThreadPool.cpp:465 CreateUtilizationReports : db thread utilization : %0 awaiting task count in queue 0
2026-07-21 17:20:18.409 I HEAD-75323ba [ NvrCore] ThreadPool.cpp:466 CreateUtilizationReports : file master thread utilization : %0 awaiting task count in queue 0
2026-07-21 17:20:18.409 I HEAD-75323ba [ NvrCore] ThreadPool.cpp:467 CreateUtilizationReports : file slave thread utilization :%0 awaiting task count in queue 0
2026-07-21 17:20:18.409 I HEAD-75323ba [ NvrCore] ThreadPool.cpp:468 CreateUtilizationReports : ptz thread utilization : %0 awaiting task count in queue 0
2026-07-21 17:20:18.409 I HEAD-75323ba [ NvrCore] ThreadPool.cpp:472 CreateUtilizationReports : standard task 0 thread utilization : %0 awaiting task count in queue 0
2026-07-21 17:20:18.409 I HEAD-75323ba [ NvrCore] ThreadPool.cpp:472 CreateUtilizationReports : standard task 1 thread utilization : %0 awaiting task count in queue 0
2026-07-21 17:20:18.409 I HEAD-75323ba [ NvrCore] ThreadPool.cpp:472 CreateUtilizationReports : standard task 2 thread utilization : %100 awaiting task count in queue 0
2026-07-21 17:20:18.409 I HEAD-75323ba [ NvrCore] ThreadPool.cpp:472 CreateUtilizationReports : standard task 3 thread utilization : %0 awaiting task count in queue 0
2026-07-21 17:20:18.409 I HEAD-75323ba [ NvrCore] ThreadPool.cpp:476 CreateUtilizationReports : preview cache task 0 thread utilization : %0 awaiting task count in queue 0
2026-07-21 17:20:18.409 I HEAD-75323ba [ NvrCore] ThreadPool.cpp:476 CreateUtilizationReports : preview cache task 1 thread utilization : %0 awaiting task count in queue 0
2026-07-21 17:20:18.409 I HEAD-75323ba [ NvrCore] ThreadPool.cpp:483 CreateUtilizationReports : Event Loop thread [0] thread utilization : %0
2026-07-21 17:20:18.409 I HEAD-75323ba [ NvrCore] ThreadPool.cpp:483 CreateUtilizationReports : Event Loop thread [1] thread utilization : %0
2026-07-21 17:20:18.409 I HEAD-75323ba [ NvrCore] main.cpp:232 operator() : Create thread utilization reports end ...
2026-07-21 17:20:21.536 W HEAD-75323ba [ event poller 1] EventPoller.cpp:511 getMinDelay : Total 6 delay tasks found, we will flush them
2026-07-21 17:20:21.632 I HEAD-75323ba [ event poller 0] EventPoller.cpp:228 async_l : Epoll Async Task Size : 1
2026-07-21 17:20:23.411 I HEAD-75323ba [ NvrCore] ThreadPool.cpp:464 CreateUtilizationReports : Thread utilization report :
2026-07-21 17:20:23.411 I HEAD-75323ba [ NvrCore] ThreadPool.cpp:465 CreateUtilizationReports : db thread utilization : %0 awaiting task count in queue 0
2026-07-21 17:20:23.411 I HEAD-75323ba [ NvrCore] ThreadPool.cpp:466 CreateUtilizationReports : file master thread utilization : %0 awaiting task count in queue 0
2026-07-21 17:20:23.411 I HEAD-75323ba [ NvrCore] ThreadPool.cpp:467 CreateUtilizationReports : file slave thread utilization :%0 awaiting task count in queue 0
2026-07-21 17:20:23.411 I HEAD-75323ba [ NvrCore] ThreadPool.cpp:468 CreateUtilizationReports : ptz thread utilization : %0 awaiting task count in queue 0
2026-07-21 17:20:23.411 I HEAD-75323ba [ NvrCore] ThreadPool.cpp:472 CreateUtilizationReports : standard task 0 thread utilization : %100 awaiting task count in queue 0
2026-07-21 17:20:23.411 I HEAD-75323ba [ NvrCore] ThreadPool.cpp:472 CreateUtilizationReports : standard task 1 thread utilization : %0 awaiting task count in queue 0
2026-07-21 17:20:23.411 I HEAD-75323ba [ NvrCore] ThreadPool.cpp:472 CreateUtilizationReports : standard task 2 thread utilization : %0 awaiting task count in queue 0
2026-07-21 17:20:23.411 I HEAD-75323ba [ NvrCore] ThreadPool.cpp:472 CreateUtilizationReports : standard task 3 thread utilization : %0 awaiting task count in queue 0
2026-07-21 17:20:23.411 I HEAD-75323ba [ NvrCore] ThreadPool.cpp:476 CreateUtilizationReports : preview cache task 0 thread utilization : %0 awaiting task count in queue 0
2026-07-21 17:20:23.411 I HEAD-75323ba [ NvrCore] ThreadPool.cpp:476 CreateUtilizationReports : preview cache task 1 thread utilization : %0 awaiting task count in queue 0
2026-07-21 17:20:23.411 I HEAD-75323ba [ NvrCore] ThreadPool.cpp:483 CreateUtilizationReports : Event Loop thread [0] thread utilization : %0
2026-07-21 17:20:23.411 I HEAD-75323ba [ NvrCore] ThreadPool.cpp:483 CreateUtilizationReports : Event Loop thread [1] thread utilization : %0
2026-07-21 17:20:23.411 I HEAD-75323ba [ NvrCore] main.cpp:232 operator() : Create thread utilization reports end ...
2026-07-21 17:20:25.538 W HEAD-75323ba [ event poller 1] EventPoller.cpp:511 getMinDelay : Total 6 delay tasks found, we will flush them
2026-07-21 17:20:25.634 I HEAD-75323ba [ event poller 0] EventPoller.cpp:228 async_l : Epoll Async Task Size : 1
2026-07-21 17:20:28.412 I HEAD-75323ba [ NvrCore] ThreadPool.cpp:464 CreateUtilizationReports : Thread utilization report :
2026-07-21 17:20:28.412 I HEAD-75323ba [ NvrCore] ThreadPool.cpp:465 CreateUtilizationReports : db thread utilization : %0 awaiting task count in queue 0
2026-07-21 17:20:28.412 I HEAD-75323ba [ NvrCore] ThreadPool.cpp:466 CreateUtilizationReports : file master thread utilization : %0 awaiting task count in queue 0
2026-07-21 17:20:28.412 I HEAD-75323ba [ NvrCore] ThreadPool.cpp:467 CreateUtilizationReports : file slave thread utilization :%0 awaiting task count in queue 0
2026-07-21 17:20:28.412 I HEAD-75323ba [ NvrCore] ThreadPool.cpp:468 CreateUtilizationReports : ptz thread utilization : %0 awaiting task count in queue 0
2026-07-21 17:20:28.412 I HEAD-75323ba [ NvrCore] ThreadPool.cpp:472 CreateUtilizationReports : standard task 0 thread utilization : %0 awaiting task count in queue 0
2026-07-21 17:20:28.412 I HEAD-75323ba [ NvrCore] ThreadPool.cpp:472 CreateUtilizationReports : standard task 1 thread utilization : %0 awaiting task count in queue 0
2026-07-21 17:20:28.412 I HEAD-75323ba [ NvrCore] ThreadPool.cpp:472 CreateUtilizationReports : standard task 2 thread utilization : %0 awaiting task count in queue 0
2026-07-21 17:20:28.412 I HEAD-75323ba [ NvrCore] ThreadPool.cpp:472 CreateUtilizationReports : standard task 3 thread utilization : %0 awaiting task count in queue 0
2026-07-21 17:20:28.412 I HEAD-75323ba [ NvrCore] ThreadPool.cpp:476 CreateUtilizationReports : preview cache task 0 thread utilization : %0 awaiting task count in queue 0
2026-07-21 17:20:28.412 I HEAD-75323ba [ NvrCore] ThreadPool.cpp:476 CreateUtilizationReports : preview cache task 1 thread utilization : %0 awaiting task count in queue 0
2026-07-21 17:20:28.412 I HEAD-75323ba [ NvrCore] ThreadPool.cpp:483 CreateUtilizationReports : Event Loop thread [0] thread utilization : %0
2026-07-21 17:20:28.412 I HEAD-75323ba [ NvrCore] ThreadPool.cpp:483 CreateUtilizationReports : Event Loop thread [1] thread utilization : %0
2026-07-21 17:20:28.412 I HEAD-75323ba [ NvrCore] main.cpp:232 operator() : Create thread utilization reports end ...
2026-07-21 17:20:29.541 W HEAD-75323ba [ event poller 1] EventPoller.cpp:511 getMinDelay : Total 6 delay tasks found, we will flush them
2026-07-21 17:20:29.637 I HEAD-75323ba [ event poller 0] EventPoller.cpp:228 async_l : Epoll Async Task Size : 1
2026-07-21 17:20:33.372 W HEAD-75323ba [ event poller 1] EventPoller.cpp:511 getMinDelay : Total 6 delay tasks found, we will flush them
2026-07-21 17:20:33.372 W HEAD-75323ba [ NvrCore] main.cpp:177 operator() : ======================= [Sys run : Day = 0 , Hour = 0 , Min= 6 , Sec= 0 ]========================= 
2026-07-21 17:20:33.412 I HEAD-75323ba [ NvrCore] ThreadPool.cpp:464 CreateUtilizationReports : Thread utilization report :
2026-07-21 17:20:33.412 I HEAD-75323ba [ NvrCore] ThreadPool.cpp:465 CreateUtilizationReports : db thread utilization : %0 awaiting task count in queue 0
2026-07-21 17:20:33.412 I HEAD-75323ba [ NvrCore] ThreadPool.cpp:466 CreateUtilizationReports : file master thread utilization : %0 awaiting task count in queue 0
2026-07-21 17:20:33.412 I HEAD-75323ba [ NvrCore] ThreadPool.cpp:467 CreateUtilizationReports : file slave thread utilization :%0 awaiting task count in queue 0
2026-07-21 17:20:33.412 I HEAD-75323ba [ NvrCore] ThreadPool.cpp:468 CreateUtilizationReports : ptz thread utilization : %0 awaiting task count in queue 0
2026-07-21 17:20:33.412 I HEAD-75323ba [ NvrCore] ThreadPool.cpp:472 CreateUtilizationReports : standard task 0 thread utilization : %0 awaiting task count in queue 0
2026-07-21 17:20:33.412 I HEAD-75323ba [ NvrCore] ThreadPool.cpp:472 CreateUtilizationReports : standard task 1 thread utilization : %0 awaiting task count in queue 0
2026-07-21 17:20:33.412 I HEAD-75323ba [ NvrCore] ThreadPool.cpp:472 CreateUtilizationReports : standard task 2 thread utilization : %0 awaiting task count in queue 0
2026-07-21 17:20:33.412 I HEAD-75323ba [ NvrCore] ThreadPool.cpp:472 CreateUtilizationReports : standard task 3 thread utilization : %0 awaiting task count in queue 0
2026-07-21 17:20:33.412 I HEAD-75323ba [ NvrCore] ThreadPool.cpp:476 CreateUtilizationReports : preview cache task 0 thread utilization : %0 awaiting task count in queue 0
2026-07-21 17:20:33.412 I HEAD-75323ba [ NvrCore] ThreadPool.cpp:476 CreateUtilizationReports : preview cache task 1 thread utilization : %0 awaiting task count in queue 0
2026-07-21 17:20:33.412 I HEAD-75323ba [ NvrCore] ThreadPool.cpp:483 CreateUtilizationReports : Event Loop thread [0] thread utilization : %0
2026-07-21 17:20:33.412 I HEAD-75323ba [ NvrCore] ThreadPool.cpp:483 CreateUtilizationReports : Event Loop thread [1] thread utilization : %0
2026-07-21 17:20:33.412 I HEAD-75323ba [ NvrCore] main.cpp:232 operator() : Create thread utilization reports end ...
2026-07-21 17:20:33.639 I HEAD-75323ba [ event poller 0] EventPoller.cpp:228 async_l : Epoll Async Task Size : 1
2026-07-21 17:20:37.546 W HEAD-75323ba [ event poller 1] EventPoller.cpp:511 getMinDelay : Total 6 delay tasks found, we will flush them
2026-07-21 17:20:37.643 I HEAD-75323ba [ event poller 0] EventPoller.cpp:228 async_l : Epoll Async Task Size : 1
2026-07-21 17:20:38.413 I HEAD-75323ba [ NvrCore] ThreadPool.cpp:464 CreateUtilizationReports : Thread utilization report :
2026-07-21 17:20:38.413 I HEAD-75323ba [ NvrCore] ThreadPool.cpp:465 CreateUtilizationReports : db thread utilization : %0 awaiting task count in queue 0
2026-07-21 17:20:38.413 I HEAD-75323ba [ NvrCore] ThreadPool.cpp:466 CreateUtilizationReports : file master thread utilization : %0 awaiting task count in queue 0
2026-07-21 17:20:38.413 I HEAD-75323ba [ NvrCore] ThreadPool.cpp:467 CreateUtilizationReports : file slave thread utilization :%0 awaiting task count in queue 0
2026-07-21 17:20:38.413 I HEAD-75323ba [ NvrCore] ThreadPool.cpp:468 CreateUtilizationReports : ptz thread utilization : %0 awaiting task count in queue 0
2026-07-21 17:20:38.413 I HEAD-75323ba [ NvrCore] ThreadPool.cpp:472 CreateUtilizationReports : standard task 0 thread utilization : %0 awaiting task count in queue 0
2026-07-21 17:20:38.413 I HEAD-75323ba [ NvrCore] ThreadPool.cpp:472 CreateUtilizationReports : standard task 1 thread utilization : %0 awaiting task count in queue 0
2026-07-21 17:20:38.413 I HEAD-75323ba [ NvrCore] ThreadPool.cpp:472 CreateUtilizationReports : standard task 2 thread utilization : %0 awaiting task count in queue 0
2026-07-21 17:20:38.413 I HEAD-75323ba [ NvrCore] ThreadPool.cpp:472 CreateUtilizationReports : standard task 3 thread utilization : %0 awaiting task count in queue 0
2026-07-21 17:20:38.413 I HEAD-75323ba [ NvrCore] ThreadPool.cpp:476 CreateUtilizationReports : preview cache task 0 thread utilization : %0 awaiting task count in queue 0
2026-07-21 17:20:38.413 I HEAD-75323ba [ NvrCore] ThreadPool.cpp:476 CreateUtilizationReports : preview cache task 1 thread utilization : %0 awaiting task count in queue 0
2026-07-21 17:20:38.413 I HEAD-75323ba [ NvrCore] ThreadPool.cpp:483 CreateUtilizationReports : Event Loop thread [0] thread utilization : %0
2026-07-21 17:20:38.413 I HEAD-75323ba [ NvrCore] ThreadPool.cpp:483 CreateUtilizationReports : Event Loop thread [1] thread utilization : %0
2026-07-21 17:20:38.413 I HEAD-75323ba [ NvrCore] main.cpp:232 operator() : Create thread utilization reports end ...
2026-07-21 17:20:41.549 W HEAD-75323ba [ event poller 1] EventPoller.cpp:511 getMinDelay : Total 6 delay tasks found, we will flush them
2026-07-21 17:20:41.646 I HEAD-75323ba [ event poller 0] EventPoller.cpp:228 async_l : Epoll Async Task Size : 1
2026-07-21 17:20:43.415 I HEAD-75323ba [ NvrCore] ThreadPool.cpp:464 CreateUtilizationReports : Thread utilization report :
2026-07-21 17:20:43.415 I HEAD-75323ba [ NvrCore] ThreadPool.cpp:465 CreateUtilizationReports : db thread utilization : %0 awaiting task count in queue 0
2026-07-21 17:20:43.415 I HEAD-75323ba [ NvrCore] ThreadPool.cpp:466 CreateUtilizationReports : file master thread utilization : %0 awaiting task count in queue 0
2026-07-21 17:20:43.415 I HEAD-75323ba [ NvrCore] ThreadPool.cpp:467 CreateUtilizationReports : file slave thread utilization :%0 awaiting task count in queue 0
2026-07-21 17:20:43.415 I HEAD-75323ba [ NvrCore] ThreadPool.cpp:468 CreateUtilizationReports : ptz thread utilization : %0 awaiting task count in queue 0
2026-07-21 17:20:43.415 I HEAD-75323ba [ NvrCore] ThreadPool.cpp:472 CreateUtilizationReports : standard task 0 thread utilization : %100 awaiting task count in queue 0
2026-07-21 17:20:43.415 I HEAD-75323ba [ NvrCore] ThreadPool.cpp:472 CreateUtilizationReports : standard task 1 thread utilization : %0 awaiting task count in queue 0
2026-07-21 17:20:43.415 I HEAD-75323ba [ NvrCore] ThreadPool.cpp:472 CreateUtilizationReports : standard task 2 thread utilization : %0 awaiting task count in queue 0
2026-07-21 17:20:43.415 I HEAD-75323ba [ NvrCore] ThreadPool.cpp:472 CreateUtilizationReports : standard task 3 thread utilization : %0 awaiting task count in queue 0
2026-07-21 17:20:43.415 I HEAD-75323ba [ NvrCore] ThreadPool.cpp:476 CreateUtilizationReports : preview cache task 0 thread utilization : %0 awaiting task count in queue 0
2026-07-21 17:20:43.415 I HEAD-75323ba [ NvrCore] ThreadPool.cpp:476 CreateUtilizationReports : preview cache task 1 thread utilization : %0 awaiting task count in queue 0
2026-07-21 17:20:43.415 I HEAD-75323ba [ NvrCore] ThreadPool.cpp:483 CreateUtilizationReports : Event Loop thread [0] thread utilization : %0
2026-07-21 17:20:43.415 I HEAD-75323ba [ NvrCore] ThreadPool.cpp:483 CreateUtilizationReports : Event Loop thread [1] thread utilization : %0
2026-07-21 17:20:43.415 I HEAD-75323ba [ NvrCore] main.cpp:232 operator() : Create thread utilization reports end ...
2026-07-21 17:20:45.552 W HEAD-75323ba [ event poller 1] EventPoller.cpp:511 getMinDelay : Total 6 delay tasks found, we will flush them
2026-07-21 17:20:45.647 I HEAD-75323ba [ event poller 0] EventPoller.cpp:228 async_l : Epoll Async Task Size : 1
2026-07-21 17:20:48.414 I HEAD-75323ba [ NvrCore] ThreadPool.cpp:464 CreateUtilizationReports : Thread utilization report :
2026-07-21 17:20:48.414 I HEAD-75323ba [ NvrCore] ThreadPool.cpp:465 CreateUtilizationReports : db thread utilization : %0 awaiting task count in queue 0
2026-07-21 17:20:48.414 I HEAD-75323ba [ NvrCore] ThreadPool.cpp:466 CreateUtilizationReports : file master thread utilization : %0 awaiting task count in queue 0
2026-07-21 17:20:48.414 I HEAD-75323ba [ NvrCore] ThreadPool.cpp:467 CreateUtilizationReports : file slave thread utilization :%0 awaiting task count in queue 0
2026-07-21 17:20:48.414 I HEAD-75323ba [ NvrCore] ThreadPool.cpp:468 CreateUtilizationReports : ptz thread utilization : %0 awaiting task count in queue 0
2026-07-21 17:20:48.414 I HEAD-75323ba [ NvrCore] ThreadPool.cpp:472 CreateUtilizationReports : standard task 0 thread utilization : %0 awaiting task count in queue 0
2026-07-21 17:20:48.414 I HEAD-75323ba [ NvrCore] ThreadPool.cpp:472 CreateUtilizationReports : standard task 1 thread utilization : %0 awaiting task count in queue 0
2026-07-21 17:20:48.414 I HEAD-75323ba [ NvrCore] ThreadPool.cpp:472 CreateUtilizationReports : standard task 2 thread utilization : %100 awaiting task count in queue 0
2026-07-21 17:20:48.414 I HEAD-75323ba [ NvrCore] ThreadPool.cpp:472 CreateUtilizationReports : standard task 3 thread utilization : %0 awaiting task count in queue 0
2026-07-21 17:20:48.414 I HEAD-75323ba [ NvrCore] ThreadPool.cpp:476 CreateUtilizationReports : preview cache task 0 thread utilization : %0 awaiting task count in queue 0
2026-07-21 17:20:48.414 I HEAD-75323ba [ NvrCore] ThreadPool.cpp:476 CreateUtilizationReports : preview cache task 1 thread utilization : %0 awaiting task count in queue 0
2026-07-21 17:20:48.414 I HEAD-75323ba [ NvrCore] ThreadPool.cpp:483 CreateUtilizationReports : Event Loop thread [0] thread utilization : %0
2026-07-21 17:20:48.414 I HEAD-75323ba [ NvrCore] ThreadPool.cpp:483 CreateUtilizationReports : Event Loop thread [1] thread utilization : %0
2026-07-21 17:20:48.414 I HEAD-75323ba [ NvrCore] main.cpp:232 operator() : Create thread utilization reports end ...
2026-07-21 17:20:49.555 W HEAD-75323ba [ event poller 1] EventPoller.cpp:511 getMinDelay : Total 6 delay tasks found, we will flush them
2026-07-21 17:20:49.651 I HEAD-75323ba [ event poller 0] EventPoller.cpp:228 async_l : Epoll Async Task Size : 1
2026-07-21 17:20:53.416 W HEAD-75323ba [ event poller 1] EventPoller.cpp:511 getMinDelay : Total 6 delay tasks found, we will flush them
2026-07-21 17:20:53.416 I HEAD-75323ba [ NvrCore] ThreadPool.cpp:464 CreateUtilizationReports : Thread utilization report :
2026-07-21 17:20:53.416 I HEAD-75323ba [ NvrCore] ThreadPool.cpp:465 CreateUtilizationReports : db thread utilization : %0 awaiting task count in queue 0
2026-07-21 17:20:53.416 I HEAD-75323ba [ NvrCore] ThreadPool.cpp:466 CreateUtilizationReports : file master thread utilization : %0 awaiting task count in queue 0
2026-07-21 17:20:53.416 I HEAD-75323ba [ NvrCore] ThreadPool.cpp:467 CreateUtilizationReports : file slave thread utilization :%0 awaiting task count in queue 0
2026-07-21 17:20:53.416 I HEAD-75323ba [ NvrCore] ThreadPool.cpp:468 CreateUtilizationReports : ptz thread utilization : %0 awaiting task count in queue 0
2026-07-21 17:20:53.416 I HEAD-75323ba [ NvrCore] ThreadPool.cpp:472 CreateUtilizationReports : standard task 0 thread utilization : %0 awaiting task count in queue 0
2026-07-21 17:20:53.416 I HEAD-75323ba [ NvrCore] ThreadPool.cpp:472 CreateUtilizationReports : standard task 1 thread utilization : %0 awaiting task count in queue 0
2026-07-21 17:20:53.416 I HEAD-75323ba [ NvrCore] ThreadPool.cpp:472 CreateUtilizationReports : standard task 2 thread utilization : %0 awaiting task count in queue 0
2026-07-21 17:20:53.416 I HEAD-75323ba [ NvrCore] ThreadPool.cpp:472 CreateUtilizationReports : standard task 3 thread utilization : %0 awaiting task count in queue 0
2026-07-21 17:20:53.416 I HEAD-75323ba [ NvrCore] ThreadPool.cpp:476 CreateUtilizationReports : preview cache task 0 thread utilization : %0 awaiting task count in queue 0
2026-07-21 17:20:53.416 I HEAD-75323ba [ NvrCore] ThreadPool.cpp:476 CreateUtilizationReports : preview cache task 1 thread utilization : %0 awaiting task count in queue 0
2026-07-21 17:20:53.416 I HEAD-75323ba [ NvrCore] ThreadPool.cpp:483 CreateUtilizationReports : Event Loop thread [0] thread utilization : %0
2026-07-21 17:20:53.416 I HEAD-75323ba [ NvrCore] ThreadPool.cpp:483 CreateUtilizationReports : Event Loop thread [1] thread utilization : %0
2026-07-21 17:20:53.416 I HEAD-75323ba [ NvrCore] main.cpp:232 operator() : Create thread utilization reports end ...
2026-07-21 17:20:53.653 I HEAD-75323ba [ event poller 0] EventPoller.cpp:228 async_l : Epoll Async Task Size : 1
2026-07-21 17:20:57.563 W HEAD-75323ba [ event poller 1] EventPoller.cpp:511 getMinDelay : Total 6 delay tasks found, we will flush them
2026-07-21 17:20:57.657 I HEAD-75323ba [ event poller 0] EventPoller.cpp:228 async_l : Epoll Async Task Size : 1
2026-07-21 17:20:58.417 I HEAD-75323ba [ NvrCore] ThreadPool.cpp:464 CreateUtilizationReports : Thread utilization report :
2026-07-21 17:20:58.417 I HEAD-75323ba [ NvrCore] ThreadPool.cpp:465 CreateUtilizationReports : db thread utilization : %0 awaiting task count in queue 0
2026-07-21 17:20:58.417 I HEAD-75323ba [ NvrCore] ThreadPool.cpp:466 CreateUtilizationReports : file master thread utilization : %0 awaiting task count in queue 0
2026-07-21 17:20:58.417 I HEAD-75323ba [ NvrCore] ThreadPool.cpp:467 CreateUtilizationReports : file slave thread utilization :%0 awaiting task count in queue 0
2026-07-21 17:20:58.417 I HEAD-75323ba [ NvrCore] ThreadPool.cpp:468 CreateUtilizationReports : ptz thread utilization : %0 awaiting task count in queue 0
2026-07-21 17:20:58.417 I HEAD-75323ba [ NvrCore] ThreadPool.cpp:472 CreateUtilizationReports : standard task 0 thread utilization : %0 awaiting task count in queue 0
2026-07-21 17:20:58.417 I HEAD-75323ba [ NvrCore] ThreadPool.cpp:472 CreateUtilizationReports : standard task 1 thread utilization : %0 awaiting task count in queue 0
2026-07-21 17:20:58.417 I HEAD-75323ba [ NvrCore] ThreadPool.cpp:472 CreateUtilizationReports : standard task 2 thread utilization : %0 awaiting task count in queue 0
2026-07-21 17:20:58.417 I HEAD-75323ba [ NvrCore] ThreadPool.cpp:472 CreateUtilizationReports : standard task 3 thread utilization : %0 awaiting task count in queue 0
2026-07-21 17:20:58.417 I HEAD-75323ba [ NvrCore] ThreadPool.cpp:476 CreateUtilizationReports : preview cache task 0 thread utilization : %0 awaiting task count in queue 0
2026-07-21 17:20:58.417 I HEAD-75323ba [ NvrCore] ThreadPool.cpp:476 CreateUtilizationReports : preview cache task 1 thread utilization : %0 awaiting task count in queue 0
2026-07-21 17:20:58.417 I HEAD-75323ba [ NvrCore] ThreadPool.cpp:483 CreateUtilizationReports : Event Loop thread [0] thread utilization : %0
2026-07-21 17:20:58.417 I HEAD-75323ba [ NvrCore] ThreadPool.cpp:483 CreateUtilizationReports : Event Loop thread [1] thread utilization : %0
2026-07-21 17:20:58.417 I HEAD-75323ba [ NvrCore] main.cpp:232 operator() : Create thread utilization reports end ...
2026-07-21 17:21:01.564 W HEAD-75323ba [ event poller 1] EventPoller.cpp:511 getMinDelay : Total 6 delay tasks found, we will flush them
2026-07-21 17:21:01.661 I HEAD-75323ba [ event poller 0] EventPoller.cpp:228 async_l : Epoll Async Task Size : 1
2026-07-21 17:21:03.374 W HEAD-75323ba [ NvrCore] main.cpp:177 operator() : ======================= [Sys run : Day = 0 , Hour = 0 , Min= 6 , Sec= 30 ]========================= 
2026-07-21 17:21:03.417 I HEAD-75323ba [ NvrCore] ThreadPool.cpp:464 CreateUtilizationReports : Thread utilization report :
2026-07-21 17:21:03.417 I HEAD-75323ba [ NvrCore] ThreadPool.cpp:465 CreateUtilizationReports : db thread utilization : %0 awaiting task count in queue 0
2026-07-21 17:21:03.417 I HEAD-75323ba [ NvrCore] ThreadPool.cpp:466 CreateUtilizationReports : file master thread utilization : %0 awaiting task count in queue 0
2026-07-21 17:21:03.417 I HEAD-75323ba [ NvrCore] ThreadPool.cpp:467 CreateUtilizationReports : file slave thread utilization :%0 awaiting task count in queue 0
2026-07-21 17:21:03.417 I HEAD-75323ba [ NvrCore] ThreadPool.cpp:468 CreateUtilizationReports : ptz thread utilization : %0 awaiting task count in queue 0
2026-07-21 17:21:03.417 I HEAD-75323ba [ NvrCore] ThreadPool.cpp:472 CreateUtilizationReports : standard task 0 thread utilization : %0 awaiting task count in queue 0
2026-07-21 17:21:03.417 I HEAD-75323ba [ NvrCore] ThreadPool.cpp:472 CreateUtilizationReports : standard task 1 thread utilization : %0 awaiting task count in queue 0
2026-07-21 17:21:03.417 I HEAD-75323ba [ NvrCore] ThreadPool.cpp:472 CreateUtilizationReports : standard task 2 thread utilization : %0 awaiting task count in queue 0
2026-07-21 17:21:03.417 I HEAD-75323ba [ NvrCore] ThreadPool.cpp:472 CreateUtilizationReports : standard task 3 thread utilization : %0 awaiting task count in queue 0
2026-07-21 17:21:03.417 I HEAD-75323ba [ NvrCore] ThreadPool.cpp:476 CreateUtilizationReports : preview cache task 0 thread utilization : %0 awaiting task count in queue 0
2026-07-21 17:21:03.417 I HEAD-75323ba [ NvrCore] ThreadPool.cpp:476 CreateUtilizationReports : preview cache task 1 thread utilization : %0 awaiting task count in queue 0
2026-07-21 17:21:03.417 I HEAD-75323ba [ NvrCore] ThreadPool.cpp:483 CreateUtilizationReports : Event Loop thread [0] thread utilization : %0
2026-07-21 17:21:03.417 I HEAD-75323ba [ NvrCore] ThreadPool.cpp:483 CreateUtilizationReports : Event Loop thread [1] thread utilization : %0
2026-07-21 17:21:03.417 I HEAD-75323ba [ NvrCore] main.cpp:232 operator() : Create thread utilization reports end ...
2026-07-21 17:21:05.566 W HEAD-75323ba [ event poller 1] EventPoller.cpp:511 getMinDelay : Total 6 delay tasks found, we will flush them
2026-07-21 17:21:05.662 I HEAD-75323ba [ event poller 0] EventPoller.cpp:228 async_l : Epoll Async Task Size : 1
2026-07-21 17:21:08.418 I HEAD-75323ba [ NvrCore] ThreadPool.cpp:464 CreateUtilizationReports : Thread utilization report :
2026-07-21 17:21:08.418 I HEAD-75323ba [ NvrCore] ThreadPool.cpp:465 CreateUtilizationReports : db thread utilization : %0 awaiting task count in queue 0
2026-07-21 17:21:08.418 I HEAD-75323ba [ NvrCore] ThreadPool.cpp:466 CreateUtilizationReports : file master thread utilization : %0 awaiting task count in queue 0
2026-07-21 17:21:08.418 I HEAD-75323ba [ NvrCore] ThreadPool.cpp:467 CreateUtilizationReports : file slave thread utilization :%0 awaiting task count in queue 0
2026-07-21 17:21:08.418 I HEAD-75323ba [ NvrCore] ThreadPool.cpp:468 CreateUtilizationReports : ptz thread utilization : %0 awaiting task count in queue 0
2026-07-21 17:21:08.418 I HEAD-75323ba [ NvrCore] ThreadPool.cpp:472 CreateUtilizationReports : standard task 0 thread utilization : %0 awaiting task count in queue 0
2026-07-21 17:21:08.418 I HEAD-75323ba [ NvrCore] ThreadPool.cpp:472 CreateUtilizationReports : standard task 1 thread utilization : %0 awaiting task count in queue 0
2026-07-21 17:21:08.418 I HEAD-75323ba [ NvrCore] ThreadPool.cpp:472 CreateUtilizationReports : standard task 2 thread utilization : %0 awaiting task count in queue 0
2026-07-21 17:21:08.418 I HEAD-75323ba [ NvrCore] ThreadPool.cpp:472 CreateUtilizationReports : standard task 3 thread utilization : %0 awaiting task count in queue 0
2026-07-21 17:21:08.418 I HEAD-75323ba [ NvrCore] ThreadPool.cpp:476 CreateUtilizationReports : preview cache task 0 thread utilization : %0 awaiting task count in queue 0
2026-07-21 17:21:08.418 I HEAD-75323ba [ NvrCore] ThreadPool.cpp:476 CreateUtilizationReports : preview cache task 1 thread utilization : %0 awaiting task count in queue 0
2026-07-21 17:21:08.418 I HEAD-75323ba [ NvrCore] ThreadPool.cpp:483 CreateUtilizationReports : Event Loop thread [0] thread utilization : %0
2026-07-21 17:21:08.418 I HEAD-75323ba [ NvrCore] ThreadPool.cpp:483 CreateUtilizationReports : Event Loop thread [1] thread utilization : %0
2026-07-21 17:21:08.418 I HEAD-75323ba [ NvrCore] main.cpp:232 operator() : Create thread utilization reports end ...
2026-07-21 17:21:09.566 W HEAD-75323ba [ event poller 1] EventPoller.cpp:511 getMinDelay : Total 6 delay tasks found, we will flush them
2026-07-21 17:21:09.664 I HEAD-75323ba [ event poller 0] EventPoller.cpp:228 async_l : Epoll Async Task Size : 1
2026-07-21 17:21:13.419 W HEAD-75323ba [ event poller 1] EventPoller.cpp:511 getMinDelay : Total 6 delay tasks found, we will flush them
2026-07-21 17:21:13.419 I HEAD-75323ba [ NvrCore] ThreadPool.cpp:464 CreateUtilizationReports : Thread utilization report :
2026-07-21 17:21:13.419 I HEAD-75323ba [ NvrCore] ThreadPool.cpp:465 CreateUtilizationReports : db thread utilization : %0 awaiting task count in queue 0
2026-07-21 17:21:13.419 I HEAD-75323ba [ NvrCore] ThreadPool.cpp:466 CreateUtilizationReports : file master thread utilization : %0 awaiting task count in queue 0
2026-07-21 17:21:13.419 I HEAD-75323ba [ NvrCore] ThreadPool.cpp:467 CreateUtilizationReports : file slave thread utilization :%0 awaiting task count in queue 0
2026-07-21 17:21:13.419 I HEAD-75323ba [ NvrCore] ThreadPool.cpp:468 CreateUtilizationReports : ptz thread utilization : %0 awaiting task count in queue 0
2026-07-21 17:21:13.419 I HEAD-75323ba [ NvrCore] ThreadPool.cpp:472 CreateUtilizationReports : standard task 0 thread utilization : %0 awaiting task count in queue 0
2026-07-21 17:21:13.419 I HEAD-75323ba [ NvrCore] ThreadPool.cpp:472 CreateUtilizationReports : standard task 1 thread utilization : %0 awaiting task count in queue 0
2026-07-21 17:21:13.419 I HEAD-75323ba [ NvrCore] ThreadPool.cpp:472 CreateUtilizationReports : standard task 2 thread utilization : %0 awaiting task count in queue 0
2026-07-21 17:21:13.419 I HEAD-75323ba [ NvrCore] ThreadPool.cpp:472 CreateUtilizationReports : standard task 3 thread utilization : %0 awaiting task count in queue 0
2026-07-21 17:21:13.419 I HEAD-75323ba [ NvrCore] ThreadPool.cpp:476 CreateUtilizationReports : preview cache task 0 thread utilization : %0 awaiting task count in queue 0
2026-07-21 17:21:13.419 I HEAD-75323ba [ NvrCore] ThreadPool.cpp:476 CreateUtilizationReports : preview cache task 1 thread utilization : %0 awaiting task count in queue 0
2026-07-21 17:21:13.419 I HEAD-75323ba [ NvrCore] ThreadPool.cpp:483 CreateUtilizationReports : Event Loop thread [0] thread utilization : %0
2026-07-21 17:21:13.419 I HEAD-75323ba [ NvrCore] ThreadPool.cpp:483 CreateUtilizationReports : Event Loop thread [1] thread utilization : %0
2026-07-21 17:21:13.419 I HEAD-75323ba [ NvrCore] main.cpp:232 operator() : Create thread utilization reports end ...
2026-07-21 17:21:13.668 I HEAD-75323ba [ event poller 0] EventPoller.cpp:228 async_l : Epoll Async Task Size : 1
2026-07-21 17:21:17.570 W HEAD-75323ba [ event poller 1] EventPoller.cpp:511 getMinDelay : Total 6 delay tasks found, we will flush them
2026-07-21 17:21:17.671 I HEAD-75323ba [ event poller 0] EventPoller.cpp:228 async_l : Epoll Async Task Size : 1
2026-07-21 17:21:18.419 I HEAD-75323ba [ NvrCore] ThreadPool.cpp:464 CreateUtilizationReports : Thread utilization report :
2026-07-21 17:21:18.419 I HEAD-75323ba [ NvrCore] ThreadPool.cpp:465 CreateUtilizationReports : db thread utilization : %0 awaiting task count in queue 0
2026-07-21 17:21:18.419 I HEAD-75323ba [ NvrCore] ThreadPool.cpp:466 CreateUtilizationReports : file master thread utilization : %0 awaiting task count in queue 0
2026-07-21 17:21:18.419 I HEAD-75323ba [ NvrCore] ThreadPool.cpp:467 CreateUtilizationReports : file slave thread utilization :%0 awaiting task count in queue 0
2026-07-21 17:21:18.419 I HEAD-75323ba [ NvrCore] ThreadPool.cpp:468 CreateUtilizationReports : ptz thread utilization : %0 awaiting task count in queue 0
2026-07-21 17:21:18.419 I HEAD-75323ba [ NvrCore] ThreadPool.cpp:472 CreateUtilizationReports : standard task 0 thread utilization : %0 awaiting task count in queue 0
2026-07-21 17:21:18.419 I HEAD-75323ba [ NvrCore] ThreadPool.cpp:472 CreateUtilizationReports : standard task 1 thread utilization : %0 awaiting task count in queue 0
2026-07-21 17:21:18.419 I HEAD-75323ba [ NvrCore] ThreadPool.cpp:472 CreateUtilizationReports : standard task 2 thread utilization : %0 awaiting task count in queue 0
2026-07-21 17:21:18.419 I HEAD-75323ba [ NvrCore] ThreadPool.cpp:472 CreateUtilizationReports : standard task 3 thread utilization : %0 awaiting task count in queue 0
2026-07-21 17:21:18.419 I HEAD-75323ba [ NvrCore] ThreadPool.cpp:476 CreateUtilizationReports : preview cache task 0 thread utilization : %0 awaiting task count in queue 0
2026-07-21 17:21:18.419 I HEAD-75323ba [ NvrCore] ThreadPool.cpp:476 CreateUtilizationReports : preview cache task 1 thread utilization : %0 awaiting task count in queue 0
2026-07-21 17:21:18.419 I HEAD-75323ba [ NvrCore] ThreadPool.cpp:483 CreateUtilizationReports : Event Loop thread [0] thread utilization : %0
2026-07-21 17:21:18.419 I HEAD-75323ba [ NvrCore] ThreadPool.cpp:483 CreateUtilizationReports : Event Loop thread [1] thread utilization : %0
2026-07-21 17:21:18.419 I HEAD-75323ba [ NvrCore] main.cpp:232 operator() : Create thread utilization reports end ...
2026-07-21 17:21:21.573 W HEAD-75323ba [ event poller 1] EventPoller.cpp:511 getMinDelay : Total 6 delay tasks found, we will flush them
2026-07-21 17:21:21.675 I HEAD-75323ba [ event poller 0] EventPoller.cpp:228 async_l : Epoll Async Task Size : 1
2026-07-21 17:21:23.420 I HEAD-75323ba [ NvrCore] ThreadPool.cpp:464 CreateUtilizationReports : Thread utilization report :
2026-07-21 17:21:23.420 I HEAD-75323ba [ NvrCore] ThreadPool.cpp:465 CreateUtilizationReports : db thread utilization : %0 awaiting task count in queue 0
2026-07-21 17:21:23.420 I HEAD-75323ba [ NvrCore] ThreadPool.cpp:466 CreateUtilizationReports : file master thread utilization : %0 awaiting task count in queue 0
2026-07-21 17:21:23.420 I HEAD-75323ba [ NvrCore] ThreadPool.cpp:467 CreateUtilizationReports : file slave thread utilization :%0 awaiting task count in queue 0
2026-07-21 17:21:23.420 I HEAD-75323ba [ NvrCore] ThreadPool.cpp:468 CreateUtilizationReports : ptz thread utilization : %0 awaiting task count in queue 0
2026-07-21 17:21:23.420 I HEAD-75323ba [ NvrCore] ThreadPool.cpp:472 CreateUtilizationReports : standard task 0 thread utilization : %0 awaiting task count in queue 0
2026-07-21 17:21:23.420 I HEAD-75323ba [ NvrCore] ThreadPool.cpp:472 CreateUtilizationReports : standard task 1 thread utilization : %0 awaiting task count in queue 0
2026-07-21 17:21:23.420 I HEAD-75323ba [ NvrCore] ThreadPool.cpp:472 CreateUtilizationReports : standard task 2 thread utilization : %0 awaiting task count in queue 0
2026-07-21 17:21:23.420 I HEAD-75323ba [ NvrCore] ThreadPool.cpp:472 CreateUtilizationReports : standard task 3 thread utilization : %0 awaiting task count in queue 0
2026-07-21 17:21:23.420 I HEAD-75323ba [ NvrCore] ThreadPool.cpp:476 CreateUtilizationReports : preview cache task 0 thread utilization : %0 awaiting task count in queue 0
2026-07-21 17:21:23.420 I HEAD-75323ba [ NvrCore] ThreadPool.cpp:476 CreateUtilizationReports : preview cache task 1 thread utilization : %0 awaiting task count in queue 0
2026-07-21 17:21:23.420 I HEAD-75323ba [ NvrCore] ThreadPool.cpp:483 CreateUtilizationReports : Event Loop thread [0] thread utilization : %0
2026-07-21 17:21:23.420 I HEAD-75323ba [ NvrCore] ThreadPool.cpp:483 CreateUtilizationReports : Event Loop thread [1] thread utilization : %0
2026-07-21 17:21:23.420 I HEAD-75323ba [ NvrCore] main.cpp:232 operator() : Create thread utilization reports end ...
2026-07-21 17:21:25.575 W HEAD-75323ba [ event poller 1] EventPoller.cpp:511 getMinDelay : Total 6 delay tasks found, we will flush them
2026-07-21 17:21:25.678 I HEAD-75323ba [ event poller 0] EventPoller.cpp:228 async_l : Epoll Async Task Size : 1
2026-07-21 17:21:28.420 I HEAD-75323ba [ NvrCore] ThreadPool.cpp:464 CreateUtilizationReports : Thread utilization report :
2026-07-21 17:21:28.420 I HEAD-75323ba [ NvrCore] ThreadPool.cpp:465 CreateUtilizationReports : db thread utilization : %0 awaiting task count in queue 0
2026-07-21 17:21:28.420 I HEAD-75323ba [ NvrCore] ThreadPool.cpp:466 CreateUtilizationReports : file master thread utilization : %0 awaiting task count in queue 0
2026-07-21 17:21:28.420 I HEAD-75323ba [ NvrCore] ThreadPool.cpp:467 CreateUtilizationReports : file slave thread utilization :%0 awaiting task count in queue 0
2026-07-21 17:21:28.420 I HEAD-75323ba [ NvrCore] ThreadPool.cpp:468 CreateUtilizationReports : ptz thread utilization : %0 awaiting task count in queue 0
2026-07-21 17:21:28.420 I HEAD-75323ba [ NvrCore] ThreadPool.cpp:472 CreateUtilizationReports : standard task 0 thread utilization : %0 awaiting task count in queue 0
2026-07-21 17:21:28.420 I HEAD-75323ba [ NvrCore] ThreadPool.cpp:472 CreateUtilizationReports : standard task 1 thread utilization : %0 awaiting task count in queue 0
2026-07-21 17:21:28.420 I HEAD-75323ba [ NvrCore] ThreadPool.cpp:472 CreateUtilizationReports : standard task 2 thread utilization : %0 awaiting task count in queue 0
2026-07-21 17:21:28.420 I HEAD-75323ba [ NvrCore] ThreadPool.cpp:472 CreateUtilizationReports : standard task 3 thread utilization : %0 awaiting task count in queue 0
2026-07-21 17:21:28.420 I HEAD-75323ba [ NvrCore] ThreadPool.cpp:476 CreateUtilizationReports : preview cache task 0 thread utilization : %0 awaiting task count in queue 0
2026-07-21 17:21:28.420 I HEAD-75323ba [ NvrCore] ThreadPool.cpp:476 CreateUtilizationReports : preview cache task 1 thread utilization : %0 awaiting task count in queue 0
2026-07-21 17:21:28.420 I HEAD-75323ba [ NvrCore] ThreadPool.cpp:483 CreateUtilizationReports : Event Loop thread [0] thread utilization : %0
2026-07-21 17:21:28.420 I HEAD-75323ba [ NvrCore] ThreadPool.cpp:483 CreateUtilizationReports : Event Loop thread [1] thread utilization : %0
2026-07-21 17:21:28.420 I HEAD-75323ba [ NvrCore] main.cpp:232 operator() : Create thread utilization reports end ...
2026-07-21 17:21:29.578 W HEAD-75323ba [ event poller 1] EventPoller.cpp:511 getMinDelay : Total 6 delay tasks found, we will flush them
2026-07-21 17:21:29.682 I HEAD-75323ba [ event poller 0] EventPoller.cpp:228 async_l : Epoll Async Task Size : 1
2026-07-21 17:21:33.375 W HEAD-75323ba [ event poller 1] EventPoller.cpp:511 getMinDelay : Total 6 delay tasks found, we will flush them
2026-07-21 17:21:33.375 W HEAD-75323ba [ NvrCore] main.cpp:177 operator() : ======================= [Sys run : Day = 0 , Hour = 0 , Min= 7 , Sec= 0 ]========================= 
2026-07-21 17:21:33.419 I HEAD-75323ba [ NvrCore] ThreadPool.cpp:464 CreateUtilizationReports : Thread utilization report :
2026-07-21 17:21:33.419 I HEAD-75323ba [ NvrCore] ThreadPool.cpp:465 CreateUtilizationReports : db thread utilization : %0 awaiting task count in queue 0
2026-07-21 17:21:33.419 I HEAD-75323ba [ NvrCore] ThreadPool.cpp:466 CreateUtilizationReports : file master thread utilization : %0 awaiting task count in queue 0
2026-07-21 17:21:33.419 I HEAD-75323ba [ NvrCore] ThreadPool.cpp:467 CreateUtilizationReports : file slave thread utilization :%0 awaiting task count in queue 0
2026-07-21 17:21:33.419 I HEAD-75323ba [ NvrCore] ThreadPool.cpp:468 CreateUtilizationReports : ptz thread utilization : %0 awaiting task count in queue 0
2026-07-21 17:21:33.419 I HEAD-75323ba [ NvrCore] ThreadPool.cpp:472 CreateUtilizationReports : standard task 0 thread utilization : %0 awaiting task count in queue 0
2026-07-21 17:21:33.420 I HEAD-75323ba [ NvrCore] ThreadPool.cpp:472 CreateUtilizationReports : standard task 1 thread utilization : %0 awaiting task count in queue 0
2026-07-21 17:21:33.420 I HEAD-75323ba [ NvrCore] ThreadPool.cpp:472 CreateUtilizationReports : standard task 2 thread utilization : %0 awaiting task count in queue 0
2026-07-21 17:21:33.420 I HEAD-75323ba [ NvrCore] ThreadPool.cpp:472 CreateUtilizationReports : standard task 3 thread utilization : %0 awaiting task count in queue 0
2026-07-21 17:21:33.420 I HEAD-75323ba [ NvrCore] ThreadPool.cpp:476 CreateUtilizationReports : preview cache task 0 thread utilization : %0 awaiting task count in queue 0
2026-07-21 17:21:33.420 I HEAD-75323ba [ NvrCore] ThreadPool.cpp:476 CreateUtilizationReports : preview cache task 1 thread utilization : %0 awaiting task count in queue 0
2026-07-21 17:21:33.420 I HEAD-75323ba [ NvrCore] ThreadPool.cpp:483 CreateUtilizationReports : Event Loop thread [0] thread utilization : %0
2026-07-21 17:21:33.420 I HEAD-75323ba [ NvrCore] ThreadPool.cpp:483 CreateUtilizationReports : Event Loop thread [1] thread utilization : %0
2026-07-21 17:21:33.421 I HEAD-75323ba [ NvrCore] main.cpp:232 operator() : Create thread utilization reports end ...
2026-07-21 17:21:33.684 I HEAD-75323ba [ event poller 0] EventPoller.cpp:228 async_l : Epoll Async Task Size : 1
2026-07-21 17:21:37.583 W HEAD-75323ba [ event poller 1] EventPoller.cpp:511 getMinDelay : Total 6 delay tasks found, we will flush them
2026-07-21 17:21:37.688 I HEAD-75323ba [ event poller 0] EventPoller.cpp:228 async_l : Epoll Async Task Size : 1
2026-07-21 17:21:38.421 I HEAD-75323ba [ NvrCore] ThreadPool.cpp:464 CreateUtilizationReports : Thread utilization report :
2026-07-21 17:21:38.421 I HEAD-75323ba [ NvrCore] ThreadPool.cpp:465 CreateUtilizationReports : db thread utilization : %0 awaiting task count in queue 0
2026-07-21 17:21:38.421 I HEAD-75323ba [ NvrCore] ThreadPool.cpp:466 CreateUtilizationReports : file master thread utilization : %0 awaiting task count in queue 0
2026-07-21 17:21:38.421 I HEAD-75323ba [ NvrCore] ThreadPool.cpp:467 CreateUtilizationReports : file slave thread utilization :%0 awaiting task count in queue 0
2026-07-21 17:21:38.421 I HEAD-75323ba [ NvrCore] ThreadPool.cpp:468 CreateUtilizationReports : ptz thread utilization : %0 awaiting task count in queue 0
2026-07-21 17:21:38.421 I HEAD-75323ba [ NvrCore] ThreadPool.cpp:472 CreateUtilizationReports : standard task 0 thread utilization : %0 awaiting task count in queue 0
2026-07-21 17:21:38.421 I HEAD-75323ba [ NvrCore] ThreadPool.cpp:472 CreateUtilizationReports : standard task 1 thread utilization : %0 awaiting task count in queue 0
2026-07-21 17:21:38.421 I HEAD-75323ba [ NvrCore] ThreadPool.cpp:472 CreateUtilizationReports : standard task 2 thread utilization : %0 awaiting task count in queue 0
2026-07-21 17:21:38.421 I HEAD-75323ba [ NvrCore] ThreadPool.cpp:472 CreateUtilizationReports : standard task 3 thread utilization : %0 awaiting task count in queue 0
2026-07-21 17:21:38.421 I HEAD-75323ba [ NvrCore] ThreadPool.cpp:476 CreateUtilizationReports : preview cache task 0 thread utilization : %0 awaiting task count in queue 0
2026-07-21 17:21:38.421 I HEAD-75323ba [ NvrCore] ThreadPool.cpp:476 CreateUtilizationReports : preview cache task 1 thread utilization : %0 awaiting task count in queue 0
2026-07-21 17:21:38.421 I HEAD-75323ba [ NvrCore] ThreadPool.cpp:483 CreateUtilizationReports : Event Loop thread [0] thread utilization : %0
2026-07-21 17:21:38.422 I HEAD-75323ba [ NvrCore] ThreadPool.cpp:483 CreateUtilizationReports : Event Loop thread [1] thread utilization : %0
2026-07-21 17:21:38.422 I HEAD-75323ba [ NvrCore] main.cpp:232 operator() : Create thread utilization reports end ...
2026-07-21 17:21:41.586 W HEAD-75323ba [ event poller 1] EventPoller.cpp:511 getMinDelay : Total 6 delay tasks found, we will flush them
2026-07-21 17:21:41.690 I HEAD-75323ba [ event poller 0] EventPoller.cpp:228 async_l : Epoll Async Task Size : 1
2026-07-21 17:21:43.422 I HEAD-75323ba [ NvrCore] ThreadPool.cpp:464 CreateUtilizationReports : Thread utilization report :
2026-07-21 17:21:43.422 I HEAD-75323ba [ NvrCore] ThreadPool.cpp:465 CreateUtilizationReports : db thread utilization : %0 awaiting task count in queue 0
2026-07-21 17:21:43.422 I HEAD-75323ba [ NvrCore] ThreadPool.cpp:466 CreateUtilizationReports : file master thread utilization : %0 awaiting task count in queue 0
2026-07-21 17:21:43.422 I HEAD-75323ba [ NvrCore] ThreadPool.cpp:467 CreateUtilizationReports : file slave thread utilization :%0 awaiting task count in queue 0
2026-07-21 17:21:43.422 I HEAD-75323ba [ NvrCore] ThreadPool.cpp:468 CreateUtilizationReports : ptz thread utilization : %0 awaiting task count in queue 0
2026-07-21 17:21:43.422 I HEAD-75323ba [ NvrCore] ThreadPool.cpp:472 CreateUtilizationReports : standard task 0 thread utilization : %0 awaiting task count in queue 0
2026-07-21 17:21:43.422 I HEAD-75323ba [ NvrCore] ThreadPool.cpp:472 CreateUtilizationReports : standard task 1 thread utilization : %0 awaiting task count in queue 0
2026-07-21 17:21:43.422 I HEAD-75323ba [ NvrCore] ThreadPool.cpp:472 CreateUtilizationReports : standard task 2 thread utilization : %0 awaiting task count in queue 0
2026-07-21 17:21:43.422 I HEAD-75323ba [ NvrCore] ThreadPool.cpp:472 CreateUtilizationReports : standard task 3 thread utilization : %0 awaiting task count in queue 0
2026-07-21 17:21:43.422 I HEAD-75323ba [ NvrCore] ThreadPool.cpp:476 CreateUtilizationReports : preview cache task 0 thread utilization : %0 awaiting task count in queue 0
2026-07-21 17:21:43.423 I HEAD-75323ba [ NvrCore] ThreadPool.cpp:476 CreateUtilizationReports : preview cache task 1 thread utilization : %0 awaiting task count in queue 0
2026-07-21 17:21:43.423 I HEAD-75323ba [ NvrCore] ThreadPool.cpp:483 CreateUtilizationReports : Event Loop thread [0] thread utilization : %0
2026-07-21 17:21:43.423 I HEAD-75323ba [ NvrCore] ThreadPool.cpp:483 CreateUtilizationReports : Event Loop thread [1] thread utilization : %0
2026-07-21 17:21:43.423 I HEAD-75323ba [ NvrCore] main.cpp:232 operator() : Create thread utilization reports end ...
2026-07-21 17:21:45.589 W HEAD-75323ba [ event poller 1] EventPoller.cpp:511 getMinDelay : Total 6 delay tasks found, we will flush them
2026-07-21 17:21:45.693 I HEAD-75323ba [ event poller 0] EventPoller.cpp:228 async_l : Epoll Async Task Size : 1
2026-07-21 17:21:48.422 I HEAD-75323ba [ NvrCore] ThreadPool.cpp:464 CreateUtilizationReports : Thread utilization report :
2026-07-21 17:21:48.422 I HEAD-75323ba [ NvrCore] ThreadPool.cpp:465 CreateUtilizationReports : db thread utilization : %0 awaiting task count in queue 0
2026-07-21 17:21:48.422 I HEAD-75323ba [ NvrCore] ThreadPool.cpp:466 CreateUtilizationReports : file master thread utilization : %0 awaiting task count in queue 0
2026-07-21 17:21:48.422 I HEAD-75323ba [ NvrCore] ThreadPool.cpp:467 CreateUtilizationReports : file slave thread utilization :%0 awaiting task count in queue 0
2026-07-21 17:21:48.422 I HEAD-75323ba [ NvrCore] ThreadPool.cpp:468 CreateUtilizationReports : ptz thread utilization : %0 awaiting task count in queue 0
2026-07-21 17:21:48.422 I HEAD-75323ba [ NvrCore] ThreadPool.cpp:472 CreateUtilizationReports : standard task 0 thread utilization : %0 awaiting task count in queue 0
2026-07-21 17:21:48.422 I HEAD-75323ba [ NvrCore] ThreadPool.cpp:472 CreateUtilizationReports : standard task 1 thread utilization : %0 awaiting task count in queue 0
2026-07-21 17:21:48.422 I HEAD-75323ba [ NvrCore] ThreadPool.cpp:472 CreateUtilizationReports : standard task 2 thread utilization : %0 awaiting task count in queue 0
2026-07-21 17:21:48.422 I HEAD-75323ba [ NvrCore] ThreadPool.cpp:472 CreateUtilizationReports : standard task 3 thread utilization : %0 awaiting task count in queue 0
2026-07-21 17:21:48.423 I HEAD-75323ba [ NvrCore] ThreadPool.cpp:476 CreateUtilizationReports : preview cache task 0 thread utilization : %0 awaiting task count in queue 0
2026-07-21 17:21:48.423 I HEAD-75323ba [ NvrCore] ThreadPool.cpp:476 CreateUtilizationReports : preview cache task 1 thread utilization : %0 awaiting task count in queue 0
2026-07-21 17:21:48.423 I HEAD-75323ba [ NvrCore] ThreadPool.cpp:483 CreateUtilizationReports : Event Loop thread [0] thread utilization : %0
2026-07-21 17:21:48.423 I HEAD-75323ba [ NvrCore] ThreadPool.cpp:483 CreateUtilizationReports : Event Loop thread [1] thread utilization : %0
2026-07-21 17:21:48.423 I HEAD-75323ba [ NvrCore] main.cpp:232 operator() : Create thread utilization reports end ...
2026-07-21 17:21:49.592 W HEAD-75323ba [ event poller 1] EventPoller.cpp:511 getMinDelay : Total 6 delay tasks found, we will flush them
2026-07-21 17:21:49.697 I HEAD-75323ba [ event poller 0] EventPoller.cpp:228 async_l : Epoll Async Task Size : 1
2026-07-21 17:21:53.424 W HEAD-75323ba [ event poller 1] EventPoller.cpp:511 getMinDelay : Total 6 delay tasks found, we will flush them
2026-07-21 17:21:53.424 I HEAD-75323ba [ NvrCore] ThreadPool.cpp:464 CreateUtilizationReports : Thread utilization report :
2026-07-21 17:21:53.424 I HEAD-75323ba [ NvrCore] ThreadPool.cpp:465 CreateUtilizationReports : db thread utilization : %0 awaiting task count in queue 0
2026-07-21 17:21:53.424 I HEAD-75323ba [ NvrCore] ThreadPool.cpp:466 CreateUtilizationReports : file master thread utilization : %0 awaiting task count in queue 0
2026-07-21 17:21:53.424 I HEAD-75323ba [ NvrCore] ThreadPool.cpp:467 CreateUtilizationReports : file slave thread utilization :%0 awaiting task count in queue 0
2026-07-21 17:21:53.424 I HEAD-75323ba [ NvrCore] ThreadPool.cpp:468 CreateUtilizationReports : ptz thread utilization : %0 awaiting task count in queue 0
2026-07-21 17:21:53.424 I HEAD-75323ba [ NvrCore] ThreadPool.cpp:472 CreateUtilizationReports : standard task 0 thread utilization : %0 awaiting task count in queue 0
2026-07-21 17:21:53.424 I HEAD-75323ba [ NvrCore] ThreadPool.cpp:472 CreateUtilizationReports : standard task 1 thread utilization : %0 awaiting task count in queue 0
2026-07-21 17:21:53.424 I HEAD-75323ba [ NvrCore] ThreadPool.cpp:472 CreateUtilizationReports : standard task 2 thread utilization : %0 awaiting task count in queue 0
2026-07-21 17:21:53.424 I HEAD-75323ba [ NvrCore] ThreadPool.cpp:472 CreateUtilizationReports : standard task 3 thread utilization : %0 awaiting task count in queue 0
2026-07-21 17:21:53.424 I HEAD-75323ba [ NvrCore] ThreadPool.cpp:476 CreateUtilizationReports : preview cache task 0 thread utilization : %0 awaiting task count in queue 0
2026-07-21 17:21:53.424 I HEAD-75323ba [ NvrCore] ThreadPool.cpp:476 CreateUtilizationReports : preview cache task 1 thread utilization : %0 awaiting task count in queue 0
2026-07-21 17:21:53.424 I HEAD-75323ba [ NvrCore] ThreadPool.cpp:483 CreateUtilizationReports : Event Loop thread [0] thread utilization : %0
2026-07-21 17:21:53.424 I HEAD-75323ba [ NvrCore] ThreadPool.cpp:483 CreateUtilizationReports : Event Loop thread [1] thread utilization : %0
2026-07-21 17:21:53.424 I HEAD-75323ba [ NvrCore] main.cpp:232 operator() : Create thread utilization reports end ...
2026-07-21 17:21:53.699 I HEAD-75323ba [ event poller 0] EventPoller.cpp:228 async_l : Epoll Async Task Size : 1
2026-07-21 17:21:57.598 W HEAD-75323ba [ event poller 1] EventPoller.cpp:511 getMinDelay : Total 6 delay tasks found, we will flush them
2026-07-21 17:21:57.702 I HEAD-75323ba [ event poller 0] EventPoller.cpp:228 async_l : Epoll Async Task Size : 1
2026-07-21 17:21:58.426 I HEAD-75323ba [ NvrCore] ThreadPool.cpp:464 CreateUtilizationReports : Thread utilization report :
2026-07-21 17:21:58.426 I HEAD-75323ba [ NvrCore] ThreadPool.cpp:465 CreateUtilizationReports : db thread utilization : %0 awaiting task count in queue 0
2026-07-21 17:21:58.426 I HEAD-75323ba [ NvrCore] ThreadPool.cpp:466 CreateUtilizationReports : file master thread utilization : %0 awaiting task count in queue 0
2026-07-21 17:21:58.426 I HEAD-75323ba [ NvrCore] ThreadPool.cpp:467 CreateUtilizationReports : file slave thread utilization :%0 awaiting task count in queue 0
2026-07-21 17:21:58.426 I HEAD-75323ba [ NvrCore] ThreadPool.cpp:468 CreateUtilizationReports : ptz thread utilization : %0 awaiting task count in queue 0
2026-07-21 17:21:58.426 I HEAD-75323ba [ NvrCore] ThreadPool.cpp:472 CreateUtilizationReports : standard task 0 thread utilization : %0 awaiting task count in queue 0
2026-07-21 17:21:58.426 I HEAD-75323ba [ NvrCore] ThreadPool.cpp:472 CreateUtilizationReports : standard task 1 thread utilization : %0 awaiting task count in queue 0
2026-07-21 17:21:58.426 I HEAD-75323ba [ NvrCore] ThreadPool.cpp:472 CreateUtilizationReports : standard task 2 thread utilization : %0 awaiting task count in queue 0
2026-07-21 17:21:58.426 I HEAD-75323ba [ NvrCore] ThreadPool.cpp:472 CreateUtilizationReports : standard task 3 thread utilization : %0 awaiting task count in queue 0
2026-07-21 17:21:58.426 I HEAD-75323ba [ NvrCore] ThreadPool.cpp:476 CreateUtilizationReports : preview cache task 0 thread utilization : %0 awaiting task count in queue 0
2026-07-21 17:21:58.426 I HEAD-75323ba [ NvrCore] ThreadPool.cpp:476 CreateUtilizationReports : preview cache task 1 thread utilization : %0 awaiting task count in queue 0
2026-07-21 17:21:58.426 I HEAD-75323ba [ NvrCore] ThreadPool.cpp:483 CreateUtilizationReports : Event Loop thread [0] thread utilization : %0
2026-07-21 17:21:58.426 I HEAD-75323ba [ NvrCore] ThreadPool.cpp:483 CreateUtilizationReports : Event Loop thread [1] thread utilization : %0
2026-07-21 17:21:58.426 I HEAD-75323ba [ NvrCore] main.cpp:232 operator() : Create thread utilization reports end ...
2026-07-21 17:22:01.601 W HEAD-75323ba [ event poller 1] EventPoller.cpp:511 getMinDelay : Total 6 delay tasks found, we will flush them
2026-07-21 17:22:01.706 I HEAD-75323ba [ event poller 0] EventPoller.cpp:228 async_l : Epoll Async Task Size : 1
2026-07-21 17:22:03.377 W HEAD-75323ba [ NvrCore] main.cpp:177 operator() : ======================= [Sys run : Day = 0 , Hour = 0 , Min= 7 , Sec= 30 ]========================= 
2026-07-21 17:22:03.426 I HEAD-75323ba [ NvrCore] ThreadPool.cpp:464 CreateUtilizationReports : Thread utilization report :
2026-07-21 17:22:03.426 I HEAD-75323ba [ NvrCore] ThreadPool.cpp:465 CreateUtilizationReports : db thread utilization : %0 awaiting task count in queue 0
2026-07-21 17:22:03.426 I HEAD-75323ba [ NvrCore] ThreadPool.cpp:466 CreateUtilizationReports : file master thread utilization : %0 awaiting task count in queue 0
2026-07-21 17:22:03.426 I HEAD-75323ba [ NvrCore] ThreadPool.cpp:467 CreateUtilizationReports : file slave thread utilization :%0 awaiting task count in queue 0
2026-07-21 17:22:03.426 I HEAD-75323ba [ NvrCore] ThreadPool.cpp:468 CreateUtilizationReports : ptz thread utilization : %0 awaiting task count in queue 0
2026-07-21 17:22:03.426 I HEAD-75323ba [ NvrCore] ThreadPool.cpp:472 CreateUtilizationReports : standard task 0 thread utilization : %0 awaiting task count in queue 0
2026-07-21 17:22:03.426 I HEAD-75323ba [ NvrCore] ThreadPool.cpp:472 CreateUtilizationReports : standard task 1 thread utilization : %0 awaiting task count in queue 0
2026-07-21 17:22:03.426 I HEAD-75323ba [ NvrCore] ThreadPool.cpp:472 CreateUtilizationReports : standard task 2 thread utilization : %0 awaiting task count in queue 0
2026-07-21 17:22:03.426 I HEAD-75323ba [ NvrCore] ThreadPool.cpp:472 CreateUtilizationReports : standard task 3 thread utilization : %0 awaiting task count in queue 0
2026-07-21 17:22:03.426 I HEAD-75323ba [ NvrCore] ThreadPool.cpp:476 CreateUtilizationReports : preview cache task 0 thread utilization : %0 awaiting task count in queue 0
2026-07-21 17:22:03.426 I HEAD-75323ba [ NvrCore] ThreadPool.cpp:476 CreateUtilizationReports : preview cache task 1 thread utilization : %0 awaiting task count in queue 0
2026-07-21 17:22:03.426 I HEAD-75323ba [ NvrCore] ThreadPool.cpp:483 CreateUtilizationReports : Event Loop thread [0] thread utilization : %0
2026-07-21 17:22:03.426 I HEAD-75323ba [ NvrCore] ThreadPool.cpp:483 CreateUtilizationReports : Event Loop thread [1] thread utilization : %0
2026-07-21 17:22:03.426 I HEAD-75323ba [ NvrCore] main.cpp:232 operator() : Create thread utilization reports end ...
2026-07-21 17:22:05.603 W HEAD-75323ba [ event poller 1] EventPoller.cpp:511 getMinDelay : Total 6 delay tasks found, we will flush them
2026-07-21 17:22:05.708 I HEAD-75323ba [ event poller 0] EventPoller.cpp:228 async_l : Epoll Async Task Size : 1
2026-07-21 17:22:08.427 I HEAD-75323ba [ NvrCore] ThreadPool.cpp:464 CreateUtilizationReports : Thread utilization report :
2026-07-21 17:22:08.427 I HEAD-75323ba [ NvrCore] ThreadPool.cpp:465 CreateUtilizationReports : db thread utilization : %0 awaiting task count in queue 0
2026-07-21 17:22:08.427 I HEAD-75323ba [ NvrCore] ThreadPool.cpp:466 CreateUtilizationReports : file master thread utilization : %0 awaiting task count in queue 0
2026-07-21 17:22:08.427 I HEAD-75323ba [ NvrCore] ThreadPool.cpp:467 CreateUtilizationReports : file slave thread utilization :%0 awaiting task count in queue 0
2026-07-21 17:22:08.427 I HEAD-75323ba [ NvrCore] ThreadPool.cpp:468 CreateUtilizationReports : ptz thread utilization : %0 awaiting task count in queue 0
2026-07-21 17:22:08.427 I HEAD-75323ba [ NvrCore] ThreadPool.cpp:472 CreateUtilizationReports : standard task 0 thread utilization : %0 awaiting task count in queue 0
2026-07-21 17:22:08.427 I HEAD-75323ba [ NvrCore] ThreadPool.cpp:472 CreateUtilizationReports : standard task 1 thread utilization : %0 awaiting task count in queue 0
2026-07-21 17:22:08.427 I HEAD-75323ba [ NvrCore] ThreadPool.cpp:472 CreateUtilizationReports : standard task 2 thread utilization : %0 awaiting task count in queue 0
2026-07-21 17:22:08.427 I HEAD-75323ba [ NvrCore] ThreadPool.cpp:472 CreateUtilizationReports : standard task 3 thread utilization : %0 awaiting task count in queue 0
2026-07-21 17:22:08.427 I HEAD-75323ba [ NvrCore] ThreadPool.cpp:476 CreateUtilizationReports : preview cache task 0 thread utilization : %0 awaiting task count in queue 0
2026-07-21 17:22:08.427 I HEAD-75323ba [ NvrCore] ThreadPool.cpp:476 CreateUtilizationReports : preview cache task 1 thread utilization : %0 awaiting task count in queue 0
2026-07-21 17:22:08.427 I HEAD-75323ba [ NvrCore] ThreadPool.cpp:483 CreateUtilizationReports : Event Loop thread [0] thread utilization : %0
2026-07-21 17:22:08.427 I HEAD-75323ba [ NvrCore] ThreadPool.cpp:483 CreateUtilizationReports : Event Loop thread [1] thread utilization : %0
2026-07-21 17:22:08.427 I HEAD-75323ba [ NvrCore] main.cpp:232 operator() : Create thread utilization reports end ...
2026-07-21 17:22:09.605 W HEAD-75323ba [ event poller 1] EventPoller.cpp:511 getMinDelay : Total 6 delay tasks found, we will flush them
2026-07-21 17:22:09.712 I HEAD-75323ba [ event poller 0] EventPoller.cpp:228 async_l : Epoll Async Task Size : 1
2026-07-21 17:22:13.429 W HEAD-75323ba [ event poller 1] EventPoller.cpp:511 getMinDelay : Total 6 delay tasks found, we will flush them
2026-07-21 17:22:13.429 I HEAD-75323ba [ NvrCore] ThreadPool.cpp:464 CreateUtilizationReports : Thread utilization report :
2026-07-21 17:22:13.429 I HEAD-75323ba [ NvrCore] ThreadPool.cpp:465 CreateUtilizationReports : db thread utilization : %0 awaiting task count in queue 0
2026-07-21 17:22:13.429 I HEAD-75323ba [ NvrCore] ThreadPool.cpp:466 CreateUtilizationReports : file master thread utilization : %0 awaiting task count in queue 0
2026-07-21 17:22:13.429 I HEAD-75323ba [ NvrCore] ThreadPool.cpp:467 CreateUtilizationReports : file slave thread utilization :%0 awaiting task count in queue 0
2026-07-21 17:22:13.429 I HEAD-75323ba [ NvrCore] ThreadPool.cpp:468 CreateUtilizationReports : ptz thread utilization : %0 awaiting task count in queue 0
2026-07-21 17:22:13.429 I HEAD-75323ba [ NvrCore] ThreadPool.cpp:472 CreateUtilizationReports : standard task 0 thread utilization : %0 awaiting task count in queue 0
2026-07-21 17:22:13.429 I HEAD-75323ba [ NvrCore] ThreadPool.cpp:472 CreateUtilizationReports : standard task 1 thread utilization : %0 awaiting task count in queue 0
2026-07-21 17:22:13.429 I HEAD-75323ba [ NvrCore] ThreadPool.cpp:472 CreateUtilizationReports : standard task 2 thread utilization : %0 awaiting task count in queue 0
2026-07-21 17:22:13.429 I HEAD-75323ba [ NvrCore] ThreadPool.cpp:472 CreateUtilizationReports : standard task 3 thread utilization : %0 awaiting task count in queue 0
2026-07-21 17:22:13.429 I HEAD-75323ba [ NvrCore] ThreadPool.cpp:476 CreateUtilizationReports : preview cache task 0 thread utilization : %0 awaiting task count in queue 0
2026-07-21 17:22:13.429 I HEAD-75323ba [ NvrCore] ThreadPool.cpp:476 CreateUtilizationReports : preview cache task 1 thread utilization : %0 awaiting task count in queue 0
2026-07-21 17:22:13.429 I HEAD-75323ba [ NvrCore] ThreadPool.cpp:483 CreateUtilizationReports : Event Loop thread [0] thread utilization : %0
2026-07-21 17:22:13.429 I HEAD-75323ba [ NvrCore] ThreadPool.cpp:483 CreateUtilizationReports : Event Loop thread [1] thread utilization : %0
2026-07-21 17:22:13.429 I HEAD-75323ba [ NvrCore] main.cpp:232 operator() : Create thread utilization reports end ...
2026-07-21 17:22:13.714 I HEAD-75323ba [ event poller 0] EventPoller.cpp:228 async_l : Epoll Async Task Size : 1
2026-07-21 17:22:17.609 W HEAD-75323ba [ event poller 1] EventPoller.cpp:511 getMinDelay : Total 6 delay tasks found, we will flush them
2026-07-21 17:22:17.717 I HEAD-75323ba [ event poller 0] EventPoller.cpp:228 async_l : Epoll Async Task Size : 1
2026-07-21 17:22:18.429 I HEAD-75323ba [ NvrCore] ThreadPool.cpp:464 CreateUtilizationReports : Thread utilization report :
2026-07-21 17:22:18.429 I HEAD-75323ba [ NvrCore] ThreadPool.cpp:465 CreateUtilizationReports : db thread utilization : %0 awaiting task count in queue 0
2026-07-21 17:22:18.429 I HEAD-75323ba [ NvrCore] ThreadPool.cpp:466 CreateUtilizationReports : file master thread utilization : %0 awaiting task count in queue 0
2026-07-21 17:22:18.429 I HEAD-75323ba [ NvrCore] ThreadPool.cpp:467 CreateUtilizationReports : file slave thread utilization :%0 awaiting task count in queue 0
2026-07-21 17:22:18.429 I HEAD-75323ba [ NvrCore] ThreadPool.cpp:468 CreateUtilizationReports : ptz thread utilization : %0 awaiting task count in queue 0
2026-07-21 17:22:18.429 I HEAD-75323ba [ NvrCore] ThreadPool.cpp:472 CreateUtilizationReports : standard task 0 thread utilization : %0 awaiting task count in queue 0
2026-07-21 17:22:18.429 I HEAD-75323ba [ NvrCore] ThreadPool.cpp:472 CreateUtilizationReports : standard task 1 thread utilization : %0 awaiting task count in queue 0
2026-07-21 17:22:18.429 I HEAD-75323ba [ NvrCore] ThreadPool.cpp:472 CreateUtilizationReports : standard task 2 thread utilization : %0 awaiting task count in queue 0
2026-07-21 17:22:18.429 I HEAD-75323ba [ NvrCore] ThreadPool.cpp:472 CreateUtilizationReports : standard task 3 thread utilization : %0 awaiting task count in queue 0
2026-07-21 17:22:18.429 I HEAD-75323ba [ NvrCore] ThreadPool.cpp:476 CreateUtilizationReports : preview cache task 0 thread utilization : %0 awaiting task count in queue 0
2026-07-21 17:22:18.429 I HEAD-75323ba [ NvrCore] ThreadPool.cpp:476 CreateUtilizationReports : preview cache task 1 thread utilization : %0 awaiting task count in queue 0
2026-07-21 17:22:18.430 I HEAD-75323ba [ NvrCore] ThreadPool.cpp:483 CreateUtilizationReports : Event Loop thread [0] thread utilization : %0
2026-07-21 17:22:18.430 I HEAD-75323ba [ NvrCore] ThreadPool.cpp:483 CreateUtilizationReports : Event Loop thread [1] thread utilization : %0
2026-07-21 17:22:18.430 I HEAD-75323ba [ NvrCore] main.cpp:232 operator() : Create thread utilization reports end ...
2026-07-21 17:22:21.611 W HEAD-75323ba [ event poller 1] EventPoller.cpp:511 getMinDelay : Total 6 delay tasks found, we will flush them
2026-07-21 17:22:21.721 I HEAD-75323ba [ event poller 0] EventPoller.cpp:228 async_l : Epoll Async Task Size : 1
2026-07-21 17:22:23.431 I HEAD-75323ba [ NvrCore] ThreadPool.cpp:464 CreateUtilizationReports : Thread utilization report :
2026-07-21 17:22:23.431 I HEAD-75323ba [ NvrCore] ThreadPool.cpp:465 CreateUtilizationReports : db thread utilization : %0 awaiting task count in queue 0
2026-07-21 17:22:23.431 I HEAD-75323ba [ NvrCore] ThreadPool.cpp:466 CreateUtilizationReports : file master thread utilization : %0 awaiting task count in queue 0
2026-07-21 17:22:23.431 I HEAD-75323ba [ NvrCore] ThreadPool.cpp:467 CreateUtilizationReports : file slave thread utilization :%0 awaiting task count in queue 0
2026-07-21 17:22:23.431 I HEAD-75323ba [ NvrCore] ThreadPool.cpp:468 CreateUtilizationReports : ptz thread utilization : %0 awaiting task count in queue 0
2026-07-21 17:22:23.431 I HEAD-75323ba [ NvrCore] ThreadPool.cpp:472 CreateUtilizationReports : standard task 0 thread utilization : %0 awaiting task count in queue 0
2026-07-21 17:22:23.431 I HEAD-75323ba [ NvrCore] ThreadPool.cpp:472 CreateUtilizationReports : standard task 1 thread utilization : %0 awaiting task count in queue 0
2026-07-21 17:22:23.431 I HEAD-75323ba [ NvrCore] ThreadPool.cpp:472 CreateUtilizationReports : standard task 2 thread utilization : %0 awaiting task count in queue 0
2026-07-21 17:22:23.431 I HEAD-75323ba [ NvrCore] ThreadPool.cpp:472 CreateUtilizationReports : standard task 3 thread utilization : %0 awaiting task count in queue 0
2026-07-21 17:22:23.431 I HEAD-75323ba [ NvrCore] ThreadPool.cpp:476 CreateUtilizationReports : preview cache task 0 thread utilization : %0 awaiting task count in queue 0
2026-07-21 17:22:23.431 I HEAD-75323ba [ NvrCore] ThreadPool.cpp:476 CreateUtilizationReports : preview cache task 1 thread utilization : %0 awaiting task count in queue 0
2026-07-21 17:22:23.431 I HEAD-75323ba [ NvrCore] ThreadPool.cpp:483 CreateUtilizationReports : Event Loop thread [0] thread utilization : %0
2026-07-21 17:22:23.431 I HEAD-75323ba [ NvrCore] ThreadPool.cpp:483 CreateUtilizationReports : Event Loop thread [1] thread utilization : %0
2026-07-21 17:22:23.431 I HEAD-75323ba [ NvrCore] main.cpp:232 operator() : Create thread utilization reports end ...
2026-07-21 17:22:25.614 W HEAD-75323ba [ event poller 1] EventPoller.cpp:511 getMinDelay : Total 6 delay tasks found, we will flush them
2026-07-21 17:22:25.723 I HEAD-75323ba [ event poller 0] EventPoller.cpp:228 async_l : Epoll Async Task Size : 1
2026-07-21 17:22:28.431 I HEAD-75323ba [ NvrCore] ThreadPool.cpp:464 CreateUtilizationReports : Thread utilization report :
2026-07-21 17:22:28.431 I HEAD-75323ba [ NvrCore] ThreadPool.cpp:465 CreateUtilizationReports : db thread utilization : %0 awaiting task count in queue 0
2026-07-21 17:22:28.431 I HEAD-75323ba [ NvrCore] ThreadPool.cpp:466 CreateUtilizationReports : file master thread utilization : %0 awaiting task count in queue 0
2026-07-21 17:22:28.431 I HEAD-75323ba [ NvrCore] ThreadPool.cpp:467 CreateUtilizationReports : file slave thread utilization :%0 awaiting task count in queue 0
2026-07-21 17:22:28.431 I HEAD-75323ba [ NvrCore] ThreadPool.cpp:468 CreateUtilizationReports : ptz thread utilization : %0 awaiting task count in queue 0
2026-07-21 17:22:28.431 I HEAD-75323ba [ NvrCore] ThreadPool.cpp:472 CreateUtilizationReports : standard task 0 thread utilization : %0 awaiting task count in queue 0
2026-07-21 17:22:28.431 I HEAD-75323ba [ NvrCore] ThreadPool.cpp:472 CreateUtilizationReports : standard task 1 thread utilization : %0 awaiting task count in queue 0
2026-07-21 17:22:28.431 I HEAD-75323ba [ NvrCore] ThreadPool.cpp:472 CreateUtilizationReports : standard task 2 thread utilization : %0 awaiting task count in queue 0
2026-07-21 17:22:28.431 I HEAD-75323ba [ NvrCore] ThreadPool.cpp:472 CreateUtilizationReports : standard task 3 thread utilization : %0 awaiting task count in queue 0
2026-07-21 17:22:28.431 I HEAD-75323ba [ NvrCore] ThreadPool.cpp:476 CreateUtilizationReports : preview cache task 0 thread utilization : %0 awaiting task count in queue 0
2026-07-21 17:22:28.431 I HEAD-75323ba [ NvrCore] ThreadPool.cpp:476 CreateUtilizationReports : preview cache task 1 thread utilization : %0 awaiting task count in queue 0
2026-07-21 17:22:28.431 I HEAD-75323ba [ NvrCore] ThreadPool.cpp:483 CreateUtilizationReports : Event Loop thread [0] thread utilization : %0
2026-07-21 17:22:28.431 I HEAD-75323ba [ NvrCore] ThreadPool.cpp:483 CreateUtilizationReports : Event Loop thread [1] thread utilization : %0
2026-07-21 17:22:28.431 I HEAD-75323ba [ NvrCore] main.cpp:232 operator() : Create thread utilization reports end ...
2026-07-21 17:22:29.617 W HEAD-75323ba [ event poller 1] EventPoller.cpp:511 getMinDelay : Total 6 delay tasks found, we will flush them
2026-07-21 17:22:29.727 I HEAD-75323ba [ event poller 0] EventPoller.cpp:228 async_l : Epoll Async Task Size : 1
2026-07-21 17:22:33.379 W HEAD-75323ba [ event poller 1] EventPoller.cpp:511 getMinDelay : Total 6 delay tasks found, we will flush them
2026-07-21 17:22:33.379 W HEAD-75323ba [ NvrCore] main.cpp:177 operator() : ======================= [Sys run : Day = 0 , Hour = 0 , Min= 8 , Sec= 0 ]========================= 
2026-07-21 17:22:33.430 I HEAD-75323ba [ NvrCore] ThreadPool.cpp:464 CreateUtilizationReports : Thread utilization report :
2026-07-21 17:22:33.430 I HEAD-75323ba [ NvrCore] ThreadPool.cpp:465 CreateUtilizationReports : db thread utilization : %0 awaiting task count in queue 0
2026-07-21 17:22:33.430 I HEAD-75323ba [ NvrCore] ThreadPool.cpp:466 CreateUtilizationReports : file master thread utilization : %0 awaiting task count in queue 0
2026-07-21 17:22:33.430 I HEAD-75323ba [ NvrCore] ThreadPool.cpp:467 CreateUtilizationReports : file slave thread utilization :%0 awaiting task count in queue 0
2026-07-21 17:22:33.430 I HEAD-75323ba [ NvrCore] ThreadPool.cpp:468 CreateUtilizationReports : ptz thread utilization : %0 awaiting task count in queue 0
2026-07-21 17:22:33.430 I HEAD-75323ba [ NvrCore] ThreadPool.cpp:472 CreateUtilizationReports : standard task 0 thread utilization : %0 awaiting task count in queue 0
2026-07-21 17:22:33.430 I HEAD-75323ba [ NvrCore] ThreadPool.cpp:472 CreateUtilizationReports : standard task 1 thread utilization : %0 awaiting task count in queue 0
2026-07-21 17:22:33.430 I HEAD-75323ba [ NvrCore] ThreadPool.cpp:472 CreateUtilizationReports : standard task 2 thread utilization : %0 awaiting task count in queue 0
2026-07-21 17:22:33.430 I HEAD-75323ba [ NvrCore] ThreadPool.cpp:472 CreateUtilizationReports : standard task 3 thread utilization : %0 awaiting task count in queue 0
2026-07-21 17:22:33.430 I HEAD-75323ba [ NvrCore] ThreadPool.cpp:476 CreateUtilizationReports : preview cache task 0 thread utilization : %0 awaiting task count in queue 0
2026-07-21 17:22:33.430 I HEAD-75323ba [ NvrCore] ThreadPool.cpp:476 CreateUtilizationReports : preview cache task 1 thread utilization : %0 awaiting task count in queue 0
2026-07-21 17:22:33.430 I HEAD-75323ba [ NvrCore] ThreadPool.cpp:483 CreateUtilizationReports : Event Loop thread [0] thread utilization : %0
2026-07-21 17:22:33.430 I HEAD-75323ba [ NvrCore] ThreadPool.cpp:483 CreateUtilizationReports : Event Loop thread [1] thread utilization : %0
2026-07-21 17:22:33.430 I HEAD-75323ba [ NvrCore] main.cpp:232 operator() : Create thread utilization reports end ...
2026-07-21 17:22:33.729 I HEAD-75323ba [ event poller 0] EventPoller.cpp:228 async_l : Epoll Async Task Size : 1
2026-07-21 17:22:37.623 W HEAD-75323ba [ event poller 1] EventPoller.cpp:511 getMinDelay : Total 6 delay tasks found, we will flush them
2026-07-21 17:22:37.734 I HEAD-75323ba [ event poller 0] EventPoller.cpp:228 async_l : Epoll Async Task Size : 1
2026-07-21 17:22:38.430 I HEAD-75323ba [ NvrCore] ThreadPool.cpp:464 CreateUtilizationReports : Thread utilization report :
2026-07-21 17:22:38.431 I HEAD-75323ba [ NvrCore] ThreadPool.cpp:465 CreateUtilizationReports : db thread utilization : %0 awaiting task count in queue 0
2026-07-21 17:22:38.431 I HEAD-75323ba [ NvrCore] ThreadPool.cpp:466 CreateUtilizationReports : file master thread utilization : %0 awaiting task count in queue 0
2026-07-21 17:22:38.431 I HEAD-75323ba [ NvrCore] ThreadPool.cpp:467 CreateUtilizationReports : file slave thread utilization :%0 awaiting task count in queue 0
2026-07-21 17:22:38.431 I HEAD-75323ba [ NvrCore] ThreadPool.cpp:468 CreateUtilizationReports : ptz thread utilization : %0 awaiting task count in queue 0
2026-07-21 17:22:38.431 I HEAD-75323ba [ NvrCore] ThreadPool.cpp:472 CreateUtilizationReports : standard task 0 thread utilization : %0 awaiting task count in queue 0
2026-07-21 17:22:38.431 I HEAD-75323ba [ NvrCore] ThreadPool.cpp:472 CreateUtilizationReports : standard task 1 thread utilization : %0 awaiting task count in queue 0
2026-07-21 17:22:38.431 I HEAD-75323ba [ NvrCore] ThreadPool.cpp:472 CreateUtilizationReports : standard task 2 thread utilization : %0 awaiting task count in queue 0
2026-07-21 17:22:38.431 I HEAD-75323ba [ NvrCore] ThreadPool.cpp:472 CreateUtilizationReports : standard task 3 thread utilization : %0 awaiting task count in queue 0
2026-07-21 17:22:38.431 I HEAD-75323ba [ NvrCore] ThreadPool.cpp:476 CreateUtilizationReports : preview cache task 0 thread utilization : %0 awaiting task count in queue 0
2026-07-21 17:22:38.431 I HEAD-75323ba [ NvrCore] ThreadPool.cpp:476 CreateUtilizationReports : preview cache task 1 thread utilization : %0 awaiting task count in queue 0
2026-07-21 17:22:38.431 I HEAD-75323ba [ NvrCore] ThreadPool.cpp:483 CreateUtilizationReports : Event Loop thread [0] thread utilization : %0
2026-07-21 17:22:38.431 I HEAD-75323ba [ NvrCore] ThreadPool.cpp:483 CreateUtilizationReports : Event Loop thread [1] thread utilization : %0
2026-07-21 17:22:38.431 I HEAD-75323ba [ NvrCore] main.cpp:232 operator() : Create thread utilization reports end ...
2026-07-21 17:22:41.626 W HEAD-75323ba [ event poller 1] EventPoller.cpp:511 getMinDelay : Total 6 delay tasks found, we will flush them
2026-07-21 17:22:41.738 I HEAD-75323ba [ event poller 0] EventPoller.cpp:228 async_l : Epoll Async Task Size : 1
2026-07-21 17:22:43.433 I HEAD-75323ba [ NvrCore] ThreadPool.cpp:464 CreateUtilizationReports : Thread utilization report :
2026-07-21 17:22:43.433 I HEAD-75323ba [ NvrCore] ThreadPool.cpp:465 CreateUtilizationReports : db thread utilization : %0 awaiting task count in queue 0
2026-07-21 17:22:43.433 I HEAD-75323ba [ NvrCore] ThreadPool.cpp:466 CreateUtilizationReports : file master thread utilization : %0 awaiting task count in queue 0
2026-07-21 17:22:43.433 I HEAD-75323ba [ NvrCore] ThreadPool.cpp:467 CreateUtilizationReports : file slave thread utilization :%0 awaiting task count in queue 0
2026-07-21 17:22:43.433 I HEAD-75323ba [ NvrCore] ThreadPool.cpp:468 CreateUtilizationReports : ptz thread utilization : %0 awaiting task count in queue 0
2026-07-21 17:22:43.433 I HEAD-75323ba [ NvrCore] ThreadPool.cpp:472 CreateUtilizationReports : standard task 0 thread utilization : %0 awaiting task count in queue 0
2026-07-21 17:22:43.433 I HEAD-75323ba [ NvrCore] ThreadPool.cpp:472 CreateUtilizationReports : standard task 1 thread utilization : %0 awaiting task count in queue 0
2026-07-21 17:22:43.433 I HEAD-75323ba [ NvrCore] ThreadPool.cpp:472 CreateUtilizationReports : standard task 2 thread utilization : %0 awaiting task count in queue 0
2026-07-21 17:22:43.433 I HEAD-75323ba [ NvrCore] ThreadPool.cpp:472 CreateUtilizationReports : standard task 3 thread utilization : %0 awaiting task count in queue 0
2026-07-21 17:22:43.433 I HEAD-75323ba [ NvrCore] ThreadPool.cpp:476 CreateUtilizationReports : preview cache task 0 thread utilization : %0 awaiting task count in queue 0
2026-07-21 17:22:43.433 I HEAD-75323ba [ NvrCore] ThreadPool.cpp:476 CreateUtilizationReports : preview cache task 1 thread utilization : %0 awaiting task count in queue 0
2026-07-21 17:22:43.433 I HEAD-75323ba [ NvrCore] ThreadPool.cpp:483 CreateUtilizationReports : Event Loop thread [0] thread utilization : %0
2026-07-21 17:22:43.433 I HEAD-75323ba [ NvrCore] ThreadPool.cpp:483 CreateUtilizationReports : Event Loop thread [1] thread utilization : %0
2026-07-21 17:22:43.433 I HEAD-75323ba [ NvrCore] main.cpp:232 operator() : Create thread utilization reports end ...
2026-07-21 17:22:45.628 W HEAD-75323ba [ event poller 1] EventPoller.cpp:511 getMinDelay : Total 6 delay tasks found, we will flush them
2026-07-21 17:22:45.740 I HEAD-75323ba [ event poller 0] EventPoller.cpp:228 async_l : Epoll Async Task Size : 1
2026-07-21 17:22:48.433 I HEAD-75323ba [ NvrCore] ThreadPool.cpp:464 CreateUtilizationReports : Thread utilization report :
2026-07-21 17:22:48.433 I HEAD-75323ba [ NvrCore] ThreadPool.cpp:465 CreateUtilizationReports : db thread utilization : %0 awaiting task count in queue 0
2026-07-21 17:22:48.433 I HEAD-75323ba [ NvrCore] ThreadPool.cpp:466 CreateUtilizationReports : file master thread utilization : %0 awaiting task count in queue 0
2026-07-21 17:22:48.433 I HEAD-75323ba [ NvrCore] ThreadPool.cpp:467 CreateUtilizationReports : file slave thread utilization :%0 awaiting task count in queue 0
2026-07-21 17:22:48.433 I HEAD-75323ba [ NvrCore] ThreadPool.cpp:468 CreateUtilizationReports : ptz thread utilization : %0 awaiting task count in queue 0
2026-07-21 17:22:48.433 I HEAD-75323ba [ NvrCore] ThreadPool.cpp:472 CreateUtilizationReports : standard task 0 thread utilization : %0 awaiting task count in queue 0
2026-07-21 17:22:48.433 I HEAD-75323ba [ NvrCore] ThreadPool.cpp:472 CreateUtilizationReports : standard task 1 thread utilization : %0 awaiting task count in queue 0
2026-07-21 17:22:48.433 I HEAD-75323ba [ NvrCore] ThreadPool.cpp:472 CreateUtilizationReports : standard task 2 thread utilization : %0 awaiting task count in queue 0
2026-07-21 17:22:48.433 I HEAD-75323ba [ NvrCore] ThreadPool.cpp:472 CreateUtilizationReports : standard task 3 thread utilization : %0 awaiting task count in queue 0
2026-07-21 17:22:48.433 I HEAD-75323ba [ NvrCore] ThreadPool.cpp:476 CreateUtilizationReports : preview cache task 0 thread utilization : %0 awaiting task count in queue 0
2026-07-21 17:22:48.433 I HEAD-75323ba [ NvrCore] ThreadPool.cpp:476 CreateUtilizationReports : preview cache task 1 thread utilization : %0 awaiting task count in queue 0
2026-07-21 17:22:48.433 I HEAD-75323ba [ NvrCore] ThreadPool.cpp:483 CreateUtilizationReports : Event Loop thread [0] thread utilization : %0
2026-07-21 17:22:48.433 I HEAD-75323ba [ NvrCore] ThreadPool.cpp:483 CreateUtilizationReports : Event Loop thread [1] thread utilization : %0
2026-07-21 17:22:48.433 I HEAD-75323ba [ NvrCore] main.cpp:232 operator() : Create thread utilization reports end ...
2026-07-21 17:22:49.631 W HEAD-75323ba [ event poller 1] EventPoller.cpp:511 getMinDelay : Total 6 delay tasks found, we will flush them
2026-07-21 17:22:49.743 I HEAD-75323ba [ event poller 0] EventPoller.cpp:228 async_l : Epoll Async Task Size : 1
2026-07-21 17:22:53.435 W HEAD-75323ba [ event poller 1] EventPoller.cpp:511 getMinDelay : Total 6 delay tasks found, we will flush them
2026-07-21 17:22:53.435 I HEAD-75323ba [ NvrCore] ThreadPool.cpp:464 CreateUtilizationReports : Thread utilization report :
2026-07-21 17:22:53.435 I HEAD-75323ba [ NvrCore] ThreadPool.cpp:465 CreateUtilizationReports : db thread utilization : %0 awaiting task count in queue 0
2026-07-21 17:22:53.435 I HEAD-75323ba [ NvrCore] ThreadPool.cpp:466 CreateUtilizationReports : file master thread utilization : %0 awaiting task count in queue 0
2026-07-21 17:22:53.435 I HEAD-75323ba [ NvrCore] ThreadPool.cpp:467 CreateUtilizationReports : file slave thread utilization :%0 awaiting task count in queue 0
2026-07-21 17:22:53.435 I HEAD-75323ba [ NvrCore] ThreadPool.cpp:468 CreateUtilizationReports : ptz thread utilization : %0 awaiting task count in queue 0
2026-07-21 17:22:53.435 I HEAD-75323ba [ NvrCore] ThreadPool.cpp:472 CreateUtilizationReports : standard task 0 thread utilization : %0 awaiting task count in queue 0
2026-07-21 17:22:53.435 I HEAD-75323ba [ NvrCore] ThreadPool.cpp:472 CreateUtilizationReports : standard task 1 thread utilization : %0 awaiting task count in queue 0
2026-07-21 17:22:53.435 I HEAD-75323ba [ NvrCore] ThreadPool.cpp:472 CreateUtilizationReports : standard task 2 thread utilization : %0 awaiting task count in queue 0
2026-07-21 17:22:53.435 I HEAD-75323ba [ NvrCore] ThreadPool.cpp:472 CreateUtilizationReports : standard task 3 thread utilization : %0 awaiting task count in queue 0
2026-07-21 17:22:53.435 I HEAD-75323ba [ NvrCore] ThreadPool.cpp:476 CreateUtilizationReports : preview cache task 0 thread utilization : %0 awaiting task count in queue 0
2026-07-21 17:22:53.435 I HEAD-75323ba [ NvrCore] ThreadPool.cpp:476 CreateUtilizationReports : preview cache task 1 thread utilization : %0 awaiting task count in queue 0
2026-07-21 17:22:53.435 I HEAD-75323ba [ NvrCore] ThreadPool.cpp:483 CreateUtilizationReports : Event Loop thread [0] thread utilization : %0
2026-07-21 17:22:53.435 I HEAD-75323ba [ NvrCore] ThreadPool.cpp:483 CreateUtilizationReports : Event Loop thread [1] thread utilization : %0
2026-07-21 17:22:53.435 I HEAD-75323ba [ NvrCore] main.cpp:232 operator() : Create thread utilization reports end ...
2026-07-21 17:22:53.743 I HEAD-75323ba [ event poller 0] EventPoller.cpp:228 async_l : Epoll Async Task Size : 1
2026-07-21 17:22:57.637 W HEAD-75323ba [ event poller 1] EventPoller.cpp:511 getMinDelay : Total 6 delay tasks found, we will flush them
2026-07-21 17:22:57.747 I HEAD-75323ba [ event poller 0] EventPoller.cpp:228 async_l : Epoll Async Task Size : 1
2026-07-21 17:22:58.435 I HEAD-75323ba [ NvrCore] ThreadPool.cpp:464 CreateUtilizationReports : Thread utilization report :
2026-07-21 17:22:58.435 I HEAD-75323ba [ NvrCore] ThreadPool.cpp:465 CreateUtilizationReports : db thread utilization : %0 awaiting task count in queue 0
2026-07-21 17:22:58.435 I HEAD-75323ba [ NvrCore] ThreadPool.cpp:466 CreateUtilizationReports : file master thread utilization : %0 awaiting task count in queue 0
2026-07-21 17:22:58.435 I HEAD-75323ba [ NvrCore] ThreadPool.cpp:467 CreateUtilizationReports : file slave thread utilization :%0 awaiting task count in queue 0
2026-07-21 17:22:58.435 I HEAD-75323ba [ NvrCore] ThreadPool.cpp:468 CreateUtilizationReports : ptz thread utilization : %0 awaiting task count in queue 0
2026-07-21 17:22:58.435 I HEAD-75323ba [ NvrCore] ThreadPool.cpp:472 CreateUtilizationReports : standard task 0 thread utilization : %0 awaiting task count in queue 0
2026-07-21 17:22:58.435 I HEAD-75323ba [ NvrCore] ThreadPool.cpp:472 CreateUtilizationReports : standard task 1 thread utilization : %0 awaiting task count in queue 0
2026-07-21 17:22:58.435 I HEAD-75323ba [ NvrCore] ThreadPool.cpp:472 CreateUtilizationReports : standard task 2 thread utilization : %0 awaiting task count in queue 0
2026-07-21 17:22:58.435 I HEAD-75323ba [ NvrCore] ThreadPool.cpp:472 CreateUtilizationReports : standard task 3 thread utilization : %0 awaiting task count in queue 0
2026-07-21 17:22:58.435 I HEAD-75323ba [ NvrCore] ThreadPool.cpp:476 CreateUtilizationReports : preview cache task 0 thread utilization : %0 awaiting task count in queue 0
2026-07-21 17:22:58.435 I HEAD-75323ba [ NvrCore] ThreadPool.cpp:476 CreateUtilizationReports : preview cache task 1 thread utilization : %0 awaiting task count in queue 0
2026-07-21 17:22:58.435 I HEAD-75323ba [ NvrCore] ThreadPool.cpp:483 CreateUtilizationReports : Event Loop thread [0] thread utilization : %0
2026-07-21 17:22:58.435 I HEAD-75323ba [ NvrCore] ThreadPool.cpp:483 CreateUtilizationReports : Event Loop thread [1] thread utilization : %0
2026-07-21 17:22:58.435 I HEAD-75323ba [ NvrCore] main.cpp:232 operator() : Create thread utilization reports end ...
2026-07-21 17:23:01.640 W HEAD-75323ba [ event poller 1] EventPoller.cpp:511 getMinDelay : Total 6 delay tasks found, we will flush them
2026-07-21 17:23:01.751 I HEAD-75323ba [ event poller 0] EventPoller.cpp:228 async_l : Epoll Async Task Size : 1
2026-07-21 17:23:03.380 W HEAD-75323ba [ NvrCore] main.cpp:177 operator() : ======================= [Sys run : Day = 0 , Hour = 0 , Min= 8 , Sec= 30 ]========================= 
2026-07-21 17:23:03.436 I HEAD-75323ba [ NvrCore] ThreadPool.cpp:464 CreateUtilizationReports : Thread utilization report :
2026-07-21 17:23:03.436 I HEAD-75323ba [ NvrCore] ThreadPool.cpp:465 CreateUtilizationReports : db thread utilization : %0 awaiting task count in queue 0
2026-07-21 17:23:03.436 I HEAD-75323ba [ NvrCore] ThreadPool.cpp:466 CreateUtilizationReports : file master thread utilization : %0 awaiting task count in queue 0
2026-07-21 17:23:03.436 I HEAD-75323ba [ NvrCore] ThreadPool.cpp:467 CreateUtilizationReports : file slave thread utilization :%0 awaiting task count in queue 0
2026-07-21 17:23:03.436 I HEAD-75323ba [ NvrCore] ThreadPool.cpp:468 CreateUtilizationReports : ptz thread utilization : %0 awaiting task count in queue 0
2026-07-21 17:23:03.436 I HEAD-75323ba [ NvrCore] ThreadPool.cpp:472 CreateUtilizationReports : standard task 0 thread utilization : %0 awaiting task count in queue 0
2026-07-21 17:23:03.436 I HEAD-75323ba [ NvrCore] ThreadPool.cpp:472 CreateUtilizationReports : standard task 1 thread utilization : %0 awaiting task count in queue 0
2026-07-21 17:23:03.436 I HEAD-75323ba [ NvrCore] ThreadPool.cpp:472 CreateUtilizationReports : standard task 2 thread utilization : %0 awaiting task count in queue 0
2026-07-21 17:23:03.436 I HEAD-75323ba [ NvrCore] ThreadPool.cpp:472 CreateUtilizationReports : standard task 3 thread utilization : %0 awaiting task count in queue 0
2026-07-21 17:23:03.436 I HEAD-75323ba [ NvrCore] ThreadPool.cpp:476 CreateUtilizationReports : preview cache task 0 thread utilization : %0 awaiting task count in queue 0
2026-07-21 17:23:03.436 I HEAD-75323ba [ NvrCore] ThreadPool.cpp:476 CreateUtilizationReports : preview cache task 1 thread utilization : %0 awaiting task count in queue 0
2026-07-21 17:23:03.436 I HEAD-75323ba [ NvrCore] ThreadPool.cpp:483 CreateUtilizationReports : Event Loop thread [0] thread utilization : %0
2026-07-21 17:23:03.436 I HEAD-75323ba [ NvrCore] ThreadPool.cpp:483 CreateUtilizationReports : Event Loop thread [1] thread utilization : %0
2026-07-21 17:23:03.436 I HEAD-75323ba [ NvrCore] main.cpp:232 operator() : Create thread utilization reports end ...
2026-07-21 17:23:05.643 W HEAD-75323ba [ event poller 1] EventPoller.cpp:511 getMinDelay : Total 6 delay tasks found, we will flush them
2026-07-21 17:23:05.754 I HEAD-75323ba [ event poller 0] EventPoller.cpp:228 async_l : Epoll Async Task Size : 1
2026-07-21 17:23:08.436 I HEAD-75323ba [ NvrCore] ThreadPool.cpp:464 CreateUtilizationReports : Thread utilization report :
2026-07-21 17:23:08.436 I HEAD-75323ba [ NvrCore] ThreadPool.cpp:465 CreateUtilizationReports : db thread utilization : %0 awaiting task count in queue 0
2026-07-21 17:23:08.436 I HEAD-75323ba [ NvrCore] ThreadPool.cpp:466 CreateUtilizationReports : file master thread utilization : %0 awaiting task count in queue 0
2026-07-21 17:23:08.436 I HEAD-75323ba [ NvrCore] ThreadPool.cpp:467 CreateUtilizationReports : file slave thread utilization :%0 awaiting task count in queue 0
2026-07-21 17:23:08.436 I HEAD-75323ba [ NvrCore] ThreadPool.cpp:468 CreateUtilizationReports : ptz thread utilization : %0 awaiting task count in queue 0
2026-07-21 17:23:08.436 I HEAD-75323ba [ NvrCore] ThreadPool.cpp:472 CreateUtilizationReports : standard task 0 thread utilization : %0 awaiting task count in queue 0
2026-07-21 17:23:08.436 I HEAD-75323ba [ NvrCore] ThreadPool.cpp:472 CreateUtilizationReports : standard task 1 thread utilization : %0 awaiting task count in queue 0
2026-07-21 17:23:08.436 I HEAD-75323ba [ NvrCore] ThreadPool.cpp:472 CreateUtilizationReports : standard task 2 thread utilization : %0 awaiting task count in queue 0
2026-07-21 17:23:08.436 I HEAD-75323ba [ NvrCore] ThreadPool.cpp:472 CreateUtilizationReports : standard task 3 thread utilization : %0 awaiting task count in queue 0
2026-07-21 17:23:08.436 I HEAD-75323ba [ NvrCore] ThreadPool.cpp:476 CreateUtilizationReports : preview cache task 0 thread utilization : %0 awaiting task count in queue 0
2026-07-21 17:23:08.436 I HEAD-75323ba [ NvrCore] ThreadPool.cpp:476 CreateUtilizationReports : preview cache task 1 thread utilization : %0 awaiting task count in queue 0
2026-07-21 17:23:08.436 I HEAD-75323ba [ NvrCore] ThreadPool.cpp:483 CreateUtilizationReports : Event Loop thread [0] thread utilization : %0
2026-07-21 17:23:08.436 I HEAD-75323ba [ NvrCore] ThreadPool.cpp:483 CreateUtilizationReports : Event Loop thread [1] thread utilization : %0
2026-07-21 17:23:08.436 I HEAD-75323ba [ NvrCore] main.cpp:232 operator() : Create thread utilization reports end ...
2026-07-21 17:23:09.646 W HEAD-75323ba [ event poller 1] EventPoller.cpp:511 getMinDelay : Total 6 delay tasks found, we will flush them
2026-07-21 17:23:09.758 I HEAD-75323ba [ event poller 0] EventPoller.cpp:228 async_l : Epoll Async Task Size : 1
2026-07-21 17:23:13.438 W HEAD-75323ba [ event poller 1] EventPoller.cpp:511 getMinDelay : Total 6 delay tasks found, we will flush them
2026-07-21 17:23:13.438 I HEAD-75323ba [ NvrCore] ThreadPool.cpp:464 CreateUtilizationReports : Thread utilization report :
2026-07-21 17:23:13.438 I HEAD-75323ba [ NvrCore] ThreadPool.cpp:465 CreateUtilizationReports : db thread utilization : %0 awaiting task count in queue 0
2026-07-21 17:23:13.438 I HEAD-75323ba [ NvrCore] ThreadPool.cpp:466 CreateUtilizationReports : file master thread utilization : %0 awaiting task count in queue 0
2026-07-21 17:23:13.438 I HEAD-75323ba [ NvrCore] ThreadPool.cpp:467 CreateUtilizationReports : file slave thread utilization :%0 awaiting task count in queue 0
2026-07-21 17:23:13.438 I HEAD-75323ba [ NvrCore] ThreadPool.cpp:468 CreateUtilizationReports : ptz thread utilization : %0 awaiting task count in queue 0
2026-07-21 17:23:13.438 I HEAD-75323ba [ NvrCore] ThreadPool.cpp:472 CreateUtilizationReports : standard task 0 thread utilization : %0 awaiting task count in queue 0
2026-07-21 17:23:13.438 I HEAD-75323ba [ NvrCore] ThreadPool.cpp:472 CreateUtilizationReports : standard task 1 thread utilization : %0 awaiting task count in queue 0
2026-07-21 17:23:13.438 I HEAD-75323ba [ NvrCore] ThreadPool.cpp:472 CreateUtilizationReports : standard task 2 thread utilization : %0 awaiting task count in queue 0
2026-07-21 17:23:13.438 I HEAD-75323ba [ NvrCore] ThreadPool.cpp:472 CreateUtilizationReports : standard task 3 thread utilization : %0 awaiting task count in queue 0
2026-07-21 17:23:13.438 I HEAD-75323ba [ NvrCore] ThreadPool.cpp:476 CreateUtilizationReports : preview cache task 0 thread utilization : %0 awaiting task count in queue 0
2026-07-21 17:23:13.438 I HEAD-75323ba [ NvrCore] ThreadPool.cpp:476 CreateUtilizationReports : preview cache task 1 thread utilization : %0 awaiting task count in queue 0
2026-07-21 17:23:13.438 I HEAD-75323ba [ NvrCore] ThreadPool.cpp:483 CreateUtilizationReports : Event Loop thread [0] thread utilization : %0
2026-07-21 17:23:13.438 I HEAD-75323ba [ NvrCore] ThreadPool.cpp:483 CreateUtilizationReports : Event Loop thread [1] thread utilization : %0
2026-07-21 17:23:13.438 I HEAD-75323ba [ NvrCore] main.cpp:232 operator() : Create thread utilization reports end ...
2026-07-21 17:23:13.760 I HEAD-75323ba [ event poller 0] EventPoller.cpp:228 async_l : Epoll Async Task Size : 1
2026-07-21 17:23:17.647 W HEAD-75323ba [ event poller 1] EventPoller.cpp:511 getMinDelay : Total 6 delay tasks found, we will flush them
2026-07-21 17:23:17.764 I HEAD-75323ba [ event poller 0] EventPoller.cpp:228 async_l : Epoll Async Task Size : 1
2026-07-21 17:23:18.439 I HEAD-75323ba [ NvrCore] ThreadPool.cpp:464 CreateUtilizationReports : Thread utilization report :
2026-07-21 17:23:18.439 I HEAD-75323ba [ NvrCore] ThreadPool.cpp:465 CreateUtilizationReports : db thread utilization : %0 awaiting task count in queue 0
2026-07-21 17:23:18.439 I HEAD-75323ba [ NvrCore] ThreadPool.cpp:466 CreateUtilizationReports : file master thread utilization : %0 awaiting task count in queue 0
2026-07-21 17:23:18.439 I HEAD-75323ba [ NvrCore] ThreadPool.cpp:467 CreateUtilizationReports : file slave thread utilization :%0 awaiting task count in queue 0
2026-07-21 17:23:18.439 I HEAD-75323ba [ NvrCore] ThreadPool.cpp:468 CreateUtilizationReports : ptz thread utilization : %0 awaiting task count in queue 0
2026-07-21 17:23:18.439 I HEAD-75323ba [ NvrCore] ThreadPool.cpp:472 CreateUtilizationReports : standard task 0 thread utilization : %0 awaiting task count in queue 0
2026-07-21 17:23:18.439 I HEAD-75323ba [ NvrCore] ThreadPool.cpp:472 CreateUtilizationReports : standard task 1 thread utilization : %1 awaiting task count in queue 0
2026-07-21 17:23:18.439 I HEAD-75323ba [ NvrCore] ThreadPool.cpp:472 CreateUtilizationReports : standard task 2 thread utilization : %0 awaiting task count in queue 0
2026-07-21 17:23:18.439 I HEAD-75323ba [ NvrCore] ThreadPool.cpp:472 CreateUtilizationReports : standard task 3 thread utilization : %0 awaiting task count in queue 0
2026-07-21 17:23:18.439 I HEAD-75323ba [ NvrCore] ThreadPool.cpp:476 CreateUtilizationReports : preview cache task 0 thread utilization : %0 awaiting task count in queue 0
2026-07-21 17:23:18.439 I HEAD-75323ba [ NvrCore] ThreadPool.cpp:476 CreateUtilizationReports : preview cache task 1 thread utilization : %0 awaiting task count in queue 0
2026-07-21 17:23:18.439 I HEAD-75323ba [ NvrCore] ThreadPool.cpp:483 CreateUtilizationReports : Event Loop thread [0] thread utilization : %0
2026-07-21 17:23:18.439 I HEAD-75323ba [ NvrCore] ThreadPool.cpp:483 CreateUtilizationReports : Event Loop thread [1] thread utilization : %0
2026-07-21 17:23:18.439 I HEAD-75323ba [ NvrCore] main.cpp:232 operator() : Create thread utilization reports end ...
2026-07-21 17:23:21.648 W HEAD-75323ba [ event poller 1] EventPoller.cpp:511 getMinDelay : Total 6 delay tasks found, we will flush them
2026-07-21 17:23:21.768 I HEAD-75323ba [ event poller 0] EventPoller.cpp:228 async_l : Epoll Async Task Size : 1
2026-07-21 17:23:23.439 I HEAD-75323ba [ NvrCore] ThreadPool.cpp:464 CreateUtilizationReports : Thread utilization report :
2026-07-21 17:23:23.439 I HEAD-75323ba [ NvrCore] ThreadPool.cpp:465 CreateUtilizationReports : db thread utilization : %0 awaiting task count in queue 0
2026-07-21 17:23:23.439 I HEAD-75323ba [ NvrCore] ThreadPool.cpp:466 CreateUtilizationReports : file master thread utilization : %0 awaiting task count in queue 0
2026-07-21 17:23:23.439 I HEAD-75323ba [ NvrCore] ThreadPool.cpp:467 CreateUtilizationReports : file slave thread utilization :%0 awaiting task count in queue 0
2026-07-21 17:23:23.439 I HEAD-75323ba [ NvrCore] ThreadPool.cpp:468 CreateUtilizationReports : ptz thread utilization : %0 awaiting task count in queue 0
2026-07-21 17:23:23.439 I HEAD-75323ba [ NvrCore] ThreadPool.cpp:472 CreateUtilizationReports : standard task 0 thread utilization : %0 awaiting task count in queue 0
2026-07-21 17:23:23.439 I HEAD-75323ba [ NvrCore] ThreadPool.cpp:472 CreateUtilizationReports : standard task 1 thread utilization : %0 awaiting task count in queue 0
2026-07-21 17:23:23.439 I HEAD-75323ba [ NvrCore] ThreadPool.cpp:472 CreateUtilizationReports : standard task 2 thread utilization : %0 awaiting task count in queue 0
2026-07-21 17:23:23.439 I HEAD-75323ba [ NvrCore] ThreadPool.cpp:472 CreateUtilizationReports : standard task 3 thread utilization : %0 awaiting task count in queue 0
2026-07-21 17:23:23.439 I HEAD-75323ba [ NvrCore] ThreadPool.cpp:476 CreateUtilizationReports : preview cache task 0 thread utilization : %0 awaiting task count in queue 0
2026-07-21 17:23:23.439 I HEAD-75323ba [ NvrCore] ThreadPool.cpp:476 CreateUtilizationReports : preview cache task 1 thread utilization : %0 awaiting task count in queue 0
2026-07-21 17:23:23.439 I HEAD-75323ba [ NvrCore] ThreadPool.cpp:483 CreateUtilizationReports : Event Loop thread [0] thread utilization : %0
2026-07-21 17:23:23.439 I HEAD-75323ba [ NvrCore] ThreadPool.cpp:483 CreateUtilizationReports : Event Loop thread [1] thread utilization : %0
2026-07-21 17:23:23.439 I HEAD-75323ba [ NvrCore] main.cpp:232 operator() : Create thread utilization reports end ...
2026-07-21 17:23:25.649 W HEAD-75323ba [ event poller 1] EventPoller.cpp:511 getMinDelay : Total 6 delay tasks found, we will flush them
2026-07-21 17:23:25.771 I HEAD-75323ba [ event poller 0] EventPoller.cpp:228 async_l : Epoll Async Task Size : 1
2026-07-21 17:23:28.439 I HEAD-75323ba [ NvrCore] ThreadPool.cpp:464 CreateUtilizationReports : Thread utilization report :
2026-07-21 17:23:28.439 I HEAD-75323ba [ NvrCore] ThreadPool.cpp:465 CreateUtilizationReports : db thread utilization : %0 awaiting task count in queue 0
2026-07-21 17:23:28.439 I HEAD-75323ba [ NvrCore] ThreadPool.cpp:466 CreateUtilizationReports : file master thread utilization : %0 awaiting task count in queue 0
2026-07-21 17:23:28.439 I HEAD-75323ba [ NvrCore] ThreadPool.cpp:467 CreateUtilizationReports : file slave thread utilization :%0 awaiting task count in queue 0
2026-07-21 17:23:28.439 I HEAD-75323ba [ NvrCore] ThreadPool.cpp:468 CreateUtilizationReports : ptz thread utilization : %0 awaiting task count in queue 0
2026-07-21 17:23:28.439 I HEAD-75323ba [ NvrCore] ThreadPool.cpp:472 CreateUtilizationReports : standard task 0 thread utilization : %0 awaiting task count in queue 0
2026-07-21 17:23:28.439 I HEAD-75323ba [ NvrCore] ThreadPool.cpp:472 CreateUtilizationReports : standard task 1 thread utilization : %0 awaiting task count in queue 0
2026-07-21 17:23:28.439 I HEAD-75323ba [ NvrCore] ThreadPool.cpp:472 CreateUtilizationReports : standard task 2 thread utilization : %0 awaiting task count in queue 0
2026-07-21 17:23:28.439 I HEAD-75323ba [ NvrCore] ThreadPool.cpp:472 CreateUtilizationReports : standard task 3 thread utilization : %0 awaiting task count in queue 0
2026-07-21 17:23:28.439 I HEAD-75323ba [ NvrCore] ThreadPool.cpp:476 CreateUtilizationReports : preview cache task 0 thread utilization : %0 awaiting task count in queue 0
2026-07-21 17:23:28.439 I HEAD-75323ba [ NvrCore] ThreadPool.cpp:476 CreateUtilizationReports : preview cache task 1 thread utilization : %0 awaiting task count in queue 0
2026-07-21 17:23:28.439 I HEAD-75323ba [ NvrCore] ThreadPool.cpp:483 CreateUtilizationReports : Event Loop thread [0] thread utilization : %0
2026-07-21 17:23:28.439 I HEAD-75323ba [ NvrCore] ThreadPool.cpp:483 CreateUtilizationReports : Event Loop thread [1] thread utilization : %0
2026-07-21 17:23:28.439 I HEAD-75323ba [ NvrCore] main.cpp:232 operator() : Create thread utilization reports end ...
2026-07-21 17:23:29.650 W HEAD-75323ba [ event poller 1] EventPoller.cpp:511 getMinDelay : Total 6 delay tasks found, we will flush them
2026-07-21 17:23:29.775 I HEAD-75323ba [ event poller 0] EventPoller.cpp:228 async_l : Epoll Async Task Size : 1
2026-07-21 17:23:33.382 W HEAD-75323ba [ event poller 1] EventPoller.cpp:511 getMinDelay : Total 6 delay tasks found, we will flush them
2026-07-21 17:23:33.382 W HEAD-75323ba [ NvrCore] main.cpp:177 operator() : ======================= [Sys run : Day = 0 , Hour = 0 , Min= 9 , Sec= 0 ]========================= 
2026-07-21 17:23:33.440 I HEAD-75323ba [ NvrCore] ThreadPool.cpp:464 CreateUtilizationReports : Thread utilization report :
2026-07-21 17:23:33.440 I HEAD-75323ba [ NvrCore] ThreadPool.cpp:465 CreateUtilizationReports : db thread utilization : %0 awaiting task count in queue 0
2026-07-21 17:23:33.440 I HEAD-75323ba [ NvrCore] ThreadPool.cpp:466 CreateUtilizationReports : file master thread utilization : %0 awaiting task count in queue 0
2026-07-21 17:23:33.440 I HEAD-75323ba [ NvrCore] ThreadPool.cpp:467 CreateUtilizationReports : file slave thread utilization :%0 awaiting task count in queue 0
2026-07-21 17:23:33.440 I HEAD-75323ba [ NvrCore] ThreadPool.cpp:468 CreateUtilizationReports : ptz thread utilization : %0 awaiting task count in queue 0
2026-07-21 17:23:33.440 I HEAD-75323ba [ NvrCore] ThreadPool.cpp:472 CreateUtilizationReports : standard task 0 thread utilization : %0 awaiting task count in queue 0
2026-07-21 17:23:33.440 I HEAD-75323ba [ NvrCore] ThreadPool.cpp:472 CreateUtilizationReports : standard task 1 thread utilization : %0 awaiting task count in queue 0
2026-07-21 17:23:33.440 I HEAD-75323ba [ NvrCore] ThreadPool.cpp:472 CreateUtilizationReports : standard task 2 thread utilization : %0 awaiting task count in queue 0
2026-07-21 17:23:33.440 I HEAD-75323ba [ NvrCore] ThreadPool.cpp:472 CreateUtilizationReports : standard task 3 thread utilization : %0 awaiting task count in queue 0
2026-07-21 17:23:33.440 I HEAD-75323ba [ NvrCore] ThreadPool.cpp:476 CreateUtilizationReports : preview cache task 0 thread utilization : %0 awaiting task count in queue 0
2026-07-21 17:23:33.440 I HEAD-75323ba [ NvrCore] ThreadPool.cpp:476 CreateUtilizationReports : preview cache task 1 thread utilization : %0 awaiting task count in queue 0
2026-07-21 17:23:33.440 I HEAD-75323ba [ NvrCore] ThreadPool.cpp:483 CreateUtilizationReports : Event Loop thread [0] thread utilization : %0
2026-07-21 17:23:33.440 I HEAD-75323ba [ NvrCore] ThreadPool.cpp:483 CreateUtilizationReports : Event Loop thread [1] thread utilization : %0
2026-07-21 17:23:33.440 I HEAD-75323ba [ NvrCore] main.cpp:232 operator() : Create thread utilization reports end ...
2026-07-21 17:23:33.778 I HEAD-75323ba [ event poller 0] EventPoller.cpp:228 async_l : Epoll Async Task Size : 1
2026-07-21 17:23:37.653 W HEAD-75323ba [ event poller 1] EventPoller.cpp:511 getMinDelay : Total 6 delay tasks found, we will flush them
2026-07-21 17:23:37.782 I HEAD-75323ba [ event poller 0] EventPoller.cpp:228 async_l : Epoll Async Task Size : 1
2026-07-21 17:23:38.441 I HEAD-75323ba [ NvrCore] ThreadPool.cpp:464 CreateUtilizationReports : Thread utilization report :
2026-07-21 17:23:38.441 I HEAD-75323ba [ NvrCore] ThreadPool.cpp:465 CreateUtilizationReports : db thread utilization : %0 awaiting task count in queue 0
2026-07-21 17:23:38.441 I HEAD-75323ba [ NvrCore] ThreadPool.cpp:466 CreateUtilizationReports : file master thread utilization : %0 awaiting task count in queue 0
2026-07-21 17:23:38.441 I HEAD-75323ba [ NvrCore] ThreadPool.cpp:467 CreateUtilizationReports : file slave thread utilization :%0 awaiting task count in queue 0
2026-07-21 17:23:38.441 I HEAD-75323ba [ NvrCore] ThreadPool.cpp:468 CreateUtilizationReports : ptz thread utilization : %0 awaiting task count in queue 0
2026-07-21 17:23:38.441 I HEAD-75323ba [ NvrCore] ThreadPool.cpp:472 CreateUtilizationReports : standard task 0 thread utilization : %0 awaiting task count in queue 0
2026-07-21 17:23:38.441 I HEAD-75323ba [ NvrCore] ThreadPool.cpp:472 CreateUtilizationReports : standard task 1 thread utilization : %0 awaiting task count in queue 0
2026-07-21 17:23:38.441 I HEAD-75323ba [ NvrCore] ThreadPool.cpp:472 CreateUtilizationReports : standard task 2 thread utilization : %0 awaiting task count in queue 0
2026-07-21 17:23:38.441 I HEAD-75323ba [ NvrCore] ThreadPool.cpp:472 CreateUtilizationReports : standard task 3 thread utilization : %0 awaiting task count in queue 0
2026-07-21 17:23:38.441 I HEAD-75323ba [ NvrCore] ThreadPool.cpp:476 CreateUtilizationReports : preview cache task 0 thread utilization : %0 awaiting task count in queue 0
2026-07-21 17:23:38.441 I HEAD-75323ba [ NvrCore] ThreadPool.cpp:476 CreateUtilizationReports : preview cache task 1 thread utilization : %0 awaiting task count in queue 0
2026-07-21 17:23:38.441 I HEAD-75323ba [ NvrCore] ThreadPool.cpp:483 CreateUtilizationReports : Event Loop thread [0] thread utilization : %0
2026-07-21 17:23:38.441 I HEAD-75323ba [ NvrCore] ThreadPool.cpp:483 CreateUtilizationReports : Event Loop thread [1] thread utilization : %0
2026-07-21 17:23:38.441 I HEAD-75323ba [ NvrCore] main.cpp:232 operator() : Create thread utilization reports end ...
2026-07-21 17:23:41.656 W HEAD-75323ba [ event poller 1] EventPoller.cpp:511 getMinDelay : Total 6 delay tasks found, we will flush them
2026-07-21 17:23:41.785 I HEAD-75323ba [ event poller 0] EventPoller.cpp:228 async_l : Epoll Async Task Size : 1
2026-07-21 17:23:43.443 I HEAD-75323ba [ NvrCore] ThreadPool.cpp:464 CreateUtilizationReports : Thread utilization report :
2026-07-21 17:23:43.443 I HEAD-75323ba [ NvrCore] ThreadPool.cpp:465 CreateUtilizationReports : db thread utilization : %0 awaiting task count in queue 0
2026-07-21 17:23:43.443 I HEAD-75323ba [ NvrCore] ThreadPool.cpp:466 CreateUtilizationReports : file master thread utilization : %0 awaiting task count in queue 0
2026-07-21 17:23:43.443 I HEAD-75323ba [ NvrCore] ThreadPool.cpp:467 CreateUtilizationReports : file slave thread utilization :%0 awaiting task count in queue 0
2026-07-21 17:23:43.443 I HEAD-75323ba [ NvrCore] ThreadPool.cpp:468 CreateUtilizationReports : ptz thread utilization : %0 awaiting task count in queue 0
2026-07-21 17:23:43.443 I HEAD-75323ba [ NvrCore] ThreadPool.cpp:472 CreateUtilizationReports : standard task 0 thread utilization : %0 awaiting task count in queue 0
2026-07-21 17:23:43.443 I HEAD-75323ba [ NvrCore] ThreadPool.cpp:472 CreateUtilizationReports : standard task 1 thread utilization : %0 awaiting task count in queue 0
2026-07-21 17:23:43.443 I HEAD-75323ba [ NvrCore] ThreadPool.cpp:472 CreateUtilizationReports : standard task 2 thread utilization : %0 awaiting task count in queue 0
2026-07-21 17:23:43.443 I HEAD-75323ba [ NvrCore] ThreadPool.cpp:472 CreateUtilizationReports : standard task 3 thread utilization : %0 awaiting task count in queue 0
2026-07-21 17:23:43.443 I HEAD-75323ba [ NvrCore] ThreadPool.cpp:476 CreateUtilizationReports : preview cache task 0 thread utilization : %0 awaiting task count in queue 0
2026-07-21 17:23:43.443 I HEAD-75323ba [ NvrCore] ThreadPool.cpp:476 CreateUtilizationReports : preview cache task 1 thread utilization : %0 awaiting task count in queue 0
2026-07-21 17:23:43.443 I HEAD-75323ba [ NvrCore] ThreadPool.cpp:483 CreateUtilizationReports : Event Loop thread [0] thread utilization : %0
2026-07-21 17:23:43.443 I HEAD-75323ba [ NvrCore] ThreadPool.cpp:483 CreateUtilizationReports : Event Loop thread [1] thread utilization : %0
2026-07-21 17:23:43.443 I HEAD-75323ba [ NvrCore] main.cpp:232 operator() : Create thread utilization reports end ...
2026-07-21 17:23:45.658 W HEAD-75323ba [ event poller 1] EventPoller.cpp:511 getMinDelay : Total 6 delay tasks found, we will flush them
2026-07-21 17:23:45.787 I HEAD-75323ba [ event poller 0] EventPoller.cpp:228 async_l : Epoll Async Task Size : 1
2026-07-21 17:23:48.444 I HEAD-75323ba [ NvrCore] ThreadPool.cpp:464 CreateUtilizationReports : Thread utilization report :
2026-07-21 17:23:48.444 I HEAD-75323ba [ NvrCore] ThreadPool.cpp:465 CreateUtilizationReports : db thread utilization : %0 awaiting task count in queue 0
2026-07-21 17:23:48.444 I HEAD-75323ba [ NvrCore] ThreadPool.cpp:466 CreateUtilizationReports : file master thread utilization : %0 awaiting task count in queue 0
2026-07-21 17:23:48.444 I HEAD-75323ba [ NvrCore] ThreadPool.cpp:467 CreateUtilizationReports : file slave thread utilization :%0 awaiting task count in queue 0
2026-07-21 17:23:48.444 I HEAD-75323ba [ NvrCore] ThreadPool.cpp:468 CreateUtilizationReports : ptz thread utilization : %0 awaiting task count in queue 0
2026-07-21 17:23:48.444 I HEAD-75323ba [ NvrCore] ThreadPool.cpp:472 CreateUtilizationReports : standard task 0 thread utilization : %0 awaiting task count in queue 0
2026-07-21 17:23:48.444 I HEAD-75323ba [ NvrCore] ThreadPool.cpp:472 CreateUtilizationReports : standard task 1 thread utilization : %0 awaiting task count in queue 0
2026-07-21 17:23:48.444 I HEAD-75323ba [ NvrCore] ThreadPool.cpp:472 CreateUtilizationReports : standard task 2 thread utilization : %0 awaiting task count in queue 0
2026-07-21 17:23:48.444 I HEAD-75323ba [ NvrCore] ThreadPool.cpp:472 CreateUtilizationReports : standard task 3 thread utilization : %0 awaiting task count in queue 0
2026-07-21 17:23:48.444 I HEAD-75323ba [ NvrCore] ThreadPool.cpp:476 CreateUtilizationReports : preview cache task 0 thread utilization : %0 awaiting task count in queue 0
2026-07-21 17:23:48.444 I HEAD-75323ba [ NvrCore] ThreadPool.cpp:476 CreateUtilizationReports : preview cache task 1 thread utilization : %0 awaiting task count in queue 0
2026-07-21 17:23:48.444 I HEAD-75323ba [ NvrCore] ThreadPool.cpp:483 CreateUtilizationReports : Event Loop thread [0] thread utilization : %0
2026-07-21 17:23:48.444 I HEAD-75323ba [ NvrCore] ThreadPool.cpp:483 CreateUtilizationReports : Event Loop thread [1] thread utilization : %0
2026-07-21 17:23:48.444 I HEAD-75323ba [ NvrCore] main.cpp:232 operator() : Create thread utilization reports end ...
2026-07-21 17:23:49.659 W HEAD-75323ba [ event poller 1] EventPoller.cpp:511 getMinDelay : Total 6 delay tasks found, we will flush them
2026-07-21 17:23:49.791 I HEAD-75323ba [ event poller 0] EventPoller.cpp:228 async_l : Epoll Async Task Size : 1
2026-07-21 17:23:53.445 W HEAD-75323ba [ event poller 1] EventPoller.cpp:511 getMinDelay : Total 6 delay tasks found, we will flush them
2026-07-21 17:23:53.445 I HEAD-75323ba [ NvrCore] ThreadPool.cpp:464 CreateUtilizationReports : Thread utilization report :
2026-07-21 17:23:53.445 I HEAD-75323ba [ NvrCore] ThreadPool.cpp:465 CreateUtilizationReports : db thread utilization : %0 awaiting task count in queue 0
2026-07-21 17:23:53.445 I HEAD-75323ba [ NvrCore] ThreadPool.cpp:466 CreateUtilizationReports : file master thread utilization : %0 awaiting task count in queue 0
2026-07-21 17:23:53.445 I HEAD-75323ba [ NvrCore] ThreadPool.cpp:467 CreateUtilizationReports : file slave thread utilization :%0 awaiting task count in queue 0
2026-07-21 17:23:53.445 I HEAD-75323ba [ NvrCore] ThreadPool.cpp:468 CreateUtilizationReports : ptz thread utilization : %0 awaiting task count in queue 0
2026-07-21 17:23:53.445 I HEAD-75323ba [ NvrCore] ThreadPool.cpp:472 CreateUtilizationReports : standard task 0 thread utilization : %0 awaiting task count in queue 0
2026-07-21 17:23:53.445 I HEAD-75323ba [ NvrCore] ThreadPool.cpp:472 CreateUtilizationReports : standard task 1 thread utilization : %0 awaiting task count in queue 0
2026-07-21 17:23:53.445 I HEAD-75323ba [ NvrCore] ThreadPool.cpp:472 CreateUtilizationReports : standard task 2 thread utilization : %0 awaiting task count in queue 0
2026-07-21 17:23:53.445 I HEAD-75323ba [ NvrCore] ThreadPool.cpp:472 CreateUtilizationReports : standard task 3 thread utilization : %0 awaiting task count in queue 0
2026-07-21 17:23:53.445 I HEAD-75323ba [ NvrCore] ThreadPool.cpp:476 CreateUtilizationReports : preview cache task 0 thread utilization : %0 awaiting task count in queue 0
2026-07-21 17:23:53.445 I HEAD-75323ba [ NvrCore] ThreadPool.cpp:476 CreateUtilizationReports : preview cache task 1 thread utilization : %0 awaiting task count in queue 0
2026-07-21 17:23:53.445 I HEAD-75323ba [ NvrCore] ThreadPool.cpp:483 CreateUtilizationReports : Event Loop thread [0] thread utilization : %0
2026-07-21 17:23:53.445 I HEAD-75323ba [ NvrCore] ThreadPool.cpp:483 CreateUtilizationReports : Event Loop thread [1] thread utilization : %0
2026-07-21 17:23:53.445 I HEAD-75323ba [ NvrCore] main.cpp:232 operator() : Create thread utilization reports end ...
2026-07-21 17:23:53.795 I HEAD-75323ba [ event poller 0] EventPoller.cpp:228 async_l : Epoll Async Task Size : 1
2026-07-21 17:23:57.665 W HEAD-75323ba [ event poller 1] EventPoller.cpp:511 getMinDelay : Total 6 delay tasks found, we will flush them
2026-07-21 17:23:57.799 I HEAD-75323ba [ event poller 0] EventPoller.cpp:228 async_l : Epoll Async Task Size : 1
2026-07-21 17:23:58.446 I HEAD-75323ba [ NvrCore] ThreadPool.cpp:464 CreateUtilizationReports : Thread utilization report :
2026-07-21 17:23:58.446 I HEAD-75323ba [ NvrCore] ThreadPool.cpp:465 CreateUtilizationReports : db thread utilization : %0 awaiting task count in queue 0
2026-07-21 17:23:58.446 I HEAD-75323ba [ NvrCore] ThreadPool.cpp:466 CreateUtilizationReports : file master thread utilization : %0 awaiting task count in queue 0
2026-07-21 17:23:58.446 I HEAD-75323ba [ NvrCore] ThreadPool.cpp:467 CreateUtilizationReports : file slave thread utilization :%0 awaiting task count in queue 0
2026-07-21 17:23:58.446 I HEAD-75323ba [ NvrCore] ThreadPool.cpp:468 CreateUtilizationReports : ptz thread utilization : %0 awaiting task count in queue 0
2026-07-21 17:23:58.446 I HEAD-75323ba [ NvrCore] ThreadPool.cpp:472 CreateUtilizationReports : standard task 0 thread utilization : %0 awaiting task count in queue 0
2026-07-21 17:23:58.446 I HEAD-75323ba [ NvrCore] ThreadPool.cpp:472 CreateUtilizationReports : standard task 1 thread utilization : %0 awaiting task count in queue 0
2026-07-21 17:23:58.446 I HEAD-75323ba [ NvrCore] ThreadPool.cpp:472 CreateUtilizationReports : standard task 2 thread utilization : %0 awaiting task count in queue 0
2026-07-21 17:23:58.446 I HEAD-75323ba [ NvrCore] ThreadPool.cpp:472 CreateUtilizationReports : standard task 3 thread utilization : %0 awaiting task count in queue 0
2026-07-21 17:23:58.446 I HEAD-75323ba [ NvrCore] ThreadPool.cpp:476 CreateUtilizationReports : preview cache task 0 thread utilization : %0 awaiting task count in queue 0
2026-07-21 17:23:58.446 I HEAD-75323ba [ NvrCore] ThreadPool.cpp:476 CreateUtilizationReports : preview cache task 1 thread utilization : %0 awaiting task count in queue 0
2026-07-21 17:23:58.446 I HEAD-75323ba [ NvrCore] ThreadPool.cpp:483 CreateUtilizationReports : Event Loop thread [0] thread utilization : %0
2026-07-21 17:23:58.446 I HEAD-75323ba [ NvrCore] ThreadPool.cpp:483 CreateUtilizationReports : Event Loop thread [1] thread utilization : %0
2026-07-21 17:23:58.446 I HEAD-75323ba [ NvrCore] main.cpp:232 operator() : Create thread utilization reports end ...
2026-07-21 17:24:01.666 W HEAD-75323ba [ event poller 1] EventPoller.cpp:511 getMinDelay : Total 6 delay tasks found, we will flush them
2026-07-21 17:24:01.803 I HEAD-75323ba [ event poller 0] EventPoller.cpp:228 async_l : Epoll Async Task Size : 1
2026-07-21 17:24:03.383 W HEAD-75323ba [ NvrCore] main.cpp:177 operator() : ======================= [Sys run : Day = 0 , Hour = 0 , Min= 9 , Sec= 30 ]========================= 
2026-07-21 17:24:03.447 I HEAD-75323ba [ NvrCore] ThreadPool.cpp:464 CreateUtilizationReports : Thread utilization report :
2026-07-21 17:24:03.447 I HEAD-75323ba [ NvrCore] ThreadPool.cpp:465 CreateUtilizationReports : db thread utilization : %0 awaiting task count in queue 0
2026-07-21 17:24:03.447 I HEAD-75323ba [ NvrCore] ThreadPool.cpp:466 CreateUtilizationReports : file master thread utilization : %0 awaiting task count in queue 0
2026-07-21 17:24:03.447 I HEAD-75323ba [ NvrCore] ThreadPool.cpp:467 CreateUtilizationReports : file slave thread utilization :%0 awaiting task count in queue 0
2026-07-21 17:24:03.447 I HEAD-75323ba [ NvrCore] ThreadPool.cpp:468 CreateUtilizationReports : ptz thread utilization : %0 awaiting task count in queue 0
2026-07-21 17:24:03.447 I HEAD-75323ba [ NvrCore] ThreadPool.cpp:472 CreateUtilizationReports : standard task 0 thread utilization : %0 awaiting task count in queue 0
2026-07-21 17:24:03.447 I HEAD-75323ba [ NvrCore] ThreadPool.cpp:472 CreateUtilizationReports : standard task 1 thread utilization : %0 awaiting task count in queue 0
2026-07-21 17:24:03.447 I HEAD-75323ba [ NvrCore] ThreadPool.cpp:472 CreateUtilizationReports : standard task 2 thread utilization : %1 awaiting task count in queue 0
2026-07-21 17:24:03.447 I HEAD-75323ba [ NvrCore] ThreadPool.cpp:472 CreateUtilizationReports : standard task 3 thread utilization : %0 awaiting task count in queue 0
2026-07-21 17:24:03.447 I HEAD-75323ba [ NvrCore] ThreadPool.cpp:476 CreateUtilizationReports : preview cache task 0 thread utilization : %0 awaiting task count in queue 0
2026-07-21 17:24:03.447 I HEAD-75323ba [ NvrCore] ThreadPool.cpp:476 CreateUtilizationReports : preview cache task 1 thread utilization : %0 awaiting task count in queue 0
2026-07-21 17:24:03.447 I HEAD-75323ba [ NvrCore] ThreadPool.cpp:483 CreateUtilizationReports : Event Loop thread [0] thread utilization : %0
2026-07-21 17:24:03.447 I HEAD-75323ba [ NvrCore] ThreadPool.cpp:483 CreateUtilizationReports : Event Loop thread [1] thread utilization : %0
2026-07-21 17:24:03.447 I HEAD-75323ba [ NvrCore] main.cpp:232 operator() : Create thread utilization reports end ...
2026-07-21 17:24:05.666 W HEAD-75323ba [ event poller 1] EventPoller.cpp:511 getMinDelay : Total 6 delay tasks found, we will flush them
2026-07-21 17:24:05.806 I HEAD-75323ba [ event poller 0] EventPoller.cpp:228 async_l : Epoll Async Task Size : 1
2026-07-21 17:24:08.448 I HEAD-75323ba [ NvrCore] ThreadPool.cpp:464 CreateUtilizationReports : Thread utilization report :
2026-07-21 17:24:08.448 I HEAD-75323ba [ NvrCore] ThreadPool.cpp:465 CreateUtilizationReports : db thread utilization : %0 awaiting task count in queue 0
2026-07-21 17:24:08.448 I HEAD-75323ba [ NvrCore] ThreadPool.cpp:466 CreateUtilizationReports : file master thread utilization : %0 awaiting task count in queue 0
2026-07-21 17:24:08.448 I HEAD-75323ba [ NvrCore] ThreadPool.cpp:467 CreateUtilizationReports : file slave thread utilization :%0 awaiting task count in queue 0
2026-07-21 17:24:08.448 I HEAD-75323ba [ NvrCore] ThreadPool.cpp:468 CreateUtilizationReports : ptz thread utilization : %0 awaiting task count in queue 0
2026-07-21 17:24:08.448 I HEAD-75323ba [ NvrCore] ThreadPool.cpp:472 CreateUtilizationReports : standard task 0 thread utilization : %0 awaiting task count in queue 0
2026-07-21 17:24:08.448 I HEAD-75323ba [ NvrCore] ThreadPool.cpp:472 CreateUtilizationReports : standard task 1 thread utilization : %0 awaiting task count in queue 0
2026-07-21 17:24:08.448 I HEAD-75323ba [ NvrCore] ThreadPool.cpp:472 CreateUtilizationReports : standard task 2 thread utilization : %0 awaiting task count in queue 0
2026-07-21 17:24:08.448 I HEAD-75323ba [ NvrCore] ThreadPool.cpp:472 CreateUtilizationReports : standard task 3 thread utilization : %0 awaiting task count in queue 0
2026-07-21 17:24:08.448 I HEAD-75323ba [ NvrCore] ThreadPool.cpp:476 CreateUtilizationReports : preview cache task 0 thread utilization : %0 awaiting task count in queue 0
2026-07-21 17:24:08.448 I HEAD-75323ba [ NvrCore] ThreadPool.cpp:476 CreateUtilizationReports : preview cache task 1 thread utilization : %0 awaiting task count in queue 0
2026-07-21 17:24:08.448 I HEAD-75323ba [ NvrCore] ThreadPool.cpp:483 CreateUtilizationReports : Event Loop thread [0] thread utilization : %0
2026-07-21 17:24:08.448 I HEAD-75323ba [ NvrCore] ThreadPool.cpp:483 CreateUtilizationReports : Event Loop thread [1] thread utilization : %0
2026-07-21 17:24:08.448 I HEAD-75323ba [ NvrCore] main.cpp:232 operator() : Create thread utilization reports end ...
2026-07-21 17:24:09.669 W HEAD-75323ba [ event poller 1] EventPoller.cpp:511 getMinDelay : Total 6 delay tasks found, we will flush them
2026-07-21 17:24:09.810 I HEAD-75323ba [ event poller 0] EventPoller.cpp:228 async_l : Epoll Async Task Size : 1
2026-07-21 17:24:13.449 W HEAD-75323ba [ event poller 1] EventPoller.cpp:511 getMinDelay : Total 6 delay tasks found, we will flush them
2026-07-21 17:24:13.449 I HEAD-75323ba [ NvrCore] ThreadPool.cpp:464 CreateUtilizationReports : Thread utilization report :
2026-07-21 17:24:13.449 I HEAD-75323ba [ NvrCore] ThreadPool.cpp:465 CreateUtilizationReports : db thread utilization : %0 awaiting task count in queue 0
2026-07-21 17:24:13.449 I HEAD-75323ba [ NvrCore] ThreadPool.cpp:466 CreateUtilizationReports : file master thread utilization : %0 awaiting task count in queue 0
2026-07-21 17:24:13.449 I HEAD-75323ba [ NvrCore] ThreadPool.cpp:467 CreateUtilizationReports : file slave thread utilization :%0 awaiting task count in queue 0
2026-07-21 17:24:13.449 I HEAD-75323ba [ NvrCore] ThreadPool.cpp:468 CreateUtilizationReports : ptz thread utilization : %0 awaiting task count in queue 0
2026-07-21 17:24:13.449 I HEAD-75323ba [ NvrCore] ThreadPool.cpp:472 CreateUtilizationReports : standard task 0 thread utilization : %0 awaiting task count in queue 0
2026-07-21 17:24:13.449 I HEAD-75323ba [ NvrCore] ThreadPool.cpp:472 CreateUtilizationReports : standard task 1 thread utilization : %0 awaiting task count in queue 0
2026-07-21 17:24:13.449 I HEAD-75323ba [ NvrCore] ThreadPool.cpp:472 CreateUtilizationReports : standard task 2 thread utilization : %0 awaiting task count in queue 0
2026-07-21 17:24:13.449 I HEAD-75323ba [ NvrCore] ThreadPool.cpp:472 CreateUtilizationReports : standard task 3 thread utilization : %0 awaiting task count in queue 0
2026-07-21 17:24:13.449 I HEAD-75323ba [ NvrCore] ThreadPool.cpp:476 CreateUtilizationReports : preview cache task 0 thread utilization : %0 awaiting task count in queue 0
2026-07-21 17:24:13.449 I HEAD-75323ba [ NvrCore] ThreadPool.cpp:476 CreateUtilizationReports : preview cache task 1 thread utilization : %0 awaiting task count in queue 0
2026-07-21 17:24:13.449 I HEAD-75323ba [ NvrCore] ThreadPool.cpp:483 CreateUtilizationReports : Event Loop thread [0] thread utilization : %0
2026-07-21 17:24:13.449 I HEAD-75323ba [ NvrCore] ThreadPool.cpp:483 CreateUtilizationReports : Event Loop thread [1] thread utilization : %0
2026-07-21 17:24:13.449 I HEAD-75323ba [ NvrCore] main.cpp:232 operator() : Create thread utilization reports end ...
2026-07-21 17:24:13.813 I HEAD-75323ba [ event poller 0] EventPoller.cpp:228 async_l : Epoll Async Task Size : 1
2026-07-21 17:24:17.676 W HEAD-75323ba [ event poller 1] EventPoller.cpp:511 getMinDelay : Total 6 delay tasks found, we will flush them
2026-07-21 17:24:17.817 I HEAD-75323ba [ event poller 0] EventPoller.cpp:228 async_l : Epoll Async Task Size : 1
2026-07-21 17:24:18.450 I HEAD-75323ba [ NvrCore] ThreadPool.cpp:464 CreateUtilizationReports : Thread utilization report :
2026-07-21 17:24:18.450 I HEAD-75323ba [ NvrCore] ThreadPool.cpp:465 CreateUtilizationReports : db thread utilization : %0 awaiting task count in queue 0
2026-07-21 17:24:18.450 I HEAD-75323ba [ NvrCore] ThreadPool.cpp:466 CreateUtilizationReports : file master thread utilization : %0 awaiting task count in queue 0
2026-07-21 17:24:18.450 I HEAD-75323ba [ NvrCore] ThreadPool.cpp:467 CreateUtilizationReports : file slave thread utilization :%0 awaiting task count in queue 0
2026-07-21 17:24:18.450 I HEAD-75323ba [ NvrCore] ThreadPool.cpp:468 CreateUtilizationReports : ptz thread utilization : %0 awaiting task count in queue 0
2026-07-21 17:24:18.450 I HEAD-75323ba [ NvrCore] ThreadPool.cpp:472 CreateUtilizationReports : standard task 0 thread utilization : %100 awaiting task count in queue 0
2026-07-21 17:24:18.450 I HEAD-75323ba [ NvrCore] ThreadPool.cpp:472 CreateUtilizationReports : standard task 1 thread utilization : %0 awaiting task count in queue 0
2026-07-21 17:24:18.450 I HEAD-75323ba [ NvrCore] ThreadPool.cpp:472 CreateUtilizationReports : standard task 2 thread utilization : %0 awaiting task count in queue 0
2026-07-21 17:24:18.450 I HEAD-75323ba [ NvrCore] ThreadPool.cpp:472 CreateUtilizationReports : standard task 3 thread utilization : %0 awaiting task count in queue 0
2026-07-21 17:24:18.450 I HEAD-75323ba [ NvrCore] ThreadPool.cpp:476 CreateUtilizationReports : preview cache task 0 thread utilization : %0 awaiting task count in queue 0
2026-07-21 17:24:18.450 I HEAD-75323ba [ NvrCore] ThreadPool.cpp:476 CreateUtilizationReports : preview cache task 1 thread utilization : %0 awaiting task count in queue 0
2026-07-21 17:24:18.450 I HEAD-75323ba [ NvrCore] ThreadPool.cpp:483 CreateUtilizationReports : Event Loop thread [0] thread utilization : %0
2026-07-21 17:24:18.450 I HEAD-75323ba [ NvrCore] ThreadPool.cpp:483 CreateUtilizationReports : Event Loop thread [1] thread utilization : %0
2026-07-21 17:24:18.450 I HEAD-75323ba [ NvrCore] main.cpp:232 operator() : Create thread utilization reports end ...
2026-07-21 17:24:21.679 W HEAD-75323ba [ event poller 1] EventPoller.cpp:511 getMinDelay : Total 6 delay tasks found, we will flush them
2026-07-21 17:24:21.821 I HEAD-75323ba [ event poller 0] EventPoller.cpp:228 async_l : Epoll Async Task Size : 1
2026-07-21 17:24:23.451 I HEAD-75323ba [ NvrCore] ThreadPool.cpp:464 CreateUtilizationReports : Thread utilization report :
2026-07-21 17:24:23.451 I HEAD-75323ba [ NvrCore] ThreadPool.cpp:465 CreateUtilizationReports : db thread utilization : %0 awaiting task count in queue 0
2026-07-21 17:24:23.451 I HEAD-75323ba [ NvrCore] ThreadPool.cpp:466 CreateUtilizationReports : file master thread utilization : %0 awaiting task count in queue 0
2026-07-21 17:24:23.451 I HEAD-75323ba [ NvrCore] ThreadPool.cpp:467 CreateUtilizationReports : file slave thread utilization :%0 awaiting task count in queue 0
2026-07-21 17:24:23.451 I HEAD-75323ba [ NvrCore] ThreadPool.cpp:468 CreateUtilizationReports : ptz thread utilization : %0 awaiting task count in queue 0
2026-07-21 17:24:23.451 I HEAD-75323ba [ NvrCore] ThreadPool.cpp:472 CreateUtilizationReports : standard task 0 thread utilization : %0 awaiting task count in queue 0
2026-07-21 17:24:23.451 I HEAD-75323ba [ NvrCore] ThreadPool.cpp:472 CreateUtilizationReports : standard task 1 thread utilization : %0 awaiting task count in queue 0
2026-07-21 17:24:23.451 I HEAD-75323ba [ NvrCore] ThreadPool.cpp:472 CreateUtilizationReports : standard task 2 thread utilization : %0 awaiting task count in queue 0
2026-07-21 17:24:23.451 I HEAD-75323ba [ NvrCore] ThreadPool.cpp:472 CreateUtilizationReports : standard task 3 thread utilization : %0 awaiting task count in queue 0
2026-07-21 17:24:23.451 I HEAD-75323ba [ NvrCore] ThreadPool.cpp:476 CreateUtilizationReports : preview cache task 0 thread utilization : %0 awaiting task count in queue 0
2026-07-21 17:24:23.451 I HEAD-75323ba [ NvrCore] ThreadPool.cpp:476 CreateUtilizationReports : preview cache task 1 thread utilization : %0 awaiting task count in queue 0
2026-07-21 17:24:23.451 I HEAD-75323ba [ NvrCore] ThreadPool.cpp:483 CreateUtilizationReports : Event Loop thread [0] thread utilization : %0
2026-07-21 17:24:23.451 I HEAD-75323ba [ NvrCore] ThreadPool.cpp:483 CreateUtilizationReports : Event Loop thread [1] thread utilization : %0
2026-07-21 17:24:23.451 I HEAD-75323ba [ NvrCore] main.cpp:232 operator() : Create thread utilization reports end ...
2026-07-21 17:24:25.679 W HEAD-75323ba [ event poller 1] EventPoller.cpp:511 getMinDelay : Total 6 delay tasks found, we will flush them
2026-07-21 17:24:25.823 I HEAD-75323ba [ event poller 0] EventPoller.cpp:228 async_l : Epoll Async Task Size : 1
2026-07-21 17:24:28.452 I HEAD-75323ba [ NvrCore] ThreadPool.cpp:464 CreateUtilizationReports : Thread utilization report :
2026-07-21 17:24:28.452 I HEAD-75323ba [ NvrCore] ThreadPool.cpp:465 CreateUtilizationReports : db thread utilization : %0 awaiting task count in queue 0
2026-07-21 17:24:28.452 I HEAD-75323ba [ NvrCore] ThreadPool.cpp:466 CreateUtilizationReports : file master thread utilization : %0 awaiting task count in queue 0
2026-07-21 17:24:28.452 I HEAD-75323ba [ NvrCore] ThreadPool.cpp:467 CreateUtilizationReports : file slave thread utilization :%0 awaiting task count in queue 0
2026-07-21 17:24:28.452 I HEAD-75323ba [ NvrCore] ThreadPool.cpp:468 CreateUtilizationReports : ptz thread utilization : %0 awaiting task count in queue 0
2026-07-21 17:24:28.452 I HEAD-75323ba [ NvrCore] ThreadPool.cpp:472 CreateUtilizationReports : standard task 0 thread utilization : %0 awaiting task count in queue 0
2026-07-21 17:24:28.452 I HEAD-75323ba [ NvrCore] ThreadPool.cpp:472 CreateUtilizationReports : standard task 1 thread utilization : %0 awaiting task count in queue 0
2026-07-21 17:24:28.452 I HEAD-75323ba [ NvrCore] ThreadPool.cpp:472 CreateUtilizationReports : standard task 2 thread utilization : %0 awaiting task count in queue 0
2026-07-21 17:24:28.452 I HEAD-75323ba [ NvrCore] ThreadPool.cpp:472 CreateUtilizationReports : standard task 3 thread utilization : %0 awaiting task count in queue 0
2026-07-21 17:24:28.452 I HEAD-75323ba [ NvrCore] ThreadPool.cpp:476 CreateUtilizationReports : preview cache task 0 thread utilization : %0 awaiting task count in queue 0
2026-07-21 17:24:28.452 I HEAD-75323ba [ NvrCore] ThreadPool.cpp:476 CreateUtilizationReports : preview cache task 1 thread utilization : %0 awaiting task count in queue 0
2026-07-21 17:24:28.452 I HEAD-75323ba [ NvrCore] ThreadPool.cpp:483 CreateUtilizationReports : Event Loop thread [0] thread utilization : %0
2026-07-21 17:24:28.452 I HEAD-75323ba [ NvrCore] ThreadPool.cpp:483 CreateUtilizationReports : Event Loop thread [1] thread utilization : %0
2026-07-21 17:24:28.452 I HEAD-75323ba [ NvrCore] main.cpp:232 operator() : Create thread utilization reports end ...
2026-07-21 17:24:29.683 W HEAD-75323ba [ event poller 1] EventPoller.cpp:511 getMinDelay : Total 6 delay tasks found, we will flush them
2026-07-21 17:24:29.828 I HEAD-75323ba [ event poller 0] EventPoller.cpp:228 async_l : Epoll Async Task Size : 1
2026-07-21 17:24:33.353 W HEAD-75323ba [ event poller 0] EventPoller.cpp:511 getMinDelay : Total 8 delay tasks found, we will flush them
2026-07-21 17:24:33.354 W HEAD-75323ba [ NvrCore] DiskOpt.cpp:707 checkDiskCapacity : 
	 === The disk capacity check is running!!! ===
2026-07-21 17:24:33.354 I HEAD-75323ba [ NvrCore] SysProc.cpp:509 sysSyncTime : NTP enable status is NULL and Server Info is not.defined.yet in DB
2026-07-21 17:24:33.354 I HEAD-75323ba [ NvrCore] main.cpp:220 operator() : System time synchronized.
2026-07-21 17:24:33.354 I HEAD-75323ba [ NvrCore] SysProc.cpp:515 operator() : ntp sync just started!
2026-07-21 17:24:33.354 I HEAD-75323ba [ NvrCore] DiskOpt.cpp:463 deleteTempRec : Need remove number in TempRec = 0
2026-07-21 17:24:33.354 I HEAD-75323ba [ NvrCore] main.cpp:131 operator() : Execute delete temp record task end ...
2026-07-21 17:24:33.369 W HEAD-75323ba [ NvrCore] DiskOpt.cpp:757 updatePartsInfo : part_map size : 0
2026-07-21 17:24:33.369 W HEAD-75323ba [ NvrCore] DiskOpt.cpp:714 checkDiskCapacity : No valid mounted directory exists,stop check capacity
2026-07-21 17:24:33.369 I HEAD-75323ba [ NvrCore] main.cpp:245 operator() : Execute disk check task end ...
2026-07-21 17:24:33.383 W HEAD-75323ba [ NvrCore] main.cpp:177 operator() : ======================= [Sys run : Day = 0 , Hour = 0 , Min= 10 , Sec= 0 ]========================= 
2026-07-21 17:24:33.453 I HEAD-75323ba [ NvrCore] ThreadPool.cpp:464 CreateUtilizationReports : Thread utilization report :
2026-07-21 17:24:33.453 I HEAD-75323ba [ NvrCore] ThreadPool.cpp:465 CreateUtilizationReports : db thread utilization : %0 awaiting task count in queue 0
2026-07-21 17:24:33.453 I HEAD-75323ba [ NvrCore] ThreadPool.cpp:466 CreateUtilizationReports : file master thread utilization : %0 awaiting task count in queue 0
2026-07-21 17:24:33.453 I HEAD-75323ba [ NvrCore] ThreadPool.cpp:467 CreateUtilizationReports : file slave thread utilization :%0 awaiting task count in queue 0
2026-07-21 17:24:33.453 I HEAD-75323ba [ NvrCore] ThreadPool.cpp:468 CreateUtilizationReports : ptz thread utilization : %0 awaiting task count in queue 0
2026-07-21 17:24:33.453 I HEAD-75323ba [ NvrCore] ThreadPool.cpp:472 CreateUtilizationReports : standard task 0 thread utilization : %0 awaiting task count in queue 0
2026-07-21 17:24:33.453 I HEAD-75323ba [ NvrCore] ThreadPool.cpp:472 CreateUtilizationReports : standard task 1 thread utilization : %0 awaiting task count in queue 0
2026-07-21 17:24:33.453 I HEAD-75323ba [ NvrCore] ThreadPool.cpp:472 CreateUtilizationReports : standard task 2 thread utilization : %1 awaiting task count in queue 0
2026-07-21 17:24:33.453 I HEAD-75323ba [ NvrCore] ThreadPool.cpp:472 CreateUtilizationReports : standard task 3 thread utilization : %27 awaiting task count in queue 0
2026-07-21 17:24:33.453 I HEAD-75323ba [ NvrCore] ThreadPool.cpp:476 CreateUtilizationReports : preview cache task 0 thread utilization : %0 awaiting task count in queue 0
2026-07-21 17:24:33.453 I HEAD-75323ba [ NvrCore] ThreadPool.cpp:476 CreateUtilizationReports : preview cache task 1 thread utilization : %0 awaiting task count in queue 0
2026-07-21 17:24:33.453 I HEAD-75323ba [ NvrCore] ThreadPool.cpp:483 CreateUtilizationReports : Event Loop thread [0] thread utilization : %0
2026-07-21 17:24:33.453 I HEAD-75323ba [ NvrCore] ThreadPool.cpp:483 CreateUtilizationReports : Event Loop thread [1] thread utilization : %0
2026-07-21 17:24:33.453 I HEAD-75323ba [ NvrCore] main.cpp:232 operator() : Create thread utilization reports end ...
2026-07-21 17:24:33.831 I HEAD-75323ba [ event poller 0] EventPoller.cpp:228 async_l : Epoll Async Task Size : 1
2026-07-21 17:24:34.355 W HEAD-75323ba [ NvrCore] SysProc.cpp:536 operator() : Time sync failed with NTP : not.defined.yet Result is : 1
2026-07-21 17:24:37.686 W HEAD-75323ba [ event poller 1] EventPoller.cpp:511 getMinDelay : Total 6 delay tasks found, we will flush them
2026-07-21 17:24:37.835 I HEAD-75323ba [ event poller 0] EventPoller.cpp:228 async_l : Epoll Async Task Size : 1
2026-07-21 17:24:38.454 I HEAD-75323ba [ NvrCore] ThreadPool.cpp:464 CreateUtilizationReports : Thread utilization report :
2026-07-21 17:24:38.454 I HEAD-75323ba [ NvrCore] ThreadPool.cpp:465 CreateUtilizationReports : db thread utilization : %0 awaiting task count in queue 0
2026-07-21 17:24:38.454 I HEAD-75323ba [ NvrCore] ThreadPool.cpp:466 CreateUtilizationReports : file master thread utilization : %0 awaiting task count in queue 0
2026-07-21 17:24:38.454 I HEAD-75323ba [ NvrCore] ThreadPool.cpp:467 CreateUtilizationReports : file slave thread utilization :%0 awaiting task count in queue 0
2026-07-21 17:24:38.454 I HEAD-75323ba [ NvrCore] ThreadPool.cpp:468 CreateUtilizationReports : ptz thread utilization : %0 awaiting task count in queue 0
2026-07-21 17:24:38.454 I HEAD-75323ba [ NvrCore] ThreadPool.cpp:472 CreateUtilizationReports : standard task 0 thread utilization : %0 awaiting task count in queue 0
2026-07-21 17:24:38.454 I HEAD-75323ba [ NvrCore] ThreadPool.cpp:472 CreateUtilizationReports : standard task 1 thread utilization : %0 awaiting task count in queue 0
2026-07-21 17:24:38.454 I HEAD-75323ba [ NvrCore] ThreadPool.cpp:472 CreateUtilizationReports : standard task 2 thread utilization : %0 awaiting task count in queue 0
2026-07-21 17:24:38.454 I HEAD-75323ba [ NvrCore] ThreadPool.cpp:472 CreateUtilizationReports : standard task 3 thread utilization : %0 awaiting task count in queue 0
2026-07-21 17:24:38.454 I HEAD-75323ba [ NvrCore] ThreadPool.cpp:476 CreateUtilizationReports : preview cache task 0 thread utilization : %0 awaiting task count in queue 0
2026-07-21 17:24:38.454 I HEAD-75323ba [ NvrCore] ThreadPool.cpp:476 CreateUtilizationReports : preview cache task 1 thread utilization : %0 awaiting task count in queue 0
2026-07-21 17:24:38.454 I HEAD-75323ba [ NvrCore] ThreadPool.cpp:483 CreateUtilizationReports : Event Loop thread [0] thread utilization : %0
2026-07-21 17:24:38.454 I HEAD-75323ba [ NvrCore] ThreadPool.cpp:483 CreateUtilizationReports : Event Loop thread [1] thread utilization : %0
2026-07-21 17:24:38.454 I HEAD-75323ba [ NvrCore] main.cpp:232 operator() : Create thread utilization reports end ...
2026-07-21 17:24:41.688 W HEAD-75323ba [ event poller 1] EventPoller.cpp:511 getMinDelay : Total 6 delay tasks found, we will flush them
2026-07-21 17:24:41.840 I HEAD-75323ba [ event poller 0] EventPoller.cpp:228 async_l : Epoll Async Task Size : 1
2026-07-21 17:24:43.455 I HEAD-75323ba [ NvrCore] ThreadPool.cpp:464 CreateUtilizationReports : Thread utilization report :
2026-07-21 17:24:43.455 I HEAD-75323ba [ NvrCore] ThreadPool.cpp:465 CreateUtilizationReports : db thread utilization : %0 awaiting task count in queue 0
2026-07-21 17:24:43.455 I HEAD-75323ba [ NvrCore] ThreadPool.cpp:466 CreateUtilizationReports : file master thread utilization : %0 awaiting task count in queue 0
2026-07-21 17:24:43.455 I HEAD-75323ba [ NvrCore] ThreadPool.cpp:467 CreateUtilizationReports : file slave thread utilization :%0 awaiting task count in queue 0
2026-07-21 17:24:43.455 I HEAD-75323ba [ NvrCore] ThreadPool.cpp:468 CreateUtilizationReports : ptz thread utilization : %0 awaiting task count in queue 0
2026-07-21 17:24:43.455 I HEAD-75323ba [ NvrCore] ThreadPool.cpp:472 CreateUtilizationReports : standard task 0 thread utilization : %0 awaiting task count in queue 0
2026-07-21 17:24:43.455 I HEAD-75323ba [ NvrCore] ThreadPool.cpp:472 CreateUtilizationReports : standard task 1 thread utilization : %100 awaiting task count in queue 0
2026-07-21 17:24:43.455 I HEAD-75323ba [ NvrCore] ThreadPool.cpp:472 CreateUtilizationReports : standard task 2 thread utilization : %0 awaiting task count in queue 0
2026-07-21 17:24:43.455 I HEAD-75323ba [ NvrCore] ThreadPool.cpp:472 CreateUtilizationReports : standard task 3 thread utilization : %0 awaiting task count in queue 0
2026-07-21 17:24:43.455 I HEAD-75323ba [ NvrCore] ThreadPool.cpp:476 CreateUtilizationReports : preview cache task 0 thread utilization : %0 awaiting task count in queue 0
2026-07-21 17:24:43.455 I HEAD-75323ba [ NvrCore] ThreadPool.cpp:476 CreateUtilizationReports : preview cache task 1 thread utilization : %0 awaiting task count in queue 0
2026-07-21 17:24:43.455 I HEAD-75323ba [ NvrCore] ThreadPool.cpp:483 CreateUtilizationReports : Event Loop thread [0] thread utilization : %0
2026-07-21 17:24:43.455 I HEAD-75323ba [ NvrCore] ThreadPool.cpp:483 CreateUtilizationReports : Event Loop thread [1] thread utilization : %0
2026-07-21 17:24:43.455 I HEAD-75323ba [ NvrCore] main.cpp:232 operator() : Create thread utilization reports end ...
2026-07-21 17:24:45.689 W HEAD-75323ba [ event poller 1] EventPoller.cpp:511 getMinDelay : Total 6 delay tasks found, we will flush them
2026-07-21 17:24:45.842 I HEAD-75323ba [ event poller 0] EventPoller.cpp:228 async_l : Epoll Async Task Size : 1
2026-07-21 17:24:48.455 I HEAD-75323ba [ NvrCore] ThreadPool.cpp:464 CreateUtilizationReports : Thread utilization report :
2026-07-21 17:24:48.455 I HEAD-75323ba [ NvrCore] ThreadPool.cpp:465 CreateUtilizationReports : db thread utilization : %0 awaiting task count in queue 0
2026-07-21 17:24:48.455 I HEAD-75323ba [ NvrCore] ThreadPool.cpp:466 CreateUtilizationReports : file master thread utilization : %0 awaiting task count in queue 0
2026-07-21 17:24:48.455 I HEAD-75323ba [ NvrCore] ThreadPool.cpp:467 CreateUtilizationReports : file slave thread utilization :%0 awaiting task count in queue 0
2026-07-21 17:24:48.455 I HEAD-75323ba [ NvrCore] ThreadPool.cpp:468 CreateUtilizationReports : ptz thread utilization : %0 awaiting task count in queue 0
2026-07-21 17:24:48.455 I HEAD-75323ba [ NvrCore] ThreadPool.cpp:472 CreateUtilizationReports : standard task 0 thread utilization : %0 awaiting task count in queue 0
2026-07-21 17:24:48.455 I HEAD-75323ba [ NvrCore] ThreadPool.cpp:472 CreateUtilizationReports : standard task 1 thread utilization : %0 awaiting task count in queue 0
2026-07-21 17:24:48.455 I HEAD-75323ba [ NvrCore] ThreadPool.cpp:472 CreateUtilizationReports : standard task 2 thread utilization : %0 awaiting task count in queue 0
2026-07-21 17:24:48.455 I HEAD-75323ba [ NvrCore] ThreadPool.cpp:472 CreateUtilizationReports : standard task 3 thread utilization : %0 awaiting task count in queue 0
2026-07-21 17:24:48.455 I HEAD-75323ba [ NvrCore] ThreadPool.cpp:476 CreateUtilizationReports : preview cache task 0 thread utilization : %0 awaiting task count in queue 0
2026-07-21 17:24:48.455 I HEAD-75323ba [ NvrCore] ThreadPool.cpp:476 CreateUtilizationReports : preview cache task 1 thread utilization : %0 awaiting task count in queue 0
2026-07-21 17:24:48.455 I HEAD-75323ba [ NvrCore] ThreadPool.cpp:483 CreateUtilizationReports : Event Loop thread [0] thread utilization : %0
2026-07-21 17:24:48.455 I HEAD-75323ba [ NvrCore] ThreadPool.cpp:483 CreateUtilizationReports : Event Loop thread [1] thread utilization : %0
2026-07-21 17:24:48.455 I HEAD-75323ba [ NvrCore] main.cpp:232 operator() : Create thread utilization reports end ...
2026-07-21 17:24:48.917 W HEAD-75323ba [ NvrCore] signal_handler.cpp:106 BackTracePublisher : Backtrace dump triggered by signal: SIGCONT
2026-07-21 17:24:48.917 W HEAD-75323ba [ NvrCore] signal_handler.cpp:109 BackTracePublisher : /mnt/app/NvrCore(+0x61c28c) [0x55885ac28c]
2026-07-21 17:24:48.917 W HEAD-75323ba [ NvrCore] signal_handler.cpp:109 BackTracePublisher : /mnt/app/NvrCore(+0x61cb9c) [0x55885acb9c]
2026-07-21 17:24:48.917 W HEAD-75323ba [ NvrCore] signal_handler.cpp:109 BackTracePublisher : /mnt/app/NvrCore(+0x61d008) [0x55885ad008]
2026-07-21 17:24:48.917 W HEAD-75323ba [ NvrCore] signal_handler.cpp:109 BackTracePublisher : linux-vdso.so.1(__kernel_rt_sigreturn+0) [0x7fbf5d1780]
2026-07-21 17:24:48.917 W HEAD-75323ba [ NvrCore] signal_handler.cpp:109 BackTracePublisher : /mnt/app/NvrCore(+0x61cfc0) [0x55885acfc0]
2026-07-21 17:24:48.917 W HEAD-75323ba [ NvrCore] signal_handler.cpp:109 BackTracePublisher : linux-vdso.so.1(__kernel_rt_sigreturn+0) [0x7fbf5d1780]
2026-07-21 17:24:48.917 W HEAD-75323ba [ NvrCore] signal_handler.cpp:109 BackTracePublisher : /lib/aarch64-linux-gnu/libc.so.6(ppoll+0xc0) [0x7fbae3bf50]
2026-07-21 17:24:48.917 W HEAD-75323ba [ NvrCore] signal_handler.cpp:109 BackTracePublisher : /mnt/qt515/lib/libQt5Core.so.5(_Z12qt_safe_pollP6pollfdmPK8timespec+0x70) [0x7fbd57e244]
2026-07-21 17:24:48.917 W HEAD-75323ba [ NvrCore] signal_handler.cpp:109 BackTracePublisher : /mnt/qt515/lib/libQt5Core.so.5(_ZN20QEventDispatcherUNIX13processEventsE6QFlagsIN10QEventLoop17ProcessEventsFlagEE+0x264) [0x7fbd57fc24]
2026-07-21 17:24:48.917 W HEAD-75323ba [ NvrCore] signal_handler.cpp:109 BackTracePublisher : /mnt/qt515/plugins/platforms/libqlinuxfb.so(+0x28144) [0x7fb86a8144]
2026-07-21 17:24:48.917 W HEAD-75323ba [ NvrCore] signal_handler.cpp:109 BackTracePublisher : /mnt/qt515/lib/libQt5Core.so.5(_ZN10QEventLoop4execE6QFlagsINS_17ProcessEventsFlagEE+0x124) [0x7fbd525988]
2026-07-21 17:24:48.917 W HEAD-75323ba [ NvrCore] signal_handler.cpp:109 BackTracePublisher : /mnt/qt515/lib/libQt5Widgets.so.5(_ZN7QDialog4execEv+0x1f4) [0x7fbe7b66f4]
2026-07-21 17:24:48.917 W HEAD-75323ba [ NvrCore] signal_handler.cpp:109 BackTracePublisher : /mnt/app/NvrCore(+0x286020) [0x5588216020]
2026-07-21 17:24:48.917 W HEAD-75323ba [ NvrCore] signal_handler.cpp:109 BackTracePublisher : /mnt/app/NvrCore(+0x27a008) [0x558820a008]
2026-07-21 17:24:48.917 W HEAD-75323ba [ NvrCore] signal_handler.cpp:109 BackTracePublisher : /mnt/app/NvrCore(+0x2332a4) [0x55881c32a4]
2026-07-21 17:24:48.917 W HEAD-75323ba [ NvrCore] signal_handler.cpp:109 BackTracePublisher : /lib/aarch64-linux-gnu/libc.so.6(+0x273fc) [0x7fbad873fc]
2026-07-21 17:24:48.917 W HEAD-75323ba [ NvrCore] signal_handler.cpp:109 BackTracePublisher : /lib/aarch64-linux-gnu/libc.so.6(__libc_start_main+0x98) [0x7fbad874cc]
2026-07-21 17:24:48.917 W HEAD-75323ba [ NvrCore] signal_handler.cpp:109 BackTracePublisher : /mnt/app/NvrCore(+0x22c930) [0x55881bc930]
2026-07-21 17:24:48.918 I HEAD-75323ba [ NvrCore] signal_handler.cpp:81 SignalHandler : Signal ignored: 18
2026-07-21 17:24:48.919 W HEAD-75323ba [ NvrCore] signal_handler.cpp:106 BackTracePublisher : Backtrace dump triggered by signal: SIGTERM
2026-07-21 17:24:48.919 W HEAD-75323ba [ NvrCore] signal_handler.cpp:109 BackTracePublisher : /mnt/app/NvrCore(+0x61c28c) [0x55885ac28c]
2026-07-21 17:24:48.919 W HEAD-75323ba [ NvrCore] signal_handler.cpp:109 BackTracePublisher : /mnt/app/NvrCore(+0x61cb9c) [0x55885acb9c]
2026-07-21 17:24:48.919 W HEAD-75323ba [ NvrCore] signal_handler.cpp:109 BackTracePublisher : /mnt/app/NvrCore(+0x61d008) [0x55885ad008]
2026-07-21 17:24:48.919 W HEAD-75323ba [ NvrCore] signal_handler.cpp:109 BackTracePublisher : linux-vdso.so.1(__kernel_rt_sigreturn+0) [0x7fbf5d1780]
2026-07-21 17:24:48.919 W HEAD-75323ba [ NvrCore] signal_handler.cpp:109 BackTracePublisher : /lib/aarch64-linux-gnu/libc.so.6(ppoll+0xc0) [0x7fbae3bf50]
2026-07-21 17:24:48.919 W HEAD-75323ba [ NvrCore] signal_handler.cpp:109 BackTracePublisher : /mnt/qt515/lib/libQt5Core.so.5(_Z12qt_safe_pollP6pollfdmPK8timespec+0x70) [0x7fbd57e244]
2026-07-21 17:24:48.919 W HEAD-75323ba [ NvrCore] signal_handler.cpp:109 BackTracePublisher : /mnt/qt515/lib/libQt5Core.so.5(_ZN20QEventDispatcherUNIX13processEventsE6QFlagsIN10QEventLoop17ProcessEventsFlagEE+0x264) [0x7fbd57fc24]
2026-07-21 17:24:48.919 W HEAD-75323ba [ NvrCore] signal_handler.cpp:109 BackTracePublisher : /mnt/qt515/plugins/platforms/libqlinuxfb.so(+0x28144) [0x7fb86a8144]
2026-07-21 17:24:48.919 W HEAD-75323ba [ NvrCore] signal_handler.cpp:109 BackTracePublisher : /mnt/qt515/lib/libQt5Core.so.5(_ZN10QEventLoop4execE6QFlagsINS_17ProcessEventsFlagEE+0x124) [0x7fbd525988]
2026-07-21 17:24:48.919 W HEAD-75323ba [ NvrCore] signal_handler.cpp:109 BackTracePublisher : /mnt/qt515/lib/libQt5Widgets.so.5(_ZN7QDialog4execEv+0x1f4) [0x7fbe7b66f4]
2026-07-21 17:24:48.919 W HEAD-75323ba [ NvrCore] signal_handler.cpp:109 BackTracePublisher : /mnt/app/NvrCore(+0x286020) [0x5588216020]
2026-07-21 17:24:48.919 W HEAD-75323ba [ NvrCore] signal_handler.cpp:109 BackTracePublisher : /mnt/app/NvrCore(+0x27a008) [0x558820a008]
2026-07-21 17:24:48.919 W HEAD-75323ba [ NvrCore] signal_handler.cpp:109 BackTracePublisher : /mnt/app/NvrCore(+0x2332a4) [0x55881c32a4]
2026-07-21 17:24:48.919 W HEAD-75323ba [ NvrCore] signal_handler.cpp:109 BackTracePublisher : /lib/aarch64-linux-gnu/libc.so.6(+0x273fc) [0x7fbad873fc]
2026-07-21 17:24:48.919 W HEAD-75323ba [ NvrCore] signal_handler.cpp:109 BackTracePublisher : /lib/aarch64-linux-gnu/libc.so.6(__libc_start_main+0x98) [0x7fbad874cc]
2026-07-21 17:24:48.919 W HEAD-75323ba [ NvrCore] signal_handler.cpp:109 BackTracePublisher : /mnt/app/NvrCore(+0x22c930) [0x55881bc930]
2026-07-21 17:24:48.920 W HEAD-75323ba [ NvrCore] signal_handler.cpp:74 SignalHandler : Signal Trigged: SIGTERM
2026-07-21 17:24:48.920 W HEAD-75323ba [ NvrCore] MediaProc.cpp:225 operator() : Stopping all channels due to signal activity!
2026-07-21 17:24:48.920 I HEAD-75323ba [ NvrCore] MediaProc.cpp:788 rtcStopVideoByAllScreens : Stopping all channes on all screens!
2026-07-21 17:24:48.920 W HEAD-75323ba [ NvrCore] GuiApi.cpp:27 operator() : Quit from gui work process due to signal: 15
2026-07-21 17:24:48.920 W HEAD-75323ba [ NvrCore] main.cpp:796 operator() : Quit from main process periodic tasks due to signal: 15
2026-07-21 17:24:48.926 I HEAD-75323ba [ NvrCore] eventmanager.cpp:105 EventLoop : EventLoop thread exited!
2026-07-21 17:24:49.486 W HEAD-75323ba [ NvrCore] signal_handler.cpp:106 BackTracePublisher : Backtrace dump triggered by signal: SIGINT
2026-07-21 17:24:49.486 W HEAD-75323ba [ NvrCore] signal_handler.cpp:109 BackTracePublisher : /mnt/app/NvrCore(+0x61c28c) [0x55885ac28c]
2026-07-21 17:24:49.486 W HEAD-75323ba [ NvrCore] signal_handler.cpp:109 BackTracePublisher : /mnt/app/NvrCore(+0x61cb9c) [0x55885acb9c]
2026-07-21 17:24:49.486 W HEAD-75323ba [ NvrCore] signal_handler.cpp:109 BackTracePublisher : /mnt/app/NvrCore(+0x61d008) [0x55885ad008]
2026-07-21 17:24:49.486 W HEAD-75323ba [ NvrCore] signal_handler.cpp:109 BackTracePublisher : linux-vdso.so.1(__kernel_rt_sigreturn+0) [0x7fbf5d1780]
2026-07-21 17:24:49.486 W HEAD-75323ba [ NvrCore] signal_handler.cpp:109 BackTracePublisher : /lib/aarch64-linux-gnu/libc.so.6(ppoll+0xc0) [0x7fbae3bf50]
2026-07-21 17:24:49.486 W HEAD-75323ba [ NvrCore] signal_handler.cpp:109 BackTracePublisher : /mnt/qt515/lib/libQt5Core.so.5(_Z12qt_safe_pollP6pollfdmPK8timespec+0x70) [0x7fbd57e244]
2026-07-21 17:24:49.486 W HEAD-75323ba [ NvrCore] signal_handler.cpp:109 BackTracePublisher : /mnt/qt515/lib/libQt5Core.so.5(_ZN20QEventDispatcherUNIX13processEventsE6QFlagsIN10QEventLoop17ProcessEventsFlagEE+0x264) [0x7fbd57fc24]
2026-07-21 17:24:49.486 W HEAD-75323ba [ NvrCore] signal_handler.cpp:109 BackTracePublisher : /mnt/qt515/plugins/platforms/libqlinuxfb.so(+0x28144) [0x7fb86a8144]
2026-07-21 17:24:49.486 W HEAD-75323ba [ NvrCore] signal_handler.cpp:109 BackTracePublisher : /mnt/qt515/lib/libQt5Core.so.5(_ZN10QEventLoop4execE6QFlagsINS_17ProcessEventsFlagEE+0x124) [0x7fbd525988]
2026-07-21 17:24:49.486 W HEAD-75323ba [ NvrCore] signal_handler.cpp:109 BackTracePublisher : /mnt/qt515/lib/libQt5Core.so.5(_ZN16QCoreApplication4execEv+0x88) [0x7fbd52e258]
2026-07-21 17:24:49.486 W HEAD-75323ba [ NvrCore] signal_handler.cpp:109 BackTracePublisher : /mnt/app/NvrCore(+0x27a00c) [0x558820a00c]
2026-07-21 17:24:49.486 W HEAD-75323ba [ NvrCore] signal_handler.cpp:109 BackTracePublisher : /mnt/app/NvrCore(+0x2332a4) [0x55881c32a4]
2026-07-21 17:24:49.486 W HEAD-75323ba [ NvrCore] signal_handler.cpp:109 BackTracePublisher : /lib/aarch64-linux-gnu/libc.so.6(+0x273fc) [0x7fbad873fc]
2026-07-21 17:24:49.486 W HEAD-75323ba [ NvrCore] signal_handler.cpp:109 BackTracePublisher : /lib/aarch64-linux-gnu/libc.so.6(__libc_start_main+0x98) [0x7fbad874cc]
2026-07-21 17:24:49.486 W HEAD-75323ba [ NvrCore] signal_handler.cpp:109 BackTracePublisher : /mnt/app/NvrCore(+0x22c930) [0x55881bc930]
2026-07-21 17:24:49.486 W HEAD-75323ba [ NvrCore] signal_handler.cpp:74 SignalHandler : Signal Trigged: SIGINT
2026-07-21 17:24:49.486 W HEAD-75323ba [ NvrCore] MediaProc.cpp:225 operator() : Stopping all channels due to signal activity!
2026-07-21 17:24:49.486 I HEAD-75323ba [ NvrCore] MediaProc.cpp:788 rtcStopVideoByAllScreens : Stopping all channes on all screens!
2026-07-21 17:24:49.487 W HEAD-75323ba [ NvrCore] GuiApi.cpp:27 operator() : Quit from gui work process due to signal: 2
2026-07-21 17:24:49.487 W HEAD-75323ba [ NvrCore] main.cpp:796 operator() : Quit from main process periodic tasks due to signal: 2
2026-07-21 17:24:49.691 W HEAD-75323ba [ event poller 1] EventPoller.cpp:511 getMinDelay : Total 6 delay tasks found, we will flush them
2026-07-21 17:24:49.791 I HEAD-75323ba [ NvrCore] main.cpp:923 main : Exit the nvr work process success..
2026-07-21 17:24:49.791 I HEAD-75323ba [ NvrCore] UdpServer.cpp:26 ~UdpServer : close udp server 0.0.0.0:10000
2026-07-21 17:24:49.791 I HEAD-75323ba [ NvrCore] EventPoller.cpp:228 async_l : Epoll Async Task Size : 1
2026-07-21 17:24:49.791 I HEAD-75323ba [ NvrCore] TcpServer.cpp:28 ~TcpServer : close tcp server 0.0.0.0:80
2026-07-21 17:24:49.791 I HEAD-75323ba [ NvrCore] TcpServer.cpp:28 ~TcpServer : close tcp server 0.0.0.0:554
2026-07-21 17:24:49.807 I HEAD-75323ba [ NvrCore] EventPoller.cpp:96 ~EventPoller : 0x7f68000da0
